1
3
2
4
5
7
6
8
0
9
22020
22019
10
12
11
13
14
16
15
17
18
22024
22023
19
21
20
22
23
25
24
26
27
22028
22027
28
30
29
31
32
34
33
35
36
22032
22031
37
39
38
40
41
43
42
44
45
22036
22035
46
48
47
49
50
52
51
53
54
22040
22039
55
57
56
58
59
61
60
62
63
22044
22043
64
66
65
67
68
70
69
71
72
22048
22047
73
75
74
76
77
79
78
80
81
22052
22051
82
84
83
85
86
88
87
89
90
22056
22055
91
93
92
94
95
97
96
98
99
22060
22059
100
102
101
103
104
106
105
107
108
22064
22063
109
111
110
112
113
115
114
116
117
22068
22067
118
120
119
121
122
124
123
125
126
22072
22071
127
129
128
130
131
133
132
134
135
22076
22075
136
138
137
139
140
142
141
143
144
22080
22079
145
22016
30976
147
148
149
151
150
152
146
153
22084
22083
30978
154
155
156
158
157
159
160
22087
22086
30980
161
162
163
165
164
166
167
22090
22089
30982
168
169
170
172
171
173
174
22093
22092
30984
175
176
177
179
178
180
181
22096
22095
30986
182
183
184
186
185
187
188
22099
22098
30988
189
190
191
193
192
194
195
22102
22101
30990
196
197
198
200
199
201
202
22105
22104
30992
203
204
205
207
206
208
209
22108
22107
30994
210
211
212
214
213
215
216
22111
22110
30996
217
218
219
221
220
222
223
22114
22113
30998
224
225
226
228
227
229
230
22117
22116
31000
231
232
233
235
234
236
237
22120
22119
31002
238
239
240
242
241
243
244
22123
22122
31004
245
246
247
249
248
250
251
22126
22125
31006
252
253
254
256
255
257
258
22129
22128
259
22081
31008
261
262
263
265
264
266
260
267
22133
22132
31010
268
269
270
272
271
273
274
22136
22135
31012
275
276
277
279
278
280
281
22139
22138
31014
282
283
284
286
285
287
288
22142
22141
31016
289
290
291
293
292
294
295
22145
22144
31018
296
297
298
300
299
301
302
22148
22147
31020
303
304
305
307
306
308
309
22151
22150
31022
310
311
312
314
313
315
316
22154
22153
31024
317
318
319
321
320
322
323
22157
22156
31026
324
325
326
328
327
329
330
22160
22159
31028
331
332
333
335
334
336
337
22163
22162
31030
338
339
340
342
341
343
344
22166
22165
31032
345
346
347
349
348
350
351
22169
22168
31034
352
353
354
356
355
357
358
22172
22171
31036
359
360
361
363
362
364
365
22175
22174
31038
366
367
368
370
369
371
372
22178
22177
373
22130
31040
375
376
377
379
378
380
374
381
22182
22181
31042
382
383
384
386
385
387
388
22185
22184
31044
389
390
391
393
392
394
395
22188
22187
31046
396
397
398
400
399
401
402
22191
22190
31048
403
404
405
407
406
408
409
22194
22193
31050
410
411
412
414
413
415
416
22197
22196
31052
417
418
419
421
420
422
423
22200
22199
31054
424
425
426
428
427
429
430
22203
22202
31056
431
432
433
435
434
436
437
22206
22205
31058
438
439
440
442
441
443
444
22209
22208
31060
445
446
447
449
448
450
451
22212
22211
31062
452
453
454
456
455
457
458
22215
22214
31064
459
460
461
463
462
464
465
22218
22217
31066
466
467
468
470
469
471
472
22221
22220
31068
473
474
475
477
476
478
479
22224
22223
31070
480
481
482
484
483
485
486
22227
22226
487
22179
31072
489
490
491
493
492
494
488
495
22231
22230
31074
496
497
498
500
499
501
502
22234
22233
31076
503
504
505
507
506
508
509
22237
22236
31078
510
511
512
514
513
515
516
22240
22239
31080
517
518
519
521
520
522
523
22243
22242
31082
524
525
526
528
527
529
530
22246
22245
31084
531
532
533
535
534
536
537
22249
22248
31086
538
539
540
542
541
543
544
22252
22251
31088
545
546
547
549
548
550
551
22255
22254
31090
552
553
554
556
555
557
558
22258
22257
31092
559
560
561
563
562
564
565
22261
22260
31094
566
567
568
570
569
571
572
22264
22263
31096
573
574
575
577
576
578
579
22267
22266
31098
580
581
582
584
583
585
586
22270
22269
31100
587
588
589
591
590
592
593
22273
22272
31102
594
595
596
598
597
599
600
22276
22275
601
22228
31104
603
604
605
607
606
608
602
609
22280
22279
31106
610
611
612
614
613
615
616
22283
22282
31108
617
618
619
621
620
622
623
22286
22285
31110
624
625
626
628
627
629
630
22289
22288
31112
631
632
633
635
634
636
637
22292
22291
31114
638
639
640
642
641
643
644
22295
22294
31116
645
646
647
649
648
650
651
22298
22297
31118
652
653
654
656
655
657
658
22301
22300
31120
659
660
661
663
662
664
665
22304
22303
31122
666
667
668
670
669
671
672
22307
22306
31124
673
674
675
677
676
678
679
22310
22309
31126
680
681
682
684
683
685
686
22313
22312
31128
687
688
689
691
690
692
693
22316
22315
31130
694
695
696
698
697
699
700
22319
22318
31132
701
702
703
705
704
706
707
22322
22321
31134
708
709
710
712
711
713
714
22325
22324
715
22277
31136
717
718
719
721
720
722
716
723
22329
22328
31138
724
725
726
728
727
729
730
22332
22331
31140
731
732
733
735
734
736
737
22335
22334
31142
738
739
740
742
741
743
744
22338
22337
31144
745
746
747
749
748
750
751
22341
22340
31146
752
753
754
756
755
757
758
22344
22343
31148
759
760
761
763
762
764
765
22347
22346
31150
766
767
768
770
769
771
772
22350
22349
31152
773
774
775
777
776
778
779
22353
22352
31154
780
781
782
784
783
785
786
22356
22355
31156
787
788
789
791
790
792
793
22359
22358
31158
794
795
796
798
797
799
800
22362
22361
31160
801
802
803
805
804
806
807
22365
22364
31162
808
809
810
812
811
813
814
22368
22367
31164
815
816
817
819
818
820
821
22371
22370
31166
822
823
824
826
825
827
828
22374
22373
829
22326
31168
831
832
833
835
834
836
830
837
22378
22377
31170
838
839
840
842
841
843
844
22381
22380
31172
845
846
847
849
848
850
851
22384
22383
31174
852
853
854
856
855
857
858
22387
22386
31176
859
860
861
863
862
864
865
22390
22389
31178
866
867
868
870
869
871
872
22393
22392
31180
873
874
875
877
876
878
879
22396
22395
31182
880
881
882
884
883
885
886
22399
22398
31184
887
888
889
891
890
892
893
22402
22401
31186
894
895
896
898
897
899
900
22405
22404
31188
901
902
903
905
904
906
907
22408
22407
31190
908
909
910
912
911
913
914
22411
22410
31192
915
916
917
919
918
920
921
22414
22413
31194
922
923
924
926
925
927
928
22417
22416
31196
929
930
931
933
932
934
935
22420
22419
31198
936
937
938
940
939
941
942
22423
22422
943
22375
31200
945
946
947
949
948
950
944
951
22427
22426
31202
952
953
954
956
955
957
958
22430
22429
31204
959
960
961
963
962
964
965
22433
22432
31206
966
967
968
970
969
971
972
22436
22435
31208
973
974
975
977
976
978
979
22439
22438
31210
980
981
982
984
983
985
986
22442
22441
31212
987
988
989
991
990
992
993
22445
22444
31214
994
995
996
998
997
999
1000
22448
22447
31216
1001
1002
1003
1005
1004
1006
1007
22451
22450
31218
1008
1009
1010
1012
1011
1013
1014
22454
22453
31220
1015
1016
1017
1019
1018
1020
1021
22457
22456
31222
1022
1023
1024
1026
1025
1027
1028
22460
22459
31224
1029
1030
1031
1033
1032
1034
1035
22463
22462
31226
1036
1037
1038
1040
1039
1041
1042
22466
22465
31228
1043
1044
1045
1047
1046
1048
1049
22469
22468
31230
1050
1051
1052
1054
1053
1055
1056
22472
22471
1057
22424
31232
1059
1060
1061
1063
1062
1064
1058
1065
22476
22475
31234
1066
1067
1068
1070
1069
1071
1072
22479
22478
31236
1073
1074
1075
1077
1076
1078
1079
22482
22481
31238
1080
1081
1082
1084
1083
1085
1086
22485
22484
31240
1087
1088
1089
1091
1090
1092
1093
22488
22487
31242
1094
1095
1096
1098
1097
1099
1100
22491
22490
31244
1101
1102
1103
1105
1104
1106
1107
22494
22493
31246
1108
1109
1110
1112
1111
1113
1114
22497
22496
31248
1115
1116
1117
1119
1118
1120
1121
22500
22499
31250
1122
1123
1124
1126
1125
1127
1128
22503
22502
31252
1129
1130
1131
1133
1132
1134
1135
22506
22505
31254
1136
1137
1138
1140
1139
1141
1142
22509
22508
31256
1143
1144
1145
1147
1146
1148
1149
22512
22511
31258
1150
1151
1152
1154
1153
1155
1156
22515
22514
31260
1157
1158
1159
1161
1160
1162
1163
22518
22517
31262
1164
1165
1166
1168
1167
1169
1170
22521
22520
1171
22473
31264
1173
1174
1175
1177
1176
1178
1172
1179
22525
22524
31266
1180
1181
1182
1184
1183
1185
1186
22528
22527
31268
1187
1188
1189
1191
1190
1192
1193
22531
22530
31270
1194
1195
1196
1198
1197
1199
1200
22534
22533
31272
1201
1202
1203
1205
1204
1206
1207
22537
22536
31274
1208
1209
1210
1212
1211
1213
1214
22540
22539
31276
1215
1216
1217
1219
1218
1220
1221
22543
22542
31278
1222
1223
1224
1226
1225
1227
1228
22546
22545
31280
1229
1230
1231
1233
1232
1234
1235
22549
22548
31282
1236
1237
1238
1240
1239
1241
1242
22552
22551
31284
1243
1244
1245
1247
1246
1248
1249
22555
22554
31286
1250
1251
1252
1254
1253
1255
1256
22558
22557
31288
1257
1258
1259
1261
1260
1262
1263
22561
22560
31290
1264
1265
1266
1268
1267
1269
1270
22564
22563
31292
1271
1272
1273
1275
1274
1276
1277
22567
22566
31294
1278
1279
1280
1282
1281
1283
1284
22570
22569
1285
22522
31296
1287
1288
1289
1291
1290
1292
1286
1293
22574
22573
31298
1294
1295
1296
1298
1297
1299
1300
22577
22576
31300
1301
1302
1303
1305
1304
1306
1307
22580
22579
31302
1308
1309
1310
1312
1311
1313
1314
22583
22582
31304
1315
1316
1317
1319
1318
1320
1321
22586
22585
31306
1322
1323
1324
1326
1325
1327
1328
22589
22588
31308
1329
1330
1331
1333
1332
1334
1335
22592
22591
31310
1336
1337
1338
1340
1339
1341
1342
22595
22594
31312
1343
1344
1345
1347
1346
1348
1349
22598
22597
31314
1350
1351
1352
1354
1353
1355
1356
22601
22600
31316
1357
1358
1359
1361
1360
1362
1363
22604
22603
31318
1364
1365
1366
1368
1367
1369
1370
22607
22606
31320
1371
1372
1373
1375
1374
1376
1377
22610
22609
31322
1378
1379
1380
1382
1381
1383
1384
22613
22612
31324
1385
1386
1387
1389
1388
1390
1391
22616
22615
31326
1392
1393
1394
1396
1395
1397
1398
22619
22618
1399
22571
31328
1401
1402
1403
1405
1404
1406
1400
1407
22623
22622
31330
1408
1409
1410
1412
1411
1413
1414
22626
22625
31332
1415
1416
1417
1419
1418
1420
1421
22629
22628
31334
1422
1423
1424
1426
1425
1427
1428
22632
22631
31336
1429
1430
1431
1433
1432
1434
1435
22635
22634
31338
1436
1437
1438
1440
1439
1441
1442
22638
22637
31340
1443
1444
1445
1447
1446
1448
1449
22641
22640
31342
1450
1451
1452
1454
1453
1455
1456
22644
22643
31344
1457
1458
1459
1461
1460
1462
1463
22647
22646
31346
1464
1465
1466
1468
1467
1469
1470
22650
22649
31348
1471
1472
1473
1475
1474
1476
1477
22653
22652
31350
1478
1479
1480
1482
1481
1483
1484
22656
22655
31352
1485
1486
1487
1489
1488
1490
1491
22659
22658
31354
1492
1493
1494
1496
1495
1497
1498
22662
22661
31356
1499
1500
1501
1503
1502
1504
1505
22665
22664
31358
1506
1507
1508
1510
1509
1511
1512
22668
22667
1513
22620
31360
1515
1516
1517
1519
1518
1520
1514
1521
22672
22671
31362
1522
1523
1524
1526
1525
1527
1528
22675
22674
31364
1529
1530
1531
1533
1532
1534
1535
22678
22677
31366
1536
1537
1538
1540
1539
1541
1542
22681
22680
31368
1543
1544
1545
1547
1546
1548
1549
22684
22683
31370
1550
1551
1552
1554
1553
1555
1556
22687
22686
31372
1557
1558
1559
1561
1560
1562
1563
22690
22689
31374
1564
1565
1566
1568
1567
1569
1570
22693
22692
31376
1571
1572
1573
1575
1574
1576
1577
22696
22695
31378
1578
1579
1580
1582
1581
1583
1584
22699
22698
31380
1585
1586
1587
1589
1588
1590
1591
22702
22701
31382
1592
1593
1594
1596
1595
1597
1598
22705
22704
31384
1599
1600
1601
1603
1602
1604
1605
22708
22707
31386
1606
1607
1608
1610
1609
1611
1612
22711
22710
31388
1613
1614
1615
1617
1616
1618
1619
22714
22713
31390
1620
1621
1622
1624
1623
1625
1626
22717
22716
1627
22669
31392
1629
1630
1631
1633
1632
1634
1628
1635
22721
22720
31394
1636
1637
1638
1640
1639
1641
1642
22724
22723
31396
1643
1644
1645
1647
1646
1648
1649
22727
22726
31398
1650
1651
1652
1654
1653
1655
1656
22730
22729
31400
1657
1658
1659
1661
1660
1662
1663
22733
22732
31402
1664
1665
1666
1668
1667
1669
1670
22736
22735
31404
1671
1672
1673
1675
1674
1676
1677
22739
22738
31406
1678
1679
1680
1682
1681
1683
1684
22742
22741
31408
1685
1686
1687
1689
1688
1690
1691
22745
22744
31410
1692
1693
1694
1696
1695
1697
1698
22748
22747
31412
1699
1700
1701
1703
1702
1704
1705
22751
22750
31414
1706
1707
1708
1710
1709
1711
1712
22754
22753
31416
1713
1714
1715
1717
1716
1718
1719
22757
22756
31418
1720
1721
1722
1724
1723
1725
1726
22760
22759
31420
1727
1728
1729
1731
1730
1732
1733
22763
22762
31422
1734
1735
1736
1738
1737
1739
1740
22766
22765
1741
22718
31424
1743
1744
1745
1747
22017
1746
1748
1742
1749
22770
22769
1750
1751
1752
1754
22021
1753
1755
1756
22773
22772
1757
1758
1759
1761
22025
1760
1762
1763
22776
22775
1764
1765
1766
1768
22029
1767
1769
1770
22779
22778
1771
1772
1773
1775
22033
1774
1776
1777
22782
22781
1778
1779
1780
1782
22037
1781
1783
1784
22785
22784
1785
1786
1787
1789
22041
1788
1790
1791
22788
22787
1792
1793
1794
1796
22045
1795
1797
1798
22791
22790
1799
1800
1801
1803
22049
1802
1804
1805
22794
22793
1806
1807
1808
1810
22053
1809
1811
1812
22797
22796
1813
1814
1815
1817
22057
1816
1818
1819
22800
22799
1820
1821
1822
1824
22061
1823
1825
1826
22803
22802
1827
1828
1829
1831
22065
1830
1832
1833
22806
22805
1834
1835
1836
1838
22069
1837
1839
1840
22809
22808
1841
1842
1843
1845
22073
1844
1846
1847
22812
22811
1848
1849
1850
1852
22077
1851
1853
1854
22815
22814
1855
22767
1857
1858
1859
1861
1860
1862
1856
1863
22819
22818
31426
1864
1865
1866
1868
1867
1869
1870
22822
22821
31428
1871
1872
1873
1875
1874
1876
1877
22825
22824
31430
1878
1879
1880
1882
1881
1883
1884
22828
22827
31432
1885
1886
1887
1889
1888
1890
1891
22831
22830
31434
1892
1893
1894
1896
1895
1897
1898
22834
22833
31436
1899
1900
1901
1903
1902
1904
1905
22837
22836
31438
1906
1907
1908
1910
1909
1911
1912
22840
22839
31440
1913
1914
1915
1917
1916
1918
1919
22843
22842
31442
1920
1921
1922
1924
1923
1925
1926
22846
22845
31444
1927
1928
1929
1931
1930
1932
1933
22849
22848
31446
1934
1935
1936
1938
1937
1939
1940
22852
22851
31448
1941
1942
1943
1945
1944
1946
1947
22855
22854
31450
1948
1949
1950
1952
1951
1953
1954
22858
22857
31452
1955
1956
1957
1959
1958
1960
1961
22861
22860
31454
1962
1963
1964
1966
1965
31456
30977
1967
1968
22864
22863
1969
22816
1971
1973
1972
31458
30979
1974
1970
1975
22867
22866
1976
1978
1977
31460
30981
1979
1980
22869
22868
1981
1983
1982
31462
30983
1984
1985
22871
22870
1986
1988
1987
31464
30985
1989
1990
22873
22872
1991
1993
1992
31466
30987
1994
1995
22875
22874
1996
1998
1997
31468
30989
1999
2000
22877
22876
2001
2003
2002
31470
30991
2004
2005
22879
22878
2006
2008
2007
31472
30993
2009
2010
22881
22880
2011
2013
2012
31474
30995
2014
2015
22883
22882
2016
2018
2017
31476
30997
2019
2020
22885
22884
2021
2023
2022
31478
30999
2024
2025
22887
22886
2026
2028
2027
31480
31001
2029
2030
22889
22888
2031
2033
2032
31482
31003
2034
2035
22891
22890
2036
2038
2037
31484
31005
2039
2040
22893
22892
2041
2043
2042
31486
31007
2044
2045
22895
22894
2046
2048
2047
31488
31009
2049
2050
22897
22896
2051
22865
2053
2055
2054
31490
31011
2056
2052
2057
22900
22899
2058
2060
2059
31492
31013
2061
2062
22902
22901
2063
2065
2064
31494
31015
2066
2067
22904
22903
2068
2070
2069
31496
31017
2071
2072
22906
22905
2073
2075
2074
31498
31019
2076
2077
22908
22907
2078
2080
2079
31500
31021
2081
2082
22910
22909
2083
2085
2084
31502
31023
2086
2087
22912
22911
2088
2090
2089
31504
31025
2091
2092
22914
22913
2093
2095
2094
31506
31027
2096
2097
22916
22915
2098
2100
2099
31508
31029
2101
2102
22918
22917
2103
2105
2104
31510
31031
2106
2107
22920
22919
2108
2110
2109
31512
31033
2111
2112
22922
22921
2113
2115
2114
31514
31035
2116
2117
22924
22923
2118
2120
2119
31516
31037
2121
2122
22926
22925
2123
2125
2124
31518
31039
2126
2127
22928
22927
2128
2130
2129
31520
31041
2131
2132
22930
22929
2133
22898
2135
2137
2136
31522
31043
2138
2134
2139
22933
22932
2140
2142
2141
31524
31045
2143
2144
22935
22934
2145
2147
2146
31526
31047
2148
2149
22937
22936
2150
2152
2151
31528
31049
2153
2154
22939
22938
2155
2157
2156
31530
31051
2158
2159
22941
22940
2160
2162
2161
31532
31053
2163
2164
22943
22942
2165
2167
2166
31534
31055
2168
2169
22945
22944
2170
2172
2171
31536
31057
2173
2174
22947
22946
2175
2177
2176
31538
31059
2178
2179
22949
22948
2180
2182
2181
31540
31061
2183
2184
22951
22950
2185
2187
2186
31542
31063
2188
2189
22953
22952
2190
2192
2191
31544
31065
2193
2194
22955
22954
2195
2197
2196
31546
31067
2198
2199
22957
22956
2200
2202
2201
31548
31069
2203
2204
22959
22958
2205
2207
2206
31550
31071
2208
2209
22961
22960
2210
2212
2211
31552
31073
2213
2214
22963
22962
2215
22931
2217
2219
2218
31554
31075
2220
2216
2221
22966
22965
2222
2224
2223
31556
31077
2225
2226
22968
22967
2227
2229
2228
31558
31079
2230
2231
22970
22969
2232
2234
2233
31560
31081
2235
2236
22972
22971
2237
2239
2238
31562
31083
2240
2241
22974
22973
2242
2244
2243
31564
31085
2245
2246
22976
22975
2247
2249
2248
31566
31087
2250
2251
22978
22977
2252
2254
2253
31568
31089
2255
2256
22980
22979
2257
2259
2258
31570
31091
2260
2261
22982
22981
2262
2264
2263
31572
31093
2265
2266
22984
22983
2267
2269
2268
31574
31095
2270
2271
22986
22985
2272
2274
2273
31576
31097
2275
2276
22988
22987
2277
2279
2278
31578
31099
2280
2281
22990
22989
2282
2284
2283
31580
31101
2285
2286
22992
22991
2287
2289
2288
31582
31103
2290
2291
22994
22993
2292
2294
2293
31584
31105
2295
2296
22996
22995
2297
22964
2299
2301
2300
31586
31107
2302
2298
2303
22999
22998
2304
2306
2305
31588
31109
2307
2308
23001
23000
2309
2311
2310
31590
31111
2312
2313
23003
23002
2314
2316
2315
31592
31113
2317
2318
23005
23004
2319
2321
2320
31594
31115
2322
2323
23007
23006
2324
2326
2325
31596
31117
2327
2328
23009
23008
2329
2331
2330
31598
31119
2332
2333
23011
23010
2334
2336
2335
31600
31121
2337
2338
23013
23012
2339
2341
2340
31602
31123
2342
2343
23015
23014
2344
2346
2345
31604
31125
2347
2348
23017
23016
2349
2351
2350
31606
31127
2352
2353
23019
23018
2354
2356
2355
31608
31129
2357
2358
23021
23020
2359
2361
2360
31610
31131
2362
2363
23023
23022
2364
2366
2365
31612
31133
2367
2368
23025
23024
2369
2371
2370
31614
31135
2372
2373
23027
23026
2374
2376
2375
31616
31137
2377
2378
23029
23028
2379
22997
2381
2383
2382
31618
31139
2384
2380
2385
23032
23031
2386
2388
2387
31620
31141
2389
2390
23034
23033
2391
2393
2392
31622
31143
2394
2395
23036
23035
2396
2398
2397
31624
31145
2399
2400
23038
23037
2401
2403
2402
31626
31147
2404
2405
23040
23039
2406
2408
2407
31628
31149
2409
2410
23042
23041
2411
2413
2412
31630
31151
2414
2415
23044
23043
2416
2418
2417
31632
31153
2419
2420
23046
23045
2421
2423
2422
31634
31155
2424
2425
23048
23047
2426
2428
2427
31636
31157
2429
2430
23050
23049
2431
2433
2432
31638
31159
2434
2435
23052
23051
2436
2438
2437
31640
31161
2439
2440
23054
23053
2441
2443
2442
31642
31163
2444
2445
23056
23055
2446
2448
2447
31644
31165
2449
2450
23058
23057
2451
2453
2452
31646
31167
2454
2455
23060
23059
2456
2458
2457
31648
31169
2459
2460
23062
23061
2461
23030
2463
2465
2464
31650
31171
2466
2462
2467
23065
23064
2468
2470
2469
31652
31173
2471
2472
23067
23066
2473
2475
2474
31654
31175
2476
2477
23069
23068
2478
2480
2479
31656
31177
2481
2482
23071
23070
2483
2485
2484
31658
31179
2486
2487
23073
23072
2488
2490
2489
31660
31181
2491
2492
23075
23074
2493
2495
2494
31662
31183
2496
2497
23077
23076
2498
2500
2499
31664
31185
2501
2502
23079
23078
2503
2505
2504
31666
31187
2506
2507
23081
23080
2508
2510
2509
31668
31189
2511
2512
23083
23082
2513
2515
2514
31670
31191
2516
2517
23085
23084
2518
2520
2519
31672
31193
2521
2522
23087
23086
2523
2525
2524
31674
31195
2526
2527
23089
23088
2528
2530
2529
31676
31197
2531
2532
23091
23090
2533
2535
2534
31678
31199
2536
2537
23093
23092
2538
2540
2539
31680
31201
2541
2542
23095
23094
2543
23063
2545
2547
2546
31682
31203
2548
2544
2549
23098
23097
2550
2552
2551
31684
31205
2553
2554
23100
23099
2555
2557
2556
31686
31207
2558
2559
23102
23101
2560
2562
2561
31688
31209
2563
2564
23104
23103
2565
2567
2566
31690
31211
2568
2569
23106
23105
2570
2572
2571
31692
31213
2573
2574
23108
23107
2575
2577
2576
31694
31215
2578
2579
23110
23109
2580
2582
2581
31696
31217
2583
2584
23112
23111
2585
2587
2586
31698
31219
2588
2589
23114
23113
2590
2592
2591
31700
31221
2593
2594
23116
23115
2595
2597
2596
31702
31223
2598
2599
23118
23117
2600
2602
2601
31704
31225
2603
2604
23120
23119
2605
2607
2606
31706
31227
2608
2609
23122
23121
2610
2612
2611
31708
31229
2613
2614
23124
23123
2615
2617
2616
31710
31231
2618
2619
23126
23125
2620
2622
2621
31712
31233
2623
2624
23128
23127
2625
23096
2627
2629
2628
31714
31235
2630
2626
2631
23131
23130
2632
2634
2633
31716
31237
2635
2636
23133
23132
2637
2639
2638
31718
31239
2640
2641
23135
23134
2642
2644
2643
31720
31241
2645
2646
23137
23136
2647
2649
2648
31722
31243
2650
2651
23139
23138
2652
2654
2653
31724
31245
2655
2656
23141
23140
2657
2659
2658
31726
31247
2660
2661
23143
23142
2662
2664
2663
31728
31249
2665
2666
23145
23144
2667
2669
2668
31730
31251
2670
2671
23147
23146
2672
2674
2673
31732
31253
2675
2676
23149
23148
2677
2679
2678
31734
31255
2680
2681
23151
23150
2682
2684
2683
31736
31257
2685
2686
23153
23152
2687
2689
2688
31738
31259
2690
2691
23155
23154
2692
2694
2693
31740
31261
2695
2696
23157
23156
2697
2699
2698
31742
31263
2700
2701
23159
23158
2702
2704
2703
31744
31265
2705
2706
23161
23160
2707
23129
2709
2711
2710
31746
31267
2712
2708
2713
23164
23163
2714
2716
2715
31748
31269
2717
2718
23166
23165
2719
2721
2720
31750
31271
2722
2723
23168
23167
2724
2726
2725
31752
31273
2727
2728
23170
23169
2729
2731
2730
31754
31275
2732
2733
23172
23171
2734
2736
2735
31756
31277
2737
2738
23174
23173
2739
2741
2740
31758
31279
2742
2743
23176
23175
2744
2746
2745
31760
31281
2747
2748
23178
23177
2749
2751
2750
31762
31283
2752
2753
23180
23179
2754
2756
2755
31764
31285
2757
2758
23182
23181
2759
2761
2760
31766
31287
2762
2763
23184
23183
2764
2766
2765
31768
31289
2767
2768
23186
23185
2769
2771
2770
31770
31291
2772
2773
23188
23187
2774
2776
2775
31772
31293
2777
2778
23190
23189
2779
2781
2780
31774
31295
2782
2783
23192
23191
2784
2786
2785
31776
31297
2787
2788
23194
23193
2789
23162
2791
2793
2792
31778
31299
2794
2790
2795
23197
23196
2796
2798
2797
31780
31301
2799
2800
23199
23198
2801
2803
2802
31782
31303
2804
2805
23201
23200
2806
2808
2807
31784
31305
2809
2810
23203
23202
2811
2813
2812
31786
31307
2814
2815
23205
23204
2816
2818
2817
31788
31309
2819
2820
23207
23206
2821
2823
2822
31790
31311
2824
2825
23209
23208
2826
2828
2827
31792
31313
2829
2830
23211
23210
2831
2833
2832
31794
31315
2834
2835
23213
23212
2836
2838
2837
31796
31317
2839
2840
23215
23214
2841
2843
2842
31798
31319
2844
2845
23217
23216
2846
2848
2847
31800
31321
2849
2850
23219
23218
2851
2853
2852
31802
31323
2854
2855
23221
23220
2856
2858
2857
31804
31325
2859
2860
23223
23222
2861
2863
2862
31806
31327
2864
2865
23225
23224
2866
2868
2867
31808
31329
2869
2870
23227
23226
2871
23195
2873
2875
2874
31810
31331
2876
2872
2877
23230
23229
2878
2880
2879
31812
31333
2881
2882
23232
23231
2883
2885
2884
31814
31335
2886
2887
23234
23233
2888
2890
2889
31816
31337
2891
2892
23236
23235
2893
2895
2894
31818
31339
2896
2897
23238
23237
2898
2900
2899
31820
31341
2901
2902
23240
23239
2903
2905
2904
31822
31343
2906
2907
23242
23241
2908
2910
2909
31824
31345
2911
2912
23244
23243
2913
2915
2914
31826
31347
2916
2917
23246
23245
2918
2920
2919
31828
31349
2921
2922
23248
23247
2923
2925
2924
31830
31351
2926
2927
23250
23249
2928
2930
2929
31832
31353
2931
2932
23252
23251
2933
2935
2934
31834
31355
2936
2937
23254
23253
2938
2940
2939
31836
31357
2941
2942
23256
23255
2943
2945
2944
31838
31359
2946
2947
23258
23257
2948
2950
2949
31840
31361
2951
2952
23260
23259
2953
23228
2955
2957
2956
31842
31363
2958
2954
2959
23263
23262
2960
2962
2961
31844
31365
2963
2964
23265
23264
2965
2967
2966
31846
31367
2968
2969
23267
23266
2970
2972
2971
31848
31369
2973
2974
23269
23268
2975
2977
2976
31850
31371
2978
2979
23271
23270
2980
2982
2981
31852
31373
2983
2984
23273
23272
2985
2987
2986
31854
31375
2988
2989
23275
23274
2990
2992
2991
31856
31377
2993
2994
23277
23276
2995
2997
2996
31858
31379
2998
2999
23279
23278
3000
3002
3001
31860
31381
3003
3004
23281
23280
3005
3007
3006
31862
31383
3008
3009
23283
23282
3010
3012
3011
31864
31385
3013
3014
23285
23284
3015
3017
3016
31866
31387
3018
3019
23287
23286
3020
3022
3021
31868
31389
3023
3024
23289
23288
3025
3027
3026
31870
31391
3028
3029
23291
23290
3030
3032
3031
31872
31393
3033
3034
23293
23292
3035
23261
3037
3039
3038
31874
31395
3040
3036
3041
23296
23295
3042
3044
3043
31876
31397
3045
3046
23298
23297
3047
3049
3048
31878
31399
3050
3051
23300
23299
3052
3054
3053
31880
31401
3055
3056
23302
23301
3057
3059
3058
31882
31403
3060
3061
23304
23303
3062
3064
3063
31884
31405
3065
3066
23306
23305
3067
3069
3068
31886
31407
3070
3071
23308
23307
3072
3074
3073
31888
31409
3075
3076
23310
23309
3077
3079
3078
31890
31411
3080
3081
23312
23311
3082
3084
3083
31892
31413
3085
3086
23314
23313
3087
3089
3088
31894
31415
3090
3091
23316
23315
3092
3094
3093
31896
31417
3095
3096
23318
23317
3097
3099
3098
31898
31419
3100
3101
23320
23319
3102
3104
3103
31900
31421
3105
3106
23322
23321
3107
3109
3108
31902
31423
3110
3111
23324
23323
3112
3114
3113
31904
31425
3115
3116
23326
23325
3117
23294
3119
3121
22817
3120
3122
3118
3123
23329
23328
3124
3126
22820
3125
3127
3128
23331
23330
3129
3131
22823
3130
3132
3133
23333
23332
3134
3136
22826
3135
3137
3138
23335
23334
3139
3141
22829
3140
3142
3143
23337
23336
3144
3146
22832
3145
3147
3148
23339
23338
3149
3151
22835
3150
3152
3153
23341
23340
3154
3156
22838
3155
3157
3158
23343
23342
3159
3161
22841
3160
3162
3163
23345
23344
3164
3166
22844
3165
3167
3168
23347
23346
3169
3171
22847
3170
3172
3173
23349
23348
3174
3176
22850
3175
3177
3178
23351
23350
3179
3181
22853
3180
3182
3183
23353
23352
3184
3186
22856
3185
3187
3188
23355
23354
3189
3191
22859
3190
3192
3193
23357
23356
3194
3196
22862
3195
31457
3197
3198
23359
23358
3199
23327
3201
3202
3203
3205
3204
31427
3206
3200
3207
23363
23362
3208
3209
3210
3212
3211
31429
3213
3214
23366
23365
3215
3216
3217
3219
3218
31431
3220
3221
23369
23368
3222
3223
3224
3226
3225
31433
3227
3228
23372
23371
3229
3230
3231
3233
3232
31435
3234
3235
23375
23374
3236
3237
3238
3240
3239
31437
3241
3242
23378
23377
3243
3244
3245
3247
3246
31439
3248
3249
23381
23380
3250
3251
3252
3254
3253
31906
31441
3255
3256
23384
23383
31908
3257
3258
3259
3261
3260
31910
31443
3262
3263
23387
23386
31912
3264
3265
3266
3268
3267
31914
31445
3269
3270
23390
23389
31916
3271
3272
3273
3275
3274
31918
31447
3276
3277
23393
23392
31920
3278
3279
3280
3282
3281
31922
31449
3283
3284
23396
23395
31924
3285
3286
3287
3289
3288
31926
31451
3290
3291
23399
23398
31928
3292
3293
3294
3296
3295
31930
31453
3297
3298
23402
23401
31932
3299
3300
3301
3303
3302
31934
31455
3304
3305
23405
23404
31936
3306
3307
3308
3310
3309
31938
31459
3311
3312
23408
23407
3313
23360
3315
3317
3316
31940
31461
3318
3314
3319
23411
23410
3320
3322
3321
31942
31463
3323
3324
23413
23412
3325
3327
3326
31944
31465
3328
3329
23415
23414
3330
3332
3331
31946
31467
3333
3334
23417
23416
3335
3337
3336
31948
31469
3338
3339
23419
23418
3340
3342
3341
31950
31471
3343
3344
23421
23420
3345
3347
3346
31952
31473
3348
3349
23423
23422
3350
3352
3351
31954
31475
3353
3354
23425
23424
3355
3357
3356
31956
31477
3358
3359
23427
23426
3360
3362
3361
31958
31479
3363
3364
23429
23428
3365
3367
3366
31960
31481
3368
3369
23431
23430
3370
3372
3371
31962
31483
3373
3374
23433
23432
3375
3377
3376
31964
31485
3378
3379
23435
23434
3380
3382
3381
31966
31487
3383
3384
23437
23436
3385
3387
3386
31968
31489
3388
3389
23439
23438
3390
3392
3391
31970
31491
3393
3394
23441
23440
3395
23409
3397
3399
3398
31972
31493
3400
3396
3401
23444
23443
3402
3404
3403
31974
31495
3405
3406
23446
23445
3407
3409
3408
31976
31497
3410
3411
23448
23447
3412
3414
3413
31978
31499
3415
3416
23450
23449
3417
3419
3418
31980
31501
3420
3421
23452
23451
3422
3424
3423
31982
31503
3425
3426
23454
23453
3427
3429
3428
31984
31505
3430
3431
23456
23455
3432
3434
3433
31986
31507
3435
3436
23458
23457
3437
3439
3438
31988
31509
3440
3441
23460
23459
3442
3444
3443
31990
31511
3445
3446
23462
23461
3447
3449
3448
31992
31513
3450
3451
23464
23463
3452
3454
3453
31994
31515
3455
3456
23466
23465
3457
3459
3458
31996
31517
3460
3461
23468
23467
3462
3464
3463
31998
31519
3465
3466
23470
23469
3467
3469
3468
32000
31521
3470
3471
23472
23471
3472
3474
3473
32002
31523
3475
3476
23474
23473
3477
23442
3479
3481
3480
32004
31525
3482
3478
3483
23477
23476
3484
3486
3485
32006
31527
3487
3488
23479
23478
3489
3491
3490
32008
31529
3492
3493
23481
23480
3494
3496
3495
32010
31531
3497
3498
23483
23482
3499
3501
3500
32012
31533
3502
3503
23485
23484
3504
3506
3505
32014
31535
3507
3508
23487
23486
3509
3511
3510
32016
31537
3512
3513
23489
23488
3514
3516
3515
32018
31539
3517
3518
23491
23490
3519
3521
3520
32020
31541
3522
3523
23493
23492
3524
3526
3525
32022
31543
3527
3528
23495
23494
3529
3531
3530
32024
31545
3532
3533
23497
23496
3534
3536
3535
32026
31547
3537
3538
23499
23498
3539
3541
3540
32028
31549
3542
3543
23501
23500
3544
3546
3545
32030
31551
3547
3548
23503
23502
3549
3551
3550
32032
31553
3552
3553
23505
23504
3554
3556
3555
32034
31555
3557
3558
23507
23506
3559
23475
3561
3563
3562
32036
31557
3564
3560
3565
23510
23509
3566
3568
3567
32038
31559
3569
3570
23512
23511
3571
3573
3572
32040
31561
3574
3575
23514
23513
3576
3578
3577
32042
31563
3579
3580
23516
23515
3581
3583
3582
32044
31565
3584
3585
23518
23517
3586
3588
3587
32046
31567
3589
3590
23520
23519
3591
3593
3592
32048
31569
3594
3595
23522
23521
3596
3598
3597
32050
31571
3599
3600
23524
23523
3601
3603
3602
32052
31573
3604
3605
23526
23525
3606
3608
3607
32054
31575
3609
3610
23528
23527
3611
3613
3612
32056
31577
3614
3615
23530
23529
3616
3618
3617
32058
31579
3619
3620
23532
23531
3621
3623
3622
32060
31581
3624
3625
23534
23533
3626
3628
3627
32062
31583
3629
3630
23536
23535
3631
3633
3632
32064
31585
3634
3635
23538
23537
3636
3638
3637
32066
31587
3639
3640
23540
23539
3641
23508
3643
3645
3644
32068
31589
3646
3642
3647
23543
23542
3648
3650
3649
32070
31591
3651
3652
23545
23544
3653
3655
3654
32072
31593
3656
3657
23547
23546
3658
3660
3659
32074
31595
3661
3662
23549
23548
3663
3665
3664
32076
31597
3666
3667
23551
23550
3668
3670
3669
32078
31599
3671
3672
23553
23552
3673
3675
3674
32080
31601
3676
3677
23555
23554
3678
3680
3679
32082
31603
3681
3682
23557
23556
3683
3685
3684
32084
31605
3686
3687
23559
23558
3688
3690
3689
32086
31607
3691
3692
23561
23560
3693
3695
3694
32088
31609
3696
3697
23563
23562
3698
3700
3699
32090
31611
3701
3702
23565
23564
3703
3705
3704
32092
31613
3706
3707
23567
23566
3708
3710
3709
32094
31615
3711
3712
23569
23568
3713
3715
3714
32096
31617
3716
3717
23571
23570
3718
3720
3719
32098
31619
3721
3722
23573
23572
3723
23541
3725
3727
3726
32100
31621
3728
3724
3729
23576
23575
3730
3732
3731
32102
31623
3733
3734
23578
23577
3735
3737
3736
32104
31625
3738
3739
23580
23579
3740
3742
3741
32106
31627
3743
3744
23582
23581
3745
3747
3746
32108
31629
3748
3749
23584
23583
3750
3752
3751
32110
31631
3753
3754
23586
23585
3755
3757
3756
32112
31633
3758
3759
23588
23587
3760
3762
3761
32114
31635
3763
3764
23590
23589
3765
3767
3766
32116
31637
3768
3769
23592
23591
3770
3772
3771
32118
31639
3773
3774
23594
23593
3775
3777
3776
32120
31641
3778
3779
23596
23595
3780
3782
3781
32122
31643
3783
3784
23598
23597
3785
3787
3786
32124
31645
3788
3789
23600
23599
3790
3792
3791
32126
31647
3793
3794
23602
23601
3795
3797
3796
32128
31649
3798
3799
23604
23603
3800
3802
3801
32130
31651
3803
3804
23606
23605
3805
23574
3807
3809
3808
32132
31653
3810
3806
3811
23609
23608
3812
3814
3813
32134
31655
3815
3816
23611
23610
3817
3819
3818
32136
31657
3820
3821
23613
23612
3822
3824
3823
32138
31659
3825
3826
23615
23614
3827
3829
3828
32140
31661
3830
3831
23617
23616
3832
3834
3833
32142
31663
3835
3836
23619
23618
3837
3839
3838
32144
31665
3840
3841
23621
23620
3842
3844
3843
32146
31667
3845
3846
23623
23622
3847
3849
3848
32148
31669
3850
3851
23625
23624
3852
3854
3853
32150
31671
3855
3856
23627
23626
3857
3859
3858
32152
31673
3860
3861
23629
23628
3862
3864
3863
32154
31675
3865
3866
23631
23630
3867
3869
3868
32156
31677
3870
3871
23633
23632
3872
3874
3873
32158
31679
3875
3876
23635
23634
3877
3879
3878
32160
31681
3880
3881
23637
23636
3882
3884
3883
32162
31683
3885
3886
23639
23638
3887
23607
3889
3891
3890
32164
31685
3892
3888
3893
23642
23641
3894
3896
3895
32166
31687
3897
3898
23644
23643
3899
3901
3900
32168
31689
3902
3903
23646
23645
3904
3906
3905
32170
31691
3907
3908
23648
23647
3909
3911
3910
32172
31693
3912
3913
23650
23649
3914
3916
3915
32174
31695
3917
3918
23652
23651
3919
3921
3920
32176
31697
3922
3923
23654
23653
3924
3926
3925
32178
31699
3927
3928
23656
23655
3929
3931
3930
32180
31701
3932
3933
23658
23657
3934
3936
3935
32182
31703
3937
3938
23660
23659
3939
3941
3940
32184
31705
3942
3943
23662
23661
3944
3946
3945
32186
31707
3947
3948
23664
23663
3949
3951
3950
32188
31709
3952
3953
23666
23665
3954
3956
3955
32190
31711
3957
3958
23668
23667
3959
3961
3960
32192
31713
3962
3963
23670
23669
3964
3966
3965
32194
31715
3967
3968
23672
23671
3969
23640
3971
3973
3972
32196
31717
3974
3970
3975
23675
23674
3976
3978
3977
32198
31719
3979
3980
23677
23676
3981
3983
3982
32200
31721
3984
3985
23679
23678
3986
3988
3987
32202
31723
3989
3990
23681
23680
3991
3993
3992
32204
31725
3994
3995
23683
23682
3996
3998
3997
32206
31727
3999
4000
23685
23684
4001
4003
4002
32208
31729
4004
4005
23687
23686
4006
4008
4007
32210
31731
4009
4010
23689
23688
4011
4013
4012
32212
31733
4014
4015
23691
23690
4016
4018
4017
32214
31735
4019
4020
23693
23692
4021
4023
4022
32216
31737
4024
4025
23695
23694
4026
4028
4027
32218
31739
4029
4030
23697
23696
4031
4033
4032
32220
31741
4034
4035
23699
23698
4036
4038
4037
32222
31743
4039
4040
23701
23700
4041
4043
4042
32224
31745
4044
4045
23703
23702
4046
4048
4047
32226
31747
4049
4050
23705
23704
4051
23673
4053
4055
4054
32228
31749
4056
4052
4057
23708
23707
4058
4060
4059
32230
31751
4061
4062
23710
23709
4063
4065
4064
32232
31753
4066
4067
23712
23711
4068
4070
4069
32234
31755
4071
4072
23714
23713
4073
4075
4074
32236
31757
4076
4077
23716
23715
4078
4080
4079
32238
31759
4081
4082
23718
23717
4083
4085
4084
32240
31761
4086
4087
23720
23719
4088
4090
4089
32242
31763
4091
4092
23722
23721
4093
4095
4094
32244
31765
4096
4097
23724
23723
4098
4100
4099
32246
31767
4101
4102
23726
23725
4103
4105
4104
32248
31769
4106
4107
23728
23727
4108
4110
4109
32250
31771
4111
4112
23730
23729
4113
4115
4114
32252
31773
4116
4117
23732
23731
4118
4120
4119
32254
31775
4121
4122
23734
23733
4123
4125
4124
32256
31777
4126
4127
23736
23735
4128
4130
4129
32258
31779
4131
4132
23738
23737
4133
23706
4135
4137
4136
32260
31781
4138
4134
4139
23741
23740
4140
4142
4141
32262
31783
4143
4144
23743
23742
4145
4147
4146
32264
31785
4148
4149
23745
23744
4150
4152
4151
32266
31787
4153
4154
23747
23746
4155
4157
4156
32268
31789
4158
4159
23749
23748
4160
4162
4161
32270
31791
4163
4164
23751
23750
4165
4167
4166
32272
31793
4168
4169
23753
23752
4170
4172
4171
32274
31795
4173
4174
23755
23754
4175
4177
4176
32276
31797
4178
4179
23757
23756
4180
4182
4181
32278
31799
4183
4184
23759
23758
4185
4187
4186
32280
31801
4188
4189
23761
23760
4190
4192
4191
32282
31803
4193
4194
23763
23762
4195
4197
4196
32284
31805
4198
4199
23765
23764
4200
4202
4201
32286
31807
4203
4204
23767
23766
4205
4207
4206
32288
31809
4208
4209
23769
23768
4210
4212
4211
32290
31811
4213
4214
23771
23770
4215
23739
4217
4219
4218
32292
31813
4220
4216
4221
23774
23773
4222
4224
4223
32294
31815
4225
4226
23776
23775
4227
4229
4228
32296
31817
4230
4231
23778
23777
4232
4234
4233
32298
31819
4235
4236
23780
23779
4237
4239
4238
32300
31821
4240
4241
23782
23781
4242
4244
4243
32302
31823
4245
4246
23784
23783
4247
4249
4248
32304
31825
4250
4251
23786
23785
4252
4254
4253
32306
31827
4255
4256
23788
23787
4257
4259
4258
32308
31829
4260
4261
23790
23789
4262
4264
4263
32310
31831
4265
4266
23792
23791
4267
4269
4268
32312
31833
4270
4271
23794
23793
4272
4274
4273
32314
31835
4275
4276
23796
23795
4277
4279
4278
32316
31837
4280
4281
23798
23797
4282
4284
4283
32318
31839
4285
4286
23800
23799
4287
4289
4288
32320
31841
4290
4291
23802
23801
4292
4294
4293
32322
31843
4295
4296
23804
23803
4297
23772
4299
4301
4300
32324
31845
4302
4298
4303
23807
23806
4304
4306
4305
32326
31847
4307
4308
23809
23808
4309
4311
4310
32328
31849
4312
4313
23811
23810
4314
4316
4315
32330
31851
4317
4318
23813
23812
4319
4321
4320
32332
31853
4322
4323
23815
23814
4324
4326
4325
32334
31855
4327
4328
23817
23816
4329
4331
4330
32336
31857
4332
4333
23819
23818
4334
4336
4335
32338
31859
4337
4338
23821
23820
4339
4341
4340
32340
31861
4342
4343
23823
23822
4344
4346
4345
32342
31863
4347
4348
23825
23824
4349
4351
4350
32344
31865
4352
4353
23827
23826
4354
4356
4355
32346
31867
4357
4358
23829
23828
4359
4361
4360
32348
31869
4362
4363
23831
23830
4364
4366
4365
32350
31871
4367
4368
23833
23832
4369
4371
4370
32352
31873
4372
4373
23835
23834
4374
4376
4375
32354
31875
4377
4378
23837
23836
4379
23805
4381
4383
4382
32356
31877
4384
4380
4385
23840
23839
4386
4388
4387
32358
31879
4389
4390
23842
23841
4391
4393
4392
32360
31881
4394
4395
23844
23843
4396
4398
4397
32362
31883
4399
4400
23846
23845
4401
4403
4402
32364
31885
4404
4405
23848
23847
4406
4408
4407
32366
31887
4409
4410
23850
23849
4411
4413
4412
32368
31889
4414
4415
23852
23851
4416
4418
4417
32370
31891
4419
4420
23854
23853
4421
4423
4422
32372
31893
4424
4425
23856
23855
4426
4428
4427
32374
31895
4429
4430
23858
23857
4431
4433
4432
32376
31897
4434
4435
23860
23859
4436
4438
4437
32378
31899
4439
4440
23862
23861
4441
4443
4442
32380
31901
4444
4445
23864
23863
4446
4448
4447
32382
31903
4449
4450
23866
23865
4451
4453
4452
32384
31905
4454
4455
23868
23867
4456
4458
4457
4459
4460
23870
23869
4461
23838
4463
4465
23361
4464
4466
4462
4467
23873
23872
4468
4470
23364
4469
4471
4472
23875
23874
4473
4475
23367
4474
4476
4477
23877
23876
4478
4480
23370
4479
4481
4482
23879
23878
4483
4485
23373
4484
4486
4487
23881
23880
4488
4490
23376
4489
4491
4492
23883
23882
4493
4495
23379
4494
4496
4497
23885
23884
4498
4500
23382
4499
4501
4502
23887
23886
4503
4505
23385
4504
4506
4507
23889
23888
4508
4510
23388
4509
4511
4512
23891
23890
4513
4515
23391
4514
4516
4517
23893
23892
4518
4520
23394
4519
4521
4522
23895
23894
4523
4525
23397
4524
4526
4527
23897
23896
4528
4530
23400
4529
4531
4532
23899
23898
4533
4535
23403
4534
31939
4536
4537
23901
23900
4538
4540
23406
4539
31935
4541
4542
23903
23902
4543
23871
4545
4546
4547
4549
4548
31931
4550
4544
4551
23907
23906
4552
4553
4554
4556
4555
31927
4557
4558
23910
23909
4559
4560
4561
4563
4562
31923
4564
4565
23913
23912
4566
4567
4568
4570
4569
31919
4571
4572
23916
23915
4573
4574
4575
4577
4576
31915
4578
4579
23919
23918
4580
4581
4582
4584
4583
31911
4585
4586
23922
23921
4587
4588
4589
4591
4590
31907
4592
4593
23925
23924
32386
4594
4595
4596
4598
4597
32388
31909
4599
4600
23928
23927
32390
4601
4602
4603
4605
4604
32392
31913
4606
4607
23931
23930
32394
4608
4609
4610
4612
4611
32396
31917
4613
4614
23934
23933
32398
4615
4616
4617
4619
4618
32400
31921
4620
4621
23937
23936
32402
4622
4623
4624
4626
4625
32404
31925
4627
4628
23940
23939
32406
4629
4630
4631
4633
4632
32408
31929
4634
4635
23943
23942
32410
4636
4637
4638
4640
4639
32412
31933
4641
4642
23946
23945
32414
4643
4644
4645
4647
4646
32416
31937
4648
4649
23949
23948
32418
4650
4651
4652
4654
4653
32420
31941
4655
4656
23952
23951
4657
23904
4659
4661
4660
32422
31943
4662
4658
4663
23955
23954
4664
4666
4665
32424
31945
4667
4668
23957
23956
4669
4671
4670
32426
31947
4672
4673
23959
23958
4674
4676
4675
32428
31949
4677
4678
23961
23960
4679
4681
4680
32430
31951
4682
4683
23963
23962
4684
4686
4685
32432
31953
4687
4688
23965
23964
4689
4691
4690
32434
31955
4692
4693
23967
23966
4694
4696
4695
32436
31957
4697
4698
23969
23968
4699
4701
4700
32438
31959
4702
4703
23971
23970
4704
4706
4705
32440
31961
4707
4708
23973
23972
4709
4711
4710
32442
31963
4712
4713
23975
23974
4714
4716
4715
32444
31965
4717
4718
23977
23976
4719
4721
4720
32446
31967
4722
4723
23979
23978
4724
4726
4725
32448
31969
4727
4728
23981
23980
4729
4731
4730
32450
31971
4732
4733
23983
23982
4734
4736
4735
32452
31973
4737
4738
23985
23984
4739
23953
4741
4743
4742
32454
31975
4744
4740
4745
23988
23987
4746
4748
4747
32456
31977
4749
4750
23990
23989
4751
4753
4752
32458
31979
4754
4755
23992
23991
4756
4758
4757
32460
31981
4759
4760
23994
23993
4761
4763
4762
32462
31983
4764
4765
23996
23995
4766
4768
4767
32464
31985
4769
4770
23998
23997
4771
4773
4772
32466
31987
4774
4775
24000
23999
4776
4778
4777
32468
31989
4779
4780
24002
24001
4781
4783
4782
32470
31991
4784
4785
24004
24003
4786
4788
4787
32472
31993
4789
4790
24006
24005
4791
4793
4792
32474
31995
4794
4795
24008
24007
4796
4798
4797
32476
31997
4799
4800
24010
24009
4801
4803
4802
32478
31999
4804
4805
24012
24011
4806
4808
4807
32480
32001
4809
4810
24014
24013
4811
4813
4812
32482
32003
4814
4815
24016
24015
4816
4818
4817
32484
32005
4819
4820
24018
24017
4821
23986
4823
4825
4824
32486
32007
4826
4822
4827
24021
24020
4828
4830
4829
32488
32009
4831
4832
24023
24022
4833
4835
4834
32490
32011
4836
4837
24025
24024
4838
4840
4839
32492
32013
4841
4842
24027
24026
4843
4845
4844
32494
32015
4846
4847
24029
24028
4848
4850
4849
32496
32017
4851
4852
24031
24030
4853
4855
4854
32498
32019
4856
4857
24033
24032
4858
4860
4859
32500
32021
4861
4862
24035
24034
4863
4865
4864
32502
32023
4866
4867
24037
24036
4868
4870
4869
32504
32025
4871
4872
24039
24038
4873
4875
4874
32506
32027
4876
4877
24041
24040
4878
4880
4879
32508
32029
4881
4882
24043
24042
4883
4885
4884
32510
32031
4886
4887
24045
24044
4888
4890
4889
32512
32033
4891
4892
24047
24046
4893
4895
4894
32514
32035
4896
4897
24049
24048
4898
4900
4899
32516
32037
4901
4902
24051
24050
4903
24019
4905
4907
4906
32518
32039
4908
4904
4909
24054
24053
4910
4912
4911
32520
32041
4913
4914
24056
24055
4915
4917
4916
32522
32043
4918
4919
24058
24057
4920
4922
4921
32524
32045
4923
4924
24060
24059
4925
4927
4926
32526
32047
4928
4929
24062
24061
4930
4932
4931
32528
32049
4933
4934
24064
24063
4935
4937
4936
32530
32051
4938
4939
24066
24065
4940
4942
4941
32532
32053
4943
4944
24068
24067
4945
4947
4946
32534
32055
4948
4949
24070
24069
4950
4952
4951
32536
32057
4953
4954
24072
24071
4955
4957
4956
32538
32059
4958
4959
24074
24073
4960
4962
4961
32540
32061
4963
4964
24076
24075
4965
4967
4966
32542
32063
4968
4969
24078
24077
4970
4972
4971
32544
32065
4973
4974
24080
24079
4975
4977
4976
32546
32067
4978
4979
24082
24081
4980
4982
4981
32548
32069
4983
4984
24084
24083
4985
24052
4987
4989
4988
32550
32071
4990
4986
4991
24087
24086
4992
4994
4993
32552
32073
4995
4996
24089
24088
4997
4999
4998
32554
32075
5000
5001
24091
24090
5002
5004
5003
32556
32077
5005
5006
24093
24092
5007
5009
5008
32558
32079
5010
5011
24095
24094
5012
5014
5013
32560
32081
5015
5016
24097
24096
5017
5019
5018
32562
32083
5020
5021
24099
24098
5022
5024
5023
32564
32085
5025
5026
24101
24100
5027
5029
5028
32566
32087
5030
5031
24103
24102
5032
5034
5033
32568
32089
5035
5036
24105
24104
5037
5039
5038
32570
32091
5040
5041
24107
24106
5042
5044
5043
32572
32093
5045
5046
24109
24108
5047
5049
5048
32574
32095
5050
5051
24111
24110
5052
5054
5053
32576
32097
5055
5056
24113
24112
5057
5059
5058
32578
32099
5060
5061
24115
24114
5062
5064
5063
32580
32101
5065
5066
24117
24116
5067
24085
5069
5071
5070
32582
32103
5072
5068
5073
24120
24119
5074
5076
5075
32584
32105
5077
5078
24122
24121
5079
5081
5080
32586
32107
5082
5083
24124
24123
5084
5086
5085
32588
32109
5087
5088
24126
24125
5089
5091
5090
32590
32111
5092
5093
24128
24127
5094
5096
5095
32592
32113
5097
5098
24130
24129
5099
5101
5100
32594
32115
5102
5103
24132
24131
5104
5106
5105
32596
32117
5107
5108
24134
24133
5109
5111
5110
32598
32119
5112
5113
24136
24135
5114
5116
5115
32600
32121
5117
5118
24138
24137
5119
5121
5120
32602
32123
5122
5123
24140
24139
5124
5126
5125
32604
32125
5127
5128
24142
24141
5129
5131
5130
32606
32127
5132
5133
24144
24143
5134
5136
5135
32608
32129
5137
5138
24146
24145
5139
5141
5140
32610
32131
5142
5143
24148
24147
5144
5146
5145
32612
32133
5147
5148
24150
24149
5149
24118
5151
5153
5152
32614
32135
5154
5150
5155
24153
24152
5156
5158
5157
32616
32137
5159
5160
24155
24154
5161
5163
5162
32618
32139
5164
5165
24157
24156
5166
5168
5167
32620
32141
5169
5170
24159
24158
5171
5173
5172
32622
32143
5174
5175
24161
24160
5176
5178
5177
32624
32145
5179
5180
24163
24162
5181
5183
5182
32626
32147
5184
5185
24165
24164
5186
5188
5187
32628
32149
5189
5190
24167
24166
5191
5193
5192
32630
32151
5194
5195
24169
24168
5196
5198
5197
32632
32153
5199
5200
24171
24170
5201
5203
5202
32634
32155
5204
5205
24173
24172
5206
5208
5207
32636
32157
5209
5210
24175
24174
5211
5213
5212
32638
32159
5214
5215
24177
24176
5216
5218
5217
32640
32161
5219
5220
24179
24178
5221
5223
5222
32642
32163
5224
5225
24181
24180
5226
5228
5227
32644
32165
5229
5230
24183
24182
5231
24151
5233
5235
5234
32646
32167
5236
5232
5237
24186
24185
5238
5240
5239
32648
32169
5241
5242
24188
24187
5243
5245
5244
32650
32171
5246
5247
24190
24189
5248
5250
5249
32652
32173
5251
5252
24192
24191
5253
5255
5254
32654
32175
5256
5257
24194
24193
5258
5260
5259
32656
32177
5261
5262
24196
24195
5263
5265
5264
32658
32179
5266
5267
24198
24197
5268
5270
5269
32660
32181
5271
5272
24200
24199
5273
5275
5274
32662
32183
5276
5277
24202
24201
5278
5280
5279
32664
32185
5281
5282
24204
24203
5283
5285
5284
32666
32187
5286
5287
24206
24205
5288
5290
5289
32668
32189
5291
5292
24208
24207
5293
5295
5294
32670
32191
5296
5297
24210
24209
5298
5300
5299
32672
32193
5301
5302
24212
24211
5303
5305
5304
32674
32195
5306
5307
24214
24213
5308
5310
5309
32676
32197
5311
5312
24216
24215
5313
24184
5315
5317
5316
32678
32199
5318
5314
5319
24219
24218
5320
5322
5321
32680
32201
5323
5324
24221
24220
5325
5327
5326
32682
32203
5328
5329
24223
24222
5330
5332
5331
32684
32205
5333
5334
24225
24224
5335
5337
5336
32686
32207
5338
5339
24227
24226
5340
5342
5341
32688
32209
5343
5344
24229
24228
5345
5347
5346
32690
32211
5348
5349
24231
24230
5350
5352
5351
32692
32213
5353
5354
24233
24232
5355
5357
5356
32694
32215
5358
5359
24235
24234
5360
5362
5361
32696
32217
5363
5364
24237
24236
5365
5367
5366
32698
32219
5368
5369
24239
24238
5370
5372
5371
32700
32221
5373
5374
24241
24240
5375
5377
5376
32702
32223
5378
5379
24243
24242
5380
5382
5381
32704
32225
5383
5384
24245
24244
5385
5387
5386
32706
32227
5388
5389
24247
24246
5390
5392
5391
32708
32229
5393
5394
24249
24248
5395
24217
5397
5399
5398
32710
32231
5400
5396
5401
24252
24251
5402
5404
5403
32712
32233
5405
5406
24254
24253
5407
5409
5408
32714
32235
5410
5411
24256
24255
5412
5414
5413
32716
32237
5415
5416
24258
24257
5417
5419
5418
32718
32239
5420
5421
24260
24259
5422
5424
5423
32720
32241
5425
5426
24262
24261
5427
5429
5428
32722
32243
5430
5431
24264
24263
5432
5434
5433
32724
32245
5435
5436
24266
24265
5437
5439
5438
32726
32247
5440
5441
24268
24267
5442
5444
5443
32728
32249
5445
5446
24270
24269
5447
5449
5448
32730
32251
5450
5451
24272
24271
5452
5454
5453
32732
32253
5455
5456
24274
24273
5457
5459
5458
32734
32255
5460
5461
24276
24275
5462
5464
5463
32736
32257
5465
5466
24278
24277
5467
5469
5468
32738
32259
5470
5471
24280
24279
5472
5474
5473
32740
32261
5475
5476
24282
24281
5477
24250
5479
5481
5480
32742
32263
5482
5478
5483
24285
24284
5484
5486
5485
32744
32265
5487
5488
24287
24286
5489
5491
5490
32746
32267
5492
5493
24289
24288
5494
5496
5495
32748
32269
5497
5498
24291
24290
5499
5501
5500
32750
32271
5502
5503
24293
24292
5504
5506
5505
32752
32273
5507
5508
24295
24294
5509
5511
5510
32754
32275
5512
5513
24297
24296
5514
5516
5515
32756
32277
5517
5518
24299
24298
5519
5521
5520
32758
32279
5522
5523
24301
24300
5524
5526
5525
32760
32281
5527
5528
24303
24302
5529
5531
5530
32762
32283
5532
5533
24305
24304
5534
5536
5535
32764
32285
5537
5538
24307
24306
5539
5541
5540
32766
32287
5542
5543
24309
24308
5544
5546
5545
32768
32289
5547
5548
24311
24310
5549
5551
5550
32770
32291
5552
5553
24313
24312
5554
5556
5555
32772
32293
5557
5558
24315
24314
5559
24283
5561
5563
5562
32774
32295
5564
5560
5565
24318
24317
5566
5568
5567
32776
32297
5569
5570
24320
24319
5571
5573
5572
32778
32299
5574
5575
24322
24321
5576
5578
5577
32780
32301
5579
5580
24324
24323
5581
5583
5582
32782
32303
5584
5585
24326
24325
5586
5588
5587
32784
32305
5589
5590
24328
24327
5591
5593
5592
32786
32307
5594
5595
24330
24329
5596
5598
5597
32788
32309
5599
5600
24332
24331
5601
5603
5602
32790
32311
5604
5605
24334
24333
5606
5608
5607
32792
32313
5609
5610
24336
24335
5611
5613
5612
32794
32315
5614
5615
24338
24337
5616
5618
5617
32796
32317
5619
5620
24340
24339
5621
5623
5622
32798
32319
5624
5625
24342
24341
5626
5628
5627
32800
32321
5629
5630
24344
24343
5631
5633
5632
32802
32323
5634
5635
24346
24345
5636
5638
5637
32804
32325
5639
5640
24348
24347
5641
24316
5643
5645
5644
32806
32327
5646
5642
5647
24351
24350
5648
5650
5649
32808
32329
5651
5652
24353
24352
5653
5655
5654
32810
32331
5656
5657
24355
24354
5658
5660
5659
32812
32333
5661
5662
24357
24356
5663
5665
5664
32814
32335
5666
5667
24359
24358
5668
5670
5669
32816
32337
5671
5672
24361
24360
5673
5675
5674
32818
32339
5676
5677
24363
24362
5678
5680
5679
32820
32341
5681
5682
24365
24364
5683
5685
5684
32822
32343
5686
5687
24367
24366
5688
5690
5689
32824
32345
5691
5692
24369
24368
5693
5695
5694
32826
32347
5696
5697
24371
24370
5698
5700
5699
32828
32349
5701
5702
24373
24372
5703
5705
5704
32830
32351
5706
5707
24375
24374
5708
5710
5709
32832
32353
5711
5712
24377
24376
5713
5715
5714
32834
32355
5716
5717
24379
24378
5718
5720
5719
32836
32357
5721
5722
24381
24380
5723
24349
5725
5727
5726
32838
32359
5728
5724
5729
24384
24383
5730
5732
5731
32840
32361
5733
5734
24386
24385
5735
5737
5736
32842
32363
5738
5739
24388
24387
5740
5742
5741
32844
32365
5743
5744
24390
24389
5745
5747
5746
32846
32367
5748
5749
24392
24391
5750
5752
5751
32848
32369
5753
5754
24394
24393
5755
5757
5756
32850
32371
5758
5759
24396
24395
5760
5762
5761
32852
32373
5763
5764
24398
24397
5765
5767
5766
32854
32375
5768
5769
24400
24399
5770
5772
5771
32856
32377
5773
5774
24402
24401
5775
5777
5776
32858
32379
5778
5779
24404
24403
5780
5782
5781
32860
32381
5783
5784
24406
24405
5785
5787
5786
32862
32383
5788
5789
24408
24407
5790
5792
5791
32864
32385
5793
5794
24410
24409
5795
5797
5796
5798
5799
24412
24411
5800
5802
5801
5803
5804
24414
24413
5805
24382
5807
5809
23905
5808
5810
5806
5811
24417
24416
5812
5814
23908
5813
5815
5816
24419
24418
5817
5819
23911
5818
5820
5821
24421
24420
5822
5824
23914
5823
5825
5826
24423
24422
5827
5829
23917
5828
5830
5831
24425
24424
5832
5834
23920
5833
5835
5836
24427
24426
5837
5839
23923
5838
5840
5841
24429
24428
5842
5844
23926
5843
5845
5846
24431
24430
5847
5849
23929
5848
5850
5851
24433
24432
5852
5854
23932
5853
5855
5856
24435
24434
5857
5859
23935
5858
5860
5861
24437
24436
5862
5864
23938
5863
5865
5866
24439
24438
5867
5869
23941
5868
5870
5871
24441
24440
5872
5874
23944
5873
32421
5875
5876
24443
24442
5877
5879
23947
5878
32417
5880
5881
24445
24444
5882
5884
23950
5883
32413
5885
5886
24447
24446
5887
24415
5889
5890
5891
5893
5892
32409
5894
5888
5895
24451
24450
5896
5897
5898
5900
5899
32405
5901
5902
24454
24453
5903
5904
5905
5907
5906
32401
5908
5909
24457
24456
5910
5911
5912
5914
5913
32397
5915
5916
24460
24459
5917
5918
5919
5921
5920
32393
5922
5923
24463
24462
5924
5925
5926
5928
5927
32389
5929
5930
24466
24465
5931
5932
5933
5935
5934
32866
32387
5936
5937
24469
24468
32868
5938
5939
5940
5942
5941
32870
32391
5943
5944
24472
24471
32872
5945
5946
5947
5949
5948
32874
32395
5950
5951
24475
24474
32876
5952
5953
5954
5956
5955
32878
32399
5957
5958
24478
24477
32880
5959
5960
5961
5963
5962
32882
32403
5964
5965
24481
24480
32884
5966
5967
5968
5970
5969
32886
32407
5971
5972
24484
24483
32888
5973
5974
5975
5977
5976
32890
32411
5978
5979
24487
24486
32892
5980
5981
5982
5984
5983
32894
32415
5985
5986
24490
24489
32896
5987
5988
5989
5991
5990
32898
32419
5992
5993
24493
24492
32900
5994
5995
5996
5998
5997
32902
32423
5999
6000
24496
24495
6001
24448
6003
6005
6004
32904
32425
6006
6002
6007
24499
24498
6008
6010
6009
32906
32427
6011
6012
24501
24500
6013
6015
6014
32908
32429
6016
6017
24503
24502
6018
6020
6019
32910
32431
6021
6022
24505
24504
6023
6025
6024
32912
32433
6026
6027
24507
24506
6028
6030
6029
32914
32435
6031
6032
24509
24508
6033
6035
6034
32916
32437
6036
6037
24511
24510
6038
6040
6039
32918
32439
6041
6042
24513
24512
6043
6045
6044
32920
32441
6046
6047
24515
24514
6048
6050
6049
32922
32443
6051
6052
24517
24516
6053
6055
6054
32924
32445
6056
6057
24519
24518
6058
6060
6059
32926
32447
6061
6062
24521
24520
6063
6065
6064
32928
32449
6066
6067
24523
24522
6068
6070
6069
32930
32451
6071
6072
24525
24524
6073
6075
6074
32932
32453
6076
6077
24527
24526
6078
6080
6079
32934
32455
6081
6082
24529
24528
6083
24497
6085
6087
6086
32936
32457
6088
6084
6089
24532
24531
6090
6092
6091
32938
32459
6093
6094
24534
24533
6095
6097
6096
32940
32461
6098
6099
24536
24535
6100
6102
6101
32942
32463
6103
6104
24538
24537
6105
6107
6106
32944
32465
6108
6109
24540
24539
6110
6112
6111
32946
32467
6113
6114
24542
24541
6115
6117
6116
32948
32469
6118
6119
24544
24543
6120
6122
6121
32950
32471
6123
6124
24546
24545
6125
6127
6126
32952
32473
6128
6129
24548
24547
6130
6132
6131
32954
32475
6133
6134
24550
24549
6135
6137
6136
32956
32477
6138
6139
24552
24551
6140
6142
6141
32958
32479
6143
6144
24554
24553
6145
6147
6146
32960
32481
6148
6149
24556
24555
6150
6152
6151
32962
32483
6153
6154
24558
24557
6155
6157
6156
32964
32485
6158
6159
24560
24559
6160
6162
6161
32966
32487
6163
6164
24562
24561
6165
24530
6167
6169
6168
32968
32489
6170
6166
6171
24565
24564
6172
6174
6173
32970
32491
6175
6176
24567
24566
6177
6179
6178
32972
32493
6180
6181
24569
24568
6182
6184
6183
32974
32495
6185
6186
24571
24570
6187
6189
6188
32976
32497
6190
6191
24573
24572
6192
6194
6193
32978
32499
6195
6196
24575
24574
6197
6199
6198
32980
32501
6200
6201
24577
24576
6202
6204
6203
32982
32503
6205
6206
24579
24578
6207
6209
6208
32984
32505
6210
6211
24581
24580
6212
6214
6213
32986
32507
6215
6216
24583
24582
6217
6219
6218
32988
32509
6220
6221
24585
24584
6222
6224
6223
32990
32511
6225
6226
24587
24586
6227
6229
6228
32992
32513
6230
6231
24589
24588
6232
6234
6233
32994
32515
6235
6236
24591
24590
6237
6239
6238
32996
32517
6240
6241
24593
24592
6242
6244
6243
32998
32519
6245
6246
24595
24594
6247
24563
6249
6251
6250
33000
32521
6252
6248
6253
24598
24597
6254
6256
6255
33002
32523
6257
6258
24600
24599
6259
6261
6260
33004
32525
6262
6263
24602
24601
6264
6266
6265
33006
32527
6267
6268
24604
24603
6269
6271
6270
33008
32529
6272
6273
24606
24605
6274
6276
6275
33010
32531
6277
6278
24608
24607
6279
6281
6280
33012
32533
6282
6283
24610
24609
6284
6286
6285
33014
32535
6287
6288
24612
24611
6289
6291
6290
33016
32537
6292
6293
24614
24613
6294
6296
6295
33018
32539
6297
6298
24616
24615
6299
6301
6300
33020
32541
6302
6303
24618
24617
6304
6306
6305
33022
32543
6307
6308
24620
24619
6309
6311
6310
33024
32545
6312
6313
24622
24621
6314
6316
6315
33026
32547
6317
6318
24624
24623
6319
6321
6320
33028
32549
6322
6323
24626
24625
6324
6326
6325
33030
32551
6327
6328
24628
24627
6329
24596
6331
6333
6332
33032
32553
6334
6330
6335
24631
24630
6336
6338
6337
33034
32555
6339
6340
24633
24632
6341
6343
6342
33036
32557
6344
6345
24635
24634
6346
6348
6347
33038
32559
6349
6350
24637
24636
6351
6353
6352
33040
32561
6354
6355
24639
24638
6356
6358
6357
33042
32563
6359
6360
24641
24640
6361
6363
6362
33044
32565
6364
6365
24643
24642
6366
6368
6367
33046
32567
6369
6370
24645
24644
6371
6373
6372
33048
32569
6374
6375
24647
24646
6376
6378
6377
33050
32571
6379
6380
24649
24648
6381
6383
6382
33052
32573
6384
6385
24651
24650
6386
6388
6387
33054
32575
6389
6390
24653
24652
6391
6393
6392
33056
32577
6394
6395
24655
24654
6396
6398
6397
33058
32579
6399
6400
24657
24656
6401
6403
6402
33060
32581
6404
6405
24659
24658
6406
6408
6407
33062
32583
6409
6410
24661
24660
6411
24629
6413
6415
6414
33064
32585
6416
6412
6417
24664
24663
6418
6420
6419
33066
32587
6421
6422
24666
24665
6423
6425
6424
33068
32589
6426
6427
24668
24667
6428
6430
6429
33070
32591
6431
6432
24670
24669
6433
6435
6434
33072
32593
6436
6437
24672
24671
6438
6440
6439
33074
32595
6441
6442
24674
24673
6443
6445
6444
33076
32597
6446
6447
24676
24675
6448
6450
6449
33078
32599
6451
6452
24678
24677
6453
6455
6454
33080
32601
6456
6457
24680
24679
6458
6460
6459
33082
32603
6461
6462
24682
24681
6463
6465
6464
33084
32605
6466
6467
24684
24683
6468
6470
6469
33086
32607
6471
6472
24686
24685
6473
6475
6474
33088
32609
6476
6477
24688
24687
6478
6480
6479
33090
32611
6481
6482
24690
24689
6483
6485
6484
33092
32613
6486
6487
24692
24691
6488
6490
6489
33094
32615
6491
6492
24694
24693
6493
24662
6495
6497
6496
33096
32617
6498
6494
6499
24697
24696
6500
6502
6501
33098
32619
6503
6504
24699
24698
6505
6507
6506
33100
32621
6508
6509
24701
24700
6510
6512
6511
33102
32623
6513
6514
24703
24702
6515
6517
6516
33104
32625
6518
6519
24705
24704
6520
6522
6521
33106
32627
6523
6524
24707
24706
6525
6527
6526
33108
32629
6528
6529
24709
24708
6530
6532
6531
33110
32631
6533
6534
24711
24710
6535
6537
6536
33112
32633
6538
6539
24713
24712
6540
6542
6541
33114
32635
6543
6544
24715
24714
6545
6547
6546
33116
32637
6548
6549
24717
24716
6550
6552
6551
33118
32639
6553
6554
24719
24718
6555
6557
6556
33120
32641
6558
6559
24721
24720
6560
6562
6561
33122
32643
6563
6564
24723
24722
6565
6567
6566
33124
32645
6568
6569
24725
24724
6570
6572
6571
33126
32647
6573
6574
24727
24726
6575
24695
6577
6579
6578
33128
32649
6580
6576
6581
24730
24729
6582
6584
6583
33130
32651
6585
6586
24732
24731
6587
6589
6588
33132
32653
6590
6591
24734
24733
6592
6594
6593
33134
32655
6595
6596
24736
24735
6597
6599
6598
33136
32657
6600
6601
24738
24737
6602
6604
6603
33138
32659
6605
6606
24740
24739
6607
6609
6608
33140
32661
6610
6611
24742
24741
6612
6614
6613
33142
32663
6615
6616
24744
24743
6617
6619
6618
33144
32665
6620
6621
24746
24745
6622
6624
6623
33146
32667
6625
6626
24748
24747
6627
6629
6628
33148
32669
6630
6631
24750
24749
6632
6634
6633
33150
32671
6635
6636
24752
24751
6637
6639
6638
33152
32673
6640
6641
24754
24753
6642
6644
6643
33154
32675
6645
6646
24756
24755
6647
6649
6648
33156
32677
6650
6651
24758
24757
6652
6654
6653
33158
32679
6655
6656
24760
24759
6657
24728
6659
6661
6660
33160
32681
6662
6658
6663
24763
24762
6664
6666
6665
33162
32683
6667
6668
24765
24764
6669
6671
6670
33164
32685
6672
6673
24767
24766
6674
6676
6675
33166
32687
6677
6678
24769
24768
6679
6681
6680
33168
32689
6682
6683
24771
24770
6684
6686
6685
33170
32691
6687
6688
24773
24772
6689
6691
6690
33172
32693
6692
6693
24775
24774
6694
6696
6695
33174
32695
6697
6698
24777
24776
6699
6701
6700
33176
32697
6702
6703
24779
24778
6704
6706
6705
33178
32699
6707
6708
24781
24780
6709
6711
6710
33180
32701
6712
6713
24783
24782
6714
6716
6715
33182
32703
6717
6718
24785
24784
6719
6721
6720
33184
32705
6722
6723
24787
24786
6724
6726
6725
33186
32707
6727
6728
24789
24788
6729
6731
6730
33188
32709
6732
6733
24791
24790
6734
6736
6735
33190
32711
6737
6738
24793
24792
6739
24761
6741
6743
6742
33192
32713
6744
6740
6745
24796
24795
6746
6748
6747
33194
32715
6749
6750
24798
24797
6751
6753
6752
33196
32717
6754
6755
24800
24799
6756
6758
6757
33198
32719
6759
6760
24802
24801
6761
6763
6762
33200
32721
6764
6765
24804
24803
6766
6768
6767
33202
32723
6769
6770
24806
24805
6771
6773
6772
33204
32725
6774
6775
24808
24807
6776
6778
6777
33206
32727
6779
6780
24810
24809
6781
6783
6782
33208
32729
6784
6785
24812
24811
6786
6788
6787
33210
32731
6789
6790
24814
24813
6791
6793
6792
33212
32733
6794
6795
24816
24815
6796
6798
6797
33214
32735
6799
6800
24818
24817
6801
6803
6802
33216
32737
6804
6805
24820
24819
6806
6808
6807
33218
32739
6809
6810
24822
24821
6811
6813
6812
33220
32741
6814
6815
24824
24823
6816
6818
6817
33222
32743
6819
6820
24826
24825
6821
24794
6823
6825
6824
33224
32745
6826
6822
6827
24829
24828
6828
6830
6829
33226
32747
6831
6832
24831
24830
6833
6835
6834
33228
32749
6836
6837
24833
24832
6838
6840
6839
33230
32751
6841
6842
24835
24834
6843
6845
6844
33232
32753
6846
6847
24837
24836
6848
6850
6849
33234
32755
6851
6852
24839
24838
6853
6855
6854
33236
32757
6856
6857
24841
24840
6858
6860
6859
33238
32759
6861
6862
24843
24842
6863
6865
6864
33240
32761
6866
6867
24845
24844
6868
6870
6869
33242
32763
6871
6872
24847
24846
6873
6875
6874
33244
32765
6876
6877
24849
24848
6878
6880
6879
33246
32767
6881
6882
24851
24850
6883
6885
6884
33248
32769
6886
6887
24853
24852
6888
6890
6889
33250
32771
6891
6892
24855
24854
6893
6895
6894
33252
32773
6896
6897
24857
24856
6898
6900
6899
33254
32775
6901
6902
24859
24858
6903
24827
6905
6907
6906
33256
32777
6908
6904
6909
24862
24861
6910
6912
6911
33258
32779
6913
6914
24864
24863
6915
6917
6916
33260
32781
6918
6919
24866
24865
6920
6922
6921
33262
32783
6923
6924
24868
24867
6925
6927
6926
33264
32785
6928
6929
24870
24869
6930
6932
6931
33266
32787
6933
6934
24872
24871
6935
6937
6936
33268
32789
6938
6939
24874
24873
6940
6942
6941
33270
32791
6943
6944
24876
24875
6945
6947
6946
33272
32793
6948
6949
24878
24877
6950
6952
6951
33274
32795
6953
6954
24880
24879
6955
6957
6956
33276
32797
6958
6959
24882
24881
6960
6962
6961
33278
32799
6963
6964
24884
24883
6965
6967
6966
33280
32801
6968
6969
24886
24885
6970
6972
6971
33282
32803
6973
6974
24888
24887
6975
6977
6976
33284
32805
6978
6979
24890
24889
6980
6982
6981
33286
32807
6983
6984
24892
24891
6985
24860
6987
6989
6988
33288
32809
6990
6986
6991
24895
24894
6992
6994
6993
33290
32811
6995
6996
24897
24896
6997
6999
6998
33292
32813
7000
7001
24899
24898
7002
7004
7003
33294
32815
7005
7006
24901
24900
7007
7009
7008
33296
32817
7010
7011
24903
24902
7012
7014
7013
33298
32819
7015
7016
24905
24904
7017
7019
7018
33300
32821
7020
7021
24907
24906
7022
7024
7023
33302
32823
7025
7026
24909
24908
7027
7029
7028
33304
32825
7030
7031
24911
24910
7032
7034
7033
33306
32827
7035
7036
24913
24912
7037
7039
7038
33308
32829
7040
7041
24915
24914
7042
7044
7043
33310
32831
7045
7046
24917
24916
7047
7049
7048
33312
32833
7050
7051
24919
24918
7052
7054
7053
33314
32835
7055
7056
24921
24920
7057
7059
7058
33316
32837
7060
7061
24923
24922
7062
7064
7063
33318
32839
7065
7066
24925
24924
7067
24893
7069
7071
7070
33320
32841
7072
7068
7073
24928
24927
7074
7076
7075
33322
32843
7077
7078
24930
24929
7079
7081
7080
33324
32845
7082
7083
24932
24931
7084
7086
7085
33326
32847
7087
7088
24934
24933
7089
7091
7090
33328
32849
7092
7093
24936
24935
7094
7096
7095
33330
32851
7097
7098
24938
24937
7099
7101
7100
33332
32853
7102
7103
24940
24939
7104
7106
7105
33334
32855
7107
7108
24942
24941
7109
7111
7110
33336
32857
7112
7113
24944
24943
7114
7116
7115
33338
32859
7117
7118
24946
24945
7119
7121
7120
33340
32861
7122
7123
24948
24947
7124
7126
7125
33342
32863
7127
7128
24950
24949
7129
7131
7130
33344
32865
7132
7133
24952
24951
7134
7136
7135
7137
7138
24954
24953
7139
7141
7140
7142
7143
24956
24955
7144
7146
7145
7147
7148
24958
24957
7149
24926
7151
7153
24449
7152
7154
7150
7155
24961
24960
7156
7158
24452
7157
7159
7160
24963
24962
7161
7163
24455
7162
7164
7165
24965
24964
7166
7168
24458
7167
7169
7170
24967
24966
7171
7173
24461
7172
7174
7175
24969
24968
7176
7178
24464
7177
7179
7180
24971
24970
7181
7183
24467
7182
7184
7185
24973
24972
7186
7188
24470
7187
7189
7190
24975
24974
7191
7193
24473
7192
7194
7195
24977
24976
7196
7198
24476
7197
7199
7200
24979
24978
7201
7203
24479
7202
7204
7205
24981
24980
7206
7208
24482
7207
7209
7210
24983
24982
7211
7213
24485
7212
32903
7214
7215
24985
24984
7216
7218
24488
7217
32899
7219
7220
24987
24986
7221
7223
24491
7222
32895
7224
7225
24989
24988
7226
7228
24494
7227
32891
7229
7230
24991
24990
7231
24959
7233
7234
7235
7237
7236
32887
7238
7232
7239
24995
24994
7240
7241
7242
7244
7243
32883
7245
7246
24998
24997
7247
7248
7249
7251
7250
32879
7252
7253
25001
25000
7254
7255
7256
7258
7257
32875
7259
7260
25004
25003
7261
7262
7263
7265
7264
32871
7266
7267
25007
25006
7268
7269
7270
7272
7271
32867
7273
7274
25010
25009
33346
7275
7276
7277
7279
7278
33348
32869
7280
7281
25013
25012
33350
7282
7283
7284
7286
7285
33352
32873
7287
7288
25016
25015
33354
7289
7290
7291
7293
7292
33356
32877
7294
7295
25019
25018
33358
7296
7297
7298
7300
7299
33360
32881
7301
7302
25022
25021
33362
7303
7304
7305
7307
7306
33364
32885
7308
7309
25025
25024
33366
7310
7311
7312
7314
7313
33368
32889
7315
7316
25028
25027
33370
7317
7318
7319
7321
7320
33372
32893
7322
7323
25031
25030
33374
7324
7325
7326
7328
7327
33376
32897
7329
7330
25034
25033
33378
7331
7332
7333
7335
7334
33380
32901
7336
7337
25037
25036
33382
7338
7339
7340
7342
7341
33384
32905
7343
7344
25040
25039
7345
24992
7347
7349
7348
33386
32907
7350
7346
7351
25043
25042
7352
7354
7353
33388
32909
7355
7356
25045
25044
7357
7359
7358
33390
32911
7360
7361
25047
25046
7362
7364
7363
33392
32913
7365
7366
25049
25048
7367
7369
7368
33394
32915
7370
7371
25051
25050
7372
7374
7373
33396
32917
7375
7376
25053
25052
7377
7379
7378
33398
32919
7380
7381
25055
25054
7382
7384
7383
33400
32921
7385
7386
25057
25056
7387
7389
7388
33402
32923
7390
7391
25059
25058
7392
7394
7393
33404
32925
7395
7396
25061
25060
7397
7399
7398
33406
32927
7400
7401
25063
25062
7402
7404
7403
33408
32929
7405
7406
25065
25064
7407
7409
7408
33410
32931
7410
7411
25067
25066
7412
7414
7413
33412
32933
7415
7416
25069
25068
7417
7419
7418
33414
32935
7420
7421
25071
25070
7422
7424
7423
33416
32937
7425
7426
25073
25072
7427
25041
7429
7431
7430
33418
32939
7432
7428
7433
25076
25075
7434
7436
7435
33420
32941
7437
7438
25078
25077
7439
7441
7440
33422
32943
7442
7443
25080
25079
7444
7446
7445
33424
32945
7447
7448
25082
25081
7449
7451
7450
33426
32947
7452
7453
25084
25083
7454
7456
7455
33428
32949
7457
7458
25086
25085
7459
7461
7460
33430
32951
7462
7463
25088
25087
7464
7466
7465
33432
32953
7467
7468
25090
25089
7469
7471
7470
33434
32955
7472
7473
25092
25091
7474
7476
7475
33436
32957
7477
7478
25094
25093
7479
7481
7480
33438
32959
7482
7483
25096
25095
7484
7486
7485
33440
32961
7487
7488
25098
25097
7489
7491
7490
33442
32963
7492
7493
25100
25099
7494
7496
7495
33444
32965
7497
7498
25102
25101
7499
7501
7500
33446
32967
7502
7503
25104
25103
7504
7506
7505
33448
32969
7507
7508
25106
25105
7509
25074
7511
7513
7512
33450
32971
7514
7510
7515
25109
25108
7516
7518
7517
33452
32973
7519
7520
25111
25110
7521
7523
7522
33454
32975
7524
7525
25113
25112
7526
7528
7527
33456
32977
7529
7530
25115
25114
7531
7533
7532
33458
32979
7534
7535
25117
25116
7536
7538
7537
33460
32981
7539
7540
25119
25118
7541
7543
7542
33462
32983
7544
7545
25121
25120
7546
7548
7547
33464
32985
7549
7550
25123
25122
7551
7553
7552
33466
32987
7554
7555
25125
25124
7556
7558
7557
33468
32989
7559
7560
25127
25126
7561
7563
7562
33470
32991
7564
7565
25129
25128
7566
7568
7567
33472
32993
7569
7570
25131
25130
7571
7573
7572
33474
32995
7574
7575
25133
25132
7576
7578
7577
33476
32997
7579
7580
25135
25134
7581
7583
7582
33478
32999
7584
7585
25137
25136
7586
7588
7587
33480
33001
7589
7590
25139
25138
7591
25107
7593
7595
7594
33482
33003
7596
7592
7597
25142
25141
7598
7600
7599
33484
33005
7601
7602
25144
25143
7603
7605
7604
33486
33007
7606
7607
25146
25145
7608
7610
7609
33488
33009
7611
7612
25148
25147
7613
7615
7614
33490
33011
7616
7617
25150
25149
7618
7620
7619
33492
33013
7621
7622
25152
25151
7623
7625
7624
33494
33015
7626
7627
25154
25153
7628
7630
7629
33496
33017
7631
7632
25156
25155
7633
7635
7634
33498
33019
7636
7637
25158
25157
7638
7640
7639
33500
33021
7641
7642
25160
25159
7643
7645
7644
33502
33023
7646
7647
25162
25161
7648
7650
7649
33504
33025
7651
7652
25164
25163
7653
7655
7654
33506
33027
7656
7657
25166
25165
7658
7660
7659
33508
33029
7661
7662
25168
25167
7663
7665
7664
33510
33031
7666
7667
25170
25169
7668
7670
7669
33512
33033
7671
7672
25172
25171
7673
25140
7675
7677
7676
33514
33035
7678
7674
7679
25175
25174
7680
7682
7681
33516
33037
7683
7684
25177
25176
7685
7687
7686
33518
33039
7688
7689
25179
25178
7690
7692
7691
33520
33041
7693
7694
25181
25180
7695
7697
7696
33522
33043
7698
7699
25183
25182
7700
7702
7701
33524
33045
7703
7704
25185
25184
7705
7707
7706
33526
33047
7708
7709
25187
25186
7710
7712
7711
33528
33049
7713
7714
25189
25188
7715
7717
7716
33530
33051
7718
7719
25191
25190
7720
7722
7721
33532
33053
7723
7724
25193
25192
7725
7727
7726
33534
33055
7728
7729
25195
25194
7730
7732
7731
33536
33057
7733
7734
25197
25196
7735
7737
7736
33538
33059
7738
7739
25199
25198
7740
7742
7741
33540
33061
7743
7744
25201
25200
7745
7747
7746
33542
33063
7748
7749
25203
25202
7750
7752
7751
33544
33065
7753
7754
25205
25204
7755
25173
7757
7759
7758
33546
33067
7760
7756
7761
25208
25207
7762
7764
7763
33548
33069
7765
7766
25210
25209
7767
7769
7768
33550
33071
7770
7771
25212
25211
7772
7774
7773
33552
33073
7775
7776
25214
25213
7777
7779
7778
33554
33075
7780
7781
25216
25215
7782
7784
7783
33556
33077
7785
7786
25218
25217
7787
7789
7788
33558
33079
7790
7791
25220
25219
7792
7794
7793
33560
33081
7795
7796
25222
25221
7797
7799
7798
33562
33083
7800
7801
25224
25223
7802
7804
7803
33564
33085
7805
7806
25226
25225
7807
7809
7808
33566
33087
7810
7811
25228
25227
7812
7814
7813
33568
33089
7815
7816
25230
25229
7817
7819
7818
33570
33091
7820
7821
25232
25231
7822
7824
7823
33572
33093
7825
7826
25234
25233
7827
7829
7828
33574
33095
7830
7831
25236
25235
7832
7834
7833
33576
33097
7835
7836
25238
25237
7837
25206
7839
7841
7840
33578
33099
7842
7838
7843
25241
25240
7844
7846
7845
33580
33101
7847
7848
25243
25242
7849
7851
7850
33582
33103
7852
7853
25245
25244
7854
7856
7855
33584
33105
7857
7858
25247
25246
7859
7861
7860
33586
33107
7862
7863
25249
25248
7864
7866
7865
33588
33109
7867
7868
25251
25250
7869
7871
7870
33590
33111
7872
7873
25253
25252
7874
7876
7875
33592
33113
7877
7878
25255
25254
7879
7881
7880
33594
33115
7882
7883
25257
25256
7884
7886
7885
33596
33117
7887
7888
25259
25258
7889
7891
7890
33598
33119
7892
7893
25261
25260
7894
7896
7895
33600
33121
7897
7898
25263
25262
7899
7901
7900
33602
33123
7902
7903
25265
25264
7904
7906
7905
33604
33125
7907
7908
25267
25266
7909
7911
7910
33606
33127
7912
7913
25269
25268
7914
7916
7915
33608
33129
7917
7918
25271
25270
7919
25239
7921
7923
7922
33610
33131
7924
7920
7925
25274
25273
7926
7928
7927
33612
33133
7929
7930
25276
25275
7931
7933
7932
33614
33135
7934
7935
25278
25277
7936
7938
7937
33616
33137
7939
7940
25280
25279
7941
7943
7942
33618
33139
7944
7945
25282
25281
7946
7948
7947
33620
33141
7949
7950
25284
25283
7951
7953
7952
33622
33143
7954
7955
25286
25285
7956
7958
7957
33624
33145
7959
7960
25288
25287
7961
7963
7962
33626
33147
7964
7965
25290
25289
7966
7968
7967
33628
33149
7969
7970
25292
25291
7971
7973
7972
33630
33151
7974
7975
25294
25293
7976
7978
7977
33632
33153
7979
7980
25296
25295
7981
7983
7982
33634
33155
7984
7985
25298
25297
7986
7988
7987
33636
33157
7989
7990
25300
25299
7991
7993
7992
33638
33159
7994
7995
25302
25301
7996
7998
7997
33640
33161
7999
8000
25304
25303
8001
25272
8003
8005
8004
33642
33163
8006
8002
8007
25307
25306
8008
8010
8009
33644
33165
8011
8012
25309
25308
8013
8015
8014
33646
33167
8016
8017
25311
25310
8018
8020
8019
33648
33169
8021
8022
25313
25312
8023
8025
8024
33650
33171
8026
8027
25315
25314
8028
8030
8029
33652
33173
8031
8032
25317
25316
8033
8035
8034
33654
33175
8036
8037
25319
25318
8038
8040
8039
33656
33177
8041
8042
25321
25320
8043
8045
8044
33658
33179
8046
8047
25323
25322
8048
8050
8049
33660
33181
8051
8052
25325
25324
8053
8055
8054
33662
33183
8056
8057
25327
25326
8058
8060
8059
33664
33185
8061
8062
25329
25328
8063
8065
8064
33666
33187
8066
8067
25331
25330
8068
8070
8069
33668
33189
8071
8072
25333
25332
8073
8075
8074
33670
33191
8076
8077
25335
25334
8078
8080
8079
33672
33193
8081
8082
25337
25336
8083
25305
8085
8087
8086
33674
33195
8088
8084
8089
25340
25339
8090
8092
8091
33676
33197
8093
8094
25342
25341
8095
8097
8096
33678
33199
8098
8099
25344
25343
8100
8102
8101
33680
33201
8103
8104
25346
25345
8105
8107
8106
33682
33203
8108
8109
25348
25347
8110
8112
8111
33684
33205
8113
8114
25350
25349
8115
8117
8116
33686
33207
8118
8119
25352
25351
8120
8122
8121
33688
33209
8123
8124
25354
25353
8125
8127
8126
33690
33211
8128
8129
25356
25355
8130
8132
8131
33692
33213
8133
8134
25358
25357
8135
8137
8136
33694
33215
8138
8139
25360
25359
8140
8142
8141
33696
33217
8143
8144
25362
25361
8145
8147
8146
33698
33219
8148
8149
25364
25363
8150
8152
8151
33700
33221
8153
8154
25366
25365
8155
8157
8156
33702
33223
8158
8159
25368
25367
8160
8162
8161
33704
33225
8163
8164
25370
25369
8165
25338
8167
8169
8168
33706
33227
8170
8166
8171
25373
25372
8172
8174
8173
33708
33229
8175
8176
25375
25374
8177
8179
8178
33710
33231
8180
8181
25377
25376
8182
8184
8183
33712
33233
8185
8186
25379
25378
8187
8189
8188
33714
33235
8190
8191
25381
25380
8192
8194
8193
33716
33237
8195
8196
25383
25382
8197
8199
8198
33718
33239
8200
8201
25385
25384
8202
8204
8203
33720
33241
8205
8206
25387
25386
8207
8209
8208
33722
33243
8210
8211
25389
25388
8212
8214
8213
33724
33245
8215
8216
25391
25390
8217
8219
8218
33726
33247
8220
8221
25393
25392
8222
8224
8223
33728
33249
8225
8226
25395
25394
8227
8229
8228
33730
33251
8230
8231
25397
25396
8232
8234
8233
33732
33253
8235
8236
25399
25398
8237
8239
8238
33734
33255
8240
8241
25401
25400
8242
8244
8243
33736
33257
8245
8246
25403
25402
8247
25371
8249
8251
8250
33738
33259
8252
8248
8253
25406
25405
8254
8256
8255
33740
33261
8257
8258
25408
25407
8259
8261
8260
33742
33263
8262
8263
25410
25409
8264
8266
8265
33744
33265
8267
8268
25412
25411
8269
8271
8270
33746
33267
8272
8273
25414
25413
8274
8276
8275
33748
33269
8277
8278
25416
25415
8279
8281
8280
33750
33271
8282
8283
25418
25417
8284
8286
8285
33752
33273
8287
8288
25420
25419
8289
8291
8290
33754
33275
8292
8293
25422
25421
8294
8296
8295
33756
33277
8297
8298
25424
25423
8299
8301
8300
33758
33279
8302
8303
25426
25425
8304
8306
8305
33760
33281
8307
8308
25428
25427
8309
8311
8310
33762
33283
8312
8313
25430
25429
8314
8316
8315
33764
33285
8317
8318
25432
25431
8319
8321
8320
33766
33287
8322
8323
25434
25433
8324
8326
8325
33768
33289
8327
8328
25436
25435
8329
25404
8331
8333
8332
33770
33291
8334
8330
8335
25439
25438
8336
8338
8337
33772
33293
8339
8340
25441
25440
8341
8343
8342
33774
33295
8344
8345
25443
25442
8346
8348
8347
33776
33297
8349
8350
25445
25444
8351
8353
8352
33778
33299
8354
8355
25447
25446
8356
8358
8357
33780
33301
8359
8360
25449
25448
8361
8363
8362
33782
33303
8364
8365
25451
25450
8366
8368
8367
33784
33305
8369
8370
25453
25452
8371
8373
8372
33786
33307
8374
8375
25455
25454
8376
8378
8377
33788
33309
8379
8380
25457
25456
8381
8383
8382
33790
33311
8384
8385
25459
25458
8386
8388
8387
33792
33313
8389
8390
25461
25460
8391
8393
8392
33794
33315
8394
8395
25463
25462
8396
8398
8397
33796
33317
8399
8400
25465
25464
8401
8403
8402
33798
33319
8404
8405
25467
25466
8406
8408
8407
33800
33321
8409
8410
25469
25468
8411
25437
8413
8415
8414
33802
33323
8416
8412
8417
25472
25471
8418
8420
8419
33804
33325
8421
8422
25474
25473
8423
8425
8424
33806
33327
8426
8427
25476
25475
8428
8430
8429
33808
33329
8431
8432
25478
25477
8433
8435
8434
33810
33331
8436
8437
25480
25479
8438
8440
8439
33812
33333
8441
8442
25482
25481
8443
8445
8444
33814
33335
8446
8447
25484
25483
8448
8450
8449
33816
33337
8451
8452
25486
25485
8453
8455
8454
33818
33339
8456
8457
25488
25487
8458
8460
8459
33820
33341
8461
8462
25490
25489
8463
8465
8464
33822
33343
8466
8467
25492
25491
8468
8470
8469
33824
33345
8471
8472
25494
25493
8473
8475
8474
8476
8477
25496
25495
8478
8480
8479
8481
8482
25498
25497
8483
8485
8484
8486
8487
25500
25499
8488
8490
8489
8491
8492
25502
25501
8493
25470
8495
8497
24993
8496
8498
8494
8499
25505
25504
8500
8502
24996
8501
8503
8504
25507
25506
8505
8507
24999
8506
8508
8509
25509
25508
8510
8512
25002
8511
8513
8514
25511
25510
8515
8517
25005
8516
8518
8519
25513
25512
8520
8522
25008
8521
8523
8524
25515
25514
8525
8527
25011
8526
8528
8529
25517
25516
8530
8532
25014
8531
8533
8534
25519
25518
8535
8537
25017
8536
8538
8539
25521
25520
8540
8542
25020
8541
8543
8544
25523
25522
8545
8547
25023
8546
8548
8549
25525
25524
8550
8552
25026
8551
33385
8553
8554
25527
25526
8555
8557
25029
8556
33381
8558
8559
25529
25528
8560
8562
25032
8561
33377
8563
8564
25531
25530
8565
8567
25035
8566
33373
8568
8569
25533
25532
8570
8572
25038
8571
33369
8573
8574
25535
25534
8575
25503
8577
8578
8579
8581
8580
33365
8582
8576
8583
25539
25538
8584
8585
8586
8588
8587
33361
8589
8590
25542
25541
8591
8592
8593
8595
8594
33357
8596
8597
25545
25544
8598
8599
8600
8602
8601
33353
8603
8604
25548
25547
8605
8606
8607
8609
8608
33349
8610
8611
25551
25550
8612
8613
8614
8616
8615
33826
33347
8617
8618
25554
25553
33828
8619
8620
8621
8623
8622
33830
33351
8624
8625
25557
25556
33832
8626
8627
8628
8630
8629
33834
33355
8631
8632
25560
25559
33836
8633
8634
8635
8637
8636
33838
33359
8638
8639
25563
25562
33840
8640
8641
8642
8644
8643
33842
33363
8645
8646
25566
25565
33844
8647
8648
8649
8651
8650
33846
33367
8652
8653
25569
25568
33848
8654
8655
8656
8658
8657
33850
33371
8659
8660
25572
25571
33852
8661
8662
8663
8665
8664
33854
33375
8666
8667
25575
25574
33856
8668
8669
8670
8672
8671
33858
33379
8673
8674
25578
25577
33860
8675
8676
8677
8679
8678
33862
33383
8680
8681
25581
25580
33864
8682
8683
8684
8686
8685
33866
33387
8687
8688
25584
25583
8689
25536
8691
8693
8692
33868
33389
8694
8690
8695
25587
25586
8696
8698
8697
33870
33391
8699
8700
25589
25588
8701
8703
8702
33872
33393
8704
8705
25591
25590
8706
8708
8707
33874
33395
8709
8710
25593
25592
8711
8713
8712
33876
33397
8714
8715
25595
25594
8716
8718
8717
33878
33399
8719
8720
25597
25596
8721
8723
8722
33880
33401
8724
8725
25599
25598
8726
8728
8727
33882
33403
8729
8730
25601
25600
8731
8733
8732
33884
33405
8734
8735
25603
25602
8736
8738
8737
33886
33407
8739
8740
25605
25604
8741
8743
8742
33888
33409
8744
8745
25607
25606
8746
8748
8747
33890
33411
8749
8750
25609
25608
8751
8753
8752
33892
33413
8754
8755
25611
25610
8756
8758
8757
33894
33415
8759
8760
25613
25612
8761
8763
8762
33896
33417
8764
8765
25615
25614
8766
8768
8767
33898
33419
8769
8770
25617
25616
8771
25585
8773
8775
8774
33900
33421
8776
8772
8777
25620
25619
8778
8780
8779
33902
33423
8781
8782
25622
25621
8783
8785
8784
33904
33425
8786
8787
25624
25623
8788
8790
8789
33906
33427
8791
8792
25626
25625
8793
8795
8794
33908
33429
8796
8797
25628
25627
8798
8800
8799
33910
33431
8801
8802
25630
25629
8803
8805
8804
33912
33433
8806
8807
25632
25631
8808
8810
8809
33914
33435
8811
8812
25634
25633
8813
8815
8814
33916
33437
8816
8817
25636
25635
8818
8820
8819
33918
33439
8821
8822
25638
25637
8823
8825
8824
33920
33441
8826
8827
25640
25639
8828
8830
8829
33922
33443
8831
8832
25642
25641
8833
8835
8834
33924
33445
8836
8837
25644
25643
8838
8840
8839
33926
33447
8841
8842
25646
25645
8843
8845
8844
33928
33449
8846
8847
25648
25647
8848
8850
8849
33930
33451
8851
8852
25650
25649
8853
25618
8855
8857
8856
33932
33453
8858
8854
8859
25653
25652
8860
8862
8861
33934
33455
8863
8864
25655
25654
8865
8867
8866
33936
33457
8868
8869
25657
25656
8870
8872
8871
33938
33459
8873
8874
25659
25658
8875
8877
8876
33940
33461
8878
8879
25661
25660
8880
8882
8881
33942
33463
8883
8884
25663
25662
8885
8887
8886
33944
33465
8888
8889
25665
25664
8890
8892
8891
33946
33467
8893
8894
25667
25666
8895
8897
8896
33948
33469
8898
8899
25669
25668
8900
8902
8901
33950
33471
8903
8904
25671
25670
8905
8907
8906
33952
33473
8908
8909
25673
25672
8910
8912
8911
33954
33475
8913
8914
25675
25674
8915
8917
8916
33956
33477
8918
8919
25677
25676
8920
8922
8921
33958
33479
8923
8924
25679
25678
8925
8927
8926
33960
33481
8928
8929
25681
25680
8930
8932
8931
33962
33483
8933
8934
25683
25682
8935
25651
8937
8939
8938
33964
33485
8940
8936
8941
25686
25685
8942
8944
8943
33966
33487
8945
8946
25688
25687
8947
8949
8948
33968
33489
8950
8951
25690
25689
8952
8954
8953
33970
33491
8955
8956
25692
25691
8957
8959
8958
33972
33493
8960
8961
25694
25693
8962
8964
8963
33974
33495
8965
8966
25696
25695
8967
8969
8968
33976
33497
8970
8971
25698
25697
8972
8974
8973
33978
33499
8975
8976
25700
25699
8977
8979
8978
33980
33501
8980
8981
25702
25701
8982
8984
8983
33982
33503
8985
8986
25704
25703
8987
8989
8988
33984
33505
8990
8991
25706
25705
8992
8994
8993
33986
33507
8995
8996
25708
25707
8997
8999
8998
33988
33509
9000
9001
25710
25709
9002
9004
9003
33990
33511
9005
9006
25712
25711
9007
9009
9008
33992
33513
9010
9011
25714
25713
9012
9014
9013
33994
33515
9015
9016
25716
25715
9017
25684
9019
9021
9020
33996
33517
9022
9018
9023
25719
25718
9024
9026
9025
33998
33519
9027
9028
25721
25720
9029
9031
9030
34000
33521
9032
9033
25723
25722
9034
9036
9035
34002
33523
9037
9038
25725
25724
9039
9041
9040
34004
33525
9042
9043
25727
25726
9044
9046
9045
34006
33527
9047
9048
25729
25728
9049
9051
9050
34008
33529
9052
9053
25731
25730
9054
9056
9055
34010
33531
9057
9058
25733
25732
9059
9061
9060
34012
33533
9062
9063
25735
25734
9064
9066
9065
34014
33535
9067
9068
25737
25736
9069
9071
9070
34016
33537
9072
9073
25739
25738
9074
9076
9075
34018
33539
9077
9078
25741
25740
9079
9081
9080
34020
33541
9082
9083
25743
25742
9084
9086
9085
34022
33543
9087
9088
25745
25744
9089
9091
9090
34024
33545
9092
9093
25747
25746
9094
9096
9095
34026
33547
9097
9098
25749
25748
9099
25717
9101
9103
9102
34028
33549
9104
9100
9105
25752
25751
9106
9108
9107
34030
33551
9109
9110
25754
25753
9111
9113
9112
34032
33553
9114
9115
25756
25755
9116
9118
9117
34034
33555
9119
9120
25758
25757
9121
9123
9122
34036
33557
9124
9125
25760
25759
9126
9128
9127
34038
33559
9129
9130
25762
25761
9131
9133
9132
34040
33561
9134
9135
25764
25763
9136
9138
9137
34042
33563
9139
9140
25766
25765
9141
9143
9142
34044
33565
9144
9145
25768
25767
9146
9148
9147
34046
33567
9149
9150
25770
25769
9151
9153
9152
34048
33569
9154
9155
25772
25771
9156
9158
9157
34050
33571
9159
9160
25774
25773
9161
9163
9162
34052
33573
9164
9165
25776
25775
9166
9168
9167
34054
33575
9169
9170
25778
25777
9171
9173
9172
34056
33577
9174
9175
25780
25779
9176
9178
9177
34058
33579
9179
9180
25782
25781
9181
25750
9183
9185
9184
34060
33581
9186
9182
9187
25785
25784
9188
9190
9189
34062
33583
9191
9192
25787
25786
9193
9195
9194
34064
33585
9196
9197
25789
25788
9198
9200
9199
34066
33587
9201
9202
25791
25790
9203
9205
9204
34068
33589
9206
9207
25793
25792
9208
9210
9209
34070
33591
9211
9212
25795
25794
9213
9215
9214
34072
33593
9216
9217
25797
25796
9218
9220
9219
34074
33595
9221
9222
25799
25798
9223
9225
9224
34076
33597
9226
9227
25801
25800
9228
9230
9229
34078
33599
9231
9232
25803
25802
9233
9235
9234
34080
33601
9236
9237
25805
25804
9238
9240
9239
34082
33603
9241
9242
25807
25806
9243
9245
9244
34084
33605
9246
9247
25809
25808
9248
9250
9249
34086
33607
9251
9252
25811
25810
9253
9255
9254
34088
33609
9256
9257
25813
25812
9258
9260
9259
34090
33611
9261
9262
25815
25814
9263
25783
9265
9267
9266
34092
33613
9268
9264
9269
25818
25817
9270
9272
9271
34094
33615
9273
9274
25820
25819
9275
9277
9276
34096
33617
9278
9279
25822
25821
9280
9282
9281
34098
33619
9283
9284
25824
25823
9285
9287
9286
34100
33621
9288
9289
25826
25825
9290
9292
9291
34102
33623
9293
9294
25828
25827
9295
9297
9296
34104
33625
9298
9299
25830
25829
9300
9302
9301
34106
33627
9303
9304
25832
25831
9305
9307
9306
34108
33629
9308
9309
25834
25833
9310
9312
9311
34110
33631
9313
9314
25836
25835
9315
9317
9316
34112
33633
9318
9319
25838
25837
9320
9322
9321
34114
33635
9323
9324
25840
25839
9325
9327
9326
34116
33637
9328
9329
25842
25841
9330
9332
9331
34118
33639
9333
9334
25844
25843
9335
9337
9336
34120
33641
9338
9339
25846
25845
9340
9342
9341
34122
33643
9343
9344
25848
25847
9345
25816
9347
9349
9348
34124
33645
9350
9346
9351
25851
25850
9352
9354
9353
34126
33647
9355
9356
25853
25852
9357
9359
9358
34128
33649
9360
9361
25855
25854
9362
9364
9363
34130
33651
9365
9366
25857
25856
9367
9369
9368
34132
33653
9370
9371
25859
25858
9372
9374
9373
34134
33655
9375
9376
25861
25860
9377
9379
9378
34136
33657
9380
9381
25863
25862
9382
9384
9383
34138
33659
9385
9386
25865
25864
9387
9389
9388
34140
33661
9390
9391
25867
25866
9392
9394
9393
34142
33663
9395
9396
25869
25868
9397
9399
9398
34144
33665
9400
9401
25871
25870
9402
9404
9403
34146
33667
9405
9406
25873
25872
9407
9409
9408
34148
33669
9410
9411
25875
25874
9412
9414
9413
34150
33671
9415
9416
25877
25876
9417
9419
9418
34152
33673
9420
9421
25879
25878
9422
9424
9423
34154
33675
9425
9426
25881
25880
9427
25849
9429
9431
9430
34156
33677
9432
9428
9433
25884
25883
9434
9436
9435
34158
33679
9437
9438
25886
25885
9439
9441
9440
34160
33681
9442
9443
25888
25887
9444
9446
9445
34162
33683
9447
9448
25890
25889
9449
9451
9450
34164
33685
9452
9453
25892
25891
9454
9456
9455
34166
33687
9457
9458
25894
25893
9459
9461
9460
34168
33689
9462
9463
25896
25895
9464
9466
9465
34170
33691
9467
9468
25898
25897
9469
9471
9470
34172
33693
9472
9473
25900
25899
9474
9476
9475
34174
33695
9477
9478
25902
25901
9479
9481
9480
34176
33697
9482
9483
25904
25903
9484
9486
9485
34178
33699
9487
9488
25906
25905
9489
9491
9490
34180
33701
9492
9493
25908
25907
9494
9496
9495
34182
33703
9497
9498
25910
25909
9499
9501
9500
34184
33705
9502
9503
25912
25911
9504
9506
9505
34186
33707
9507
9508
25914
25913
9509
25882
9511
9513
9512
34188
33709
9514
9510
9515
25917
25916
9516
9518
9517
34190
33711
9519
9520
25919
25918
9521
9523
9522
34192
33713
9524
9525
25921
25920
9526
9528
9527
34194
33715
9529
9530
25923
25922
9531
9533
9532
34196
33717
9534
9535
25925
25924
9536
9538
9537
34198
33719
9539
9540
25927
25926
9541
9543
9542
34200
33721
9544
9545
25929
25928
9546
9548
9547
34202
33723
9549
9550
25931
25930
9551
9553
9552
34204
33725
9554
9555
25933
25932
9556
9558
9557
34206
33727
9559
9560
25935
25934
9561
9563
9562
34208
33729
9564
9565
25937
25936
9566
9568
9567
34210
33731
9569
9570
25939
25938
9571
9573
9572
34212
33733
9574
9575
25941
25940
9576
9578
9577
34214
33735
9579
9580
25943
25942
9581
9583
9582
34216
33737
9584
9585
25945
25944
9586
9588
9587
34218
33739
9589
9590
25947
25946
9591
25915
9593
9595
9594
34220
33741
9596
9592
9597
25950
25949
9598
9600
9599
34222
33743
9601
9602
25952
25951
9603
9605
9604
34224
33745
9606
9607
25954
25953
9608
9610
9609
34226
33747
9611
9612
25956
25955
9613
9615
9614
34228
33749
9616
9617
25958
25957
9618
9620
9619
34230
33751
9621
9622
25960
25959
9623
9625
9624
34232
33753
9626
9627
25962
25961
9628
9630
9629
34234
33755
9631
9632
25964
25963
9633
9635
9634
34236
33757
9636
9637
25966
25965
9638
9640
9639
34238
33759
9641
9642
25968
25967
9643
9645
9644
34240
33761
9646
9647
25970
25969
9648
9650
9649
34242
33763
9651
9652
25972
25971
9653
9655
9654
34244
33765
9656
9657
25974
25973
9658
9660
9659
34246
33767
9661
9662
25976
25975
9663
9665
9664
34248
33769
9666
9667
25978
25977
9668
9670
9669
34250
33771
9671
9672
25980
25979
9673
25948
9675
9677
9676
34252
33773
9678
9674
9679
25983
25982
9680
9682
9681
34254
33775
9683
9684
25985
25984
9685
9687
9686
34256
33777
9688
9689
25987
25986
9690
9692
9691
34258
33779
9693
9694
25989
25988
9695
9697
9696
34260
33781
9698
9699
25991
25990
9700
9702
9701
34262
33783
9703
9704
25993
25992
9705
9707
9706
34264
33785
9708
9709
25995
25994
9710
9712
9711
34266
33787
9713
9714
25997
25996
9715
9717
9716
34268
33789
9718
9719
25999
25998
9720
9722
9721
34270
33791
9723
9724
26001
26000
9725
9727
9726
34272
33793
9728
9729
26003
26002
9730
9732
9731
34274
33795
9733
9734
26005
26004
9735
9737
9736
34276
33797
9738
9739
26007
26006
9740
9742
9741
34278
33799
9743
9744
26009
26008
9745
9747
9746
34280
33801
9748
9749
26011
26010
9750
9752
9751
34282
33803
9753
9754
26013
26012
9755
25981
9757
9759
9758
34284
33805
9760
9756
9761
26016
26015
9762
9764
9763
34286
33807
9765
9766
26018
26017
9767
9769
9768
34288
33809
9770
9771
26020
26019
9772
9774
9773
34290
33811
9775
9776
26022
26021
9777
9779
9778
34292
33813
9780
9781
26024
26023
9782
9784
9783
34294
33815
9785
9786
26026
26025
9787
9789
9788
34296
33817
9790
9791
26028
26027
9792
9794
9793
34298
33819
9795
9796
26030
26029
9797
9799
9798
34300
33821
9800
9801
26032
26031
9802
9804
9803
34302
33823
9805
9806
26034
26033
9807
9809
9808
34304
33825
9810
9811
26036
26035
9812
9814
9813
9815
9816
26038
26037
9817
9819
9818
9820
9821
26040
26039
9822
9824
9823
9825
9826
26042
26041
9827
9829
9828
9830
9831
26044
26043
9832
9834
9833
9835
9836
26046
26045
9837
26014
9839
9841
25537
9840
9842
9838
9843
26049
26048
9844
9846
25540
9845
9847
9848
26051
26050
9849
9851
25543
9850
9852
9853
26053
26052
9854
9856
25546
9855
9857
9858
26055
26054
9859
9861
25549
9860
9862
9863
26057
26056
9864
9866
25552
9865
9867
9868
26059
26058
9869
9871
25555
9870
9872
9873
26061
26060
9874
9876
25558
9875
9877
9878
26063
26062
9879
9881
25561
9880
9882
9883
26065
26064
9884
9886
25564
9885
9887
9888
26067
26066
9889
9891
25567
9890
33867
9892
9893
26069
26068
9894
9896
25570
9895
33863
9897
9898
26071
26070
9899
9901
25573
9900
33859
9902
9903
26073
26072
9904
9906
25576
9905
33855
9907
9908
26075
26074
9909
9911
25579
9910
33851
9912
9913
26077
26076
9914
9916
25582
9915
33847
9917
9918
26079
26078
9919
26047
9921
9922
9923
9925
9924
33843
9926
9920
9927
26083
26082
9928
9929
9930
9932
9931
33839
9933
9934
26086
26085
9935
9936
9937
9939
9938
33835
9940
9941
26089
26088
9942
9943
9944
9946
9945
33831
9947
9948
26092
26091
9949
9950
9951
9953
9952
33827
9954
9955
26095
26094
34306
9956
9957
9958
9960
9959
34308
33829
9961
9962
26098
26097
34310
9963
9964
9965
9967
9966
34312
33833
9968
9969
26101
26100
34314
9970
9971
9972
9974
9973
34316
33837
9975
9976
26104
26103
34318
9977
9978
9979
9981
9980
34320
33841
9982
9983
26107
26106
34322
9984
9985
9986
9988
9987
34324
33845
9989
9990
26110
26109
34326
9991
9992
9993
9995
9994
34328
33849
9996
9997
26113
26112
34330
9998
9999
10000
10002
10001
34332
33853
10003
10004
26116
26115
34334
10005
10006
10007
10009
10008
34336
33857
10010
10011
26119
26118
34338
10012
10013
10014
10016
10015
34340
33861
10017
10018
26122
26121
34342
10019
10020
10021
10023
10022
34344
33865
10024
10025
26125
26124
34346
10026
10027
10028
10030
10029
34348
33869
10031
10032
26128
26127
10033
26080
10035
10037
10036
34350
33871
10038
10034
10039
26131
26130
10040
10042
10041
34352
33873
10043
10044
26133
26132
10045
10047
10046
34354
33875
10048
10049
26135
26134
10050
10052
10051
34356
33877
10053
10054
26137
26136
10055
10057
10056
34358
33879
10058
10059
26139
26138
10060
10062
10061
34360
33881
10063
10064
26141
26140
10065
10067
10066
34362
33883
10068
10069
26143
26142
10070
10072
10071
34364
33885
10073
10074
26145
26144
10075
10077
10076
34366
33887
10078
10079
26147
26146
10080
10082
10081
34368
33889
10083
10084
26149
26148
10085
10087
10086
34370
33891
10088
10089
26151
26150
10090
10092
10091
34372
33893
10093
10094
26153
26152
10095
10097
10096
34374
33895
10098
10099
26155
26154
10100
10102
10101
34376
33897
10103
10104
26157
26156
10105
10107
10106
34378
33899
10108
10109
26159
26158
10110
10112
10111
34380
33901
10113
10114
26161
26160
10115
26129
10117
10119
10118
34382
33903
10120
10116
10121
26164
26163
10122
10124
10123
34384
33905
10125
10126
26166
26165
10127
10129
10128
34386
33907
10130
10131
26168
26167
10132
10134
10133
34388
33909
10135
10136
26170
26169
10137
10139
10138
34390
33911
10140
10141
26172
26171
10142
10144
10143
34392
33913
10145
10146
26174
26173
10147
10149
10148
34394
33915
10150
10151
26176
26175
10152
10154
10153
34396
33917
10155
10156
26178
26177
10157
10159
10158
34398
33919
10160
10161
26180
26179
10162
10164
10163
34400
33921
10165
10166
26182
26181
10167
10169
10168
34402
33923
10170
10171
26184
26183
10172
10174
10173
34404
33925
10175
10176
26186
26185
10177
10179
10178
34406
33927
10180
10181
26188
26187
10182
10184
10183
34408
33929
10185
10186
26190
26189
10187
10189
10188
34410
33931
10190
10191
26192
26191
10192
10194
10193
34412
33933
10195
10196
26194
26193
10197
26162
10199
10201
10200
34414
33935
10202
10198
10203
26197
26196
10204
10206
10205
34416
33937
10207
10208
26199
26198
10209
10211
10210
34418
33939
10212
10213
26201
26200
10214
10216
10215
34420
33941
10217
10218
26203
26202
10219
10221
10220
34422
33943
10222
10223
26205
26204
10224
10226
10225
34424
33945
10227
10228
26207
26206
10229
10231
10230
34426
33947
10232
10233
26209
26208
10234
10236
10235
34428
33949
10237
10238
26211
26210
10239
10241
10240
34430
33951
10242
10243
26213
26212
10244
10246
10245
34432
33953
10247
10248
26215
26214
10249
10251
10250
34434
33955
10252
10253
26217
26216
10254
10256
10255
34436
33957
10257
10258
26219
26218
10259
10261
10260
34438
33959
10262
10263
26221
26220
10264
10266
10265
34440
33961
10267
10268
26223
26222
10269
10271
10270
34442
33963
10272
10273
26225
26224
10274
10276
10275
34444
33965
10277
10278
26227
26226
10279
26195
10281
10283
10282
34446
33967
10284
10280
10285
26230
26229
10286
10288
10287
34448
33969
10289
10290
26232
26231
10291
10293
10292
34450
33971
10294
10295
26234
26233
10296
10298
10297
34452
33973
10299
10300
26236
26235
10301
10303
10302
34454
33975
10304
10305
26238
26237
10306
10308
10307
34456
33977
10309
10310
26240
26239
10311
10313
10312
34458
33979
10314
10315
26242
26241
10316
10318
10317
34460
33981
10319
10320
26244
26243
10321
10323
10322
34462
33983
10324
10325
26246
26245
10326
10328
10327
34464
33985
10329
10330
26248
26247
10331
10333
10332
34466
33987
10334
10335
26250
26249
10336
10338
10337
34468
33989
10339
10340
26252
26251
10341
10343
10342
34470
33991
10344
10345
26254
26253
10346
10348
10347
34472
33993
10349
10350
26256
26255
10351
10353
10352
34474
33995
10354
10355
26258
26257
10356
10358
10357
34476
33997
10359
10360
26260
26259
10361
26228
10363
10365
10364
34478
33999
10366
10362
10367
26263
26262
10368
10370
10369
34480
34001
10371
10372
26265
26264
10373
10375
10374
34482
34003
10376
10377
26267
26266
10378
10380
10379
34484
34005
10381
10382
26269
26268
10383
10385
10384
34486
34007
10386
10387
26271
26270
10388
10390
10389
34488
34009
10391
10392
26273
26272
10393
10395
10394
34490
34011
10396
10397
26275
26274
10398
10400
10399
34492
34013
10401
10402
26277
26276
10403
10405
10404
34494
34015
10406
10407
26279
26278
10408
10410
10409
34496
34017
10411
10412
26281
26280
10413
10415
10414
34498
34019
10416
10417
26283
26282
10418
10420
10419
34500
34021
10421
10422
26285
26284
10423
10425
10424
34502
34023
10426
10427
26287
26286
10428
10430
10429
34504
34025
10431
10432
26289
26288
10433
10435
10434
34506
34027
10436
10437
26291
26290
10438
10440
10439
34508
34029
10441
10442
26293
26292
10443
26261
10445
10447
10446
34510
34031
10448
10444
10449
26296
26295
10450
10452
10451
34512
34033
10453
10454
26298
26297
10455
10457
10456
34514
34035
10458
10459
26300
26299
10460
10462
10461
34516
34037
10463
10464
26302
26301
10465
10467
10466
34518
34039
10468
10469
26304
26303
10470
10472
10471
34520
34041
10473
10474
26306
26305
10475
10477
10476
34522
34043
10478
10479
26308
26307
10480
10482
10481
34524
34045
10483
10484
26310
26309
10485
10487
10486
34526
34047
10488
10489
26312
26311
10490
10492
10491
34528
34049
10493
10494
26314
26313
10495
10497
10496
34530
34051
10498
10499
26316
26315
10500
10502
10501
34532
34053
10503
10504
26318
26317
10505
10507
10506
34534
34055
10508
10509
26320
26319
10510
10512
10511
34536
34057
10513
10514
26322
26321
10515
10517
10516
34538
34059
10518
10519
26324
26323
10520
10522
10521
34540
34061
10523
10524
26326
26325
10525
26294
10527
10529
10528
34542
34063
10530
10526
10531
26329
26328
10532
10534
10533
34544
34065
10535
10536
26331
26330
10537
10539
10538
34546
34067
10540
10541
26333
26332
10542
10544
10543
34548
34069
10545
10546
26335
26334
10547
10549
10548
34550
34071
10550
10551
26337
26336
10552
10554
10553
34552
34073
10555
10556
26339
26338
10557
10559
10558
34554
34075
10560
10561
26341
26340
10562
10564
10563
34556
34077
10565
10566
26343
26342
10567
10569
10568
34558
34079
10570
10571
26345
26344
10572
10574
10573
34560
34081
10575
10576
26347
26346
10577
10579
10578
34562
34083
10580
10581
26349
26348
10582
10584
10583
34564
34085
10585
10586
26351
26350
10587
10589
10588
34566
34087
10590
10591
26353
26352
10592
10594
10593
34568
34089
10595
10596
26355
26354
10597
10599
10598
34570
34091
10600
10601
26357
26356
10602
10604
10603
34572
34093
10605
10606
26359
26358
10607
26327
10609
10611
10610
34574
34095
10612
10608
10613
26362
26361
10614
10616
10615
34576
34097
10617
10618
26364
26363
10619
10621
10620
34578
34099
10622
10623
26366
26365
10624
10626
10625
34580
34101
10627
10628
26368
26367
10629
10631
10630
34582
34103
10632
10633
26370
26369
10634
10636
10635
34584
34105
10637
10638
26372
26371
10639
10641
10640
34586
34107
10642
10643
26374
26373
10644
10646
10645
34588
34109
10647
10648
26376
26375
10649
10651
10650
34590
34111
10652
10653
26378
26377
10654
10656
10655
34592
34113
10657
10658
26380
26379
10659
10661
10660
34594
34115
10662
10663
26382
26381
10664
10666
10665
34596
34117
10667
10668
26384
26383
10669
10671
10670
34598
34119
10672
10673
26386
26385
10674
10676
10675
34600
34121
10677
10678
26388
26387
10679
10681
10680
34602
34123
10682
10683
26390
26389
10684
10686
10685
34604
34125
10687
10688
26392
26391
10689
26360
10691
10693
10692
34606
34127
10694
10690
10695
26395
26394
10696
10698
10697
34608
34129
10699
10700
26397
26396
10701
10703
10702
34610
34131
10704
10705
26399
26398
10706
10708
10707
34612
34133
10709
10710
26401
26400
10711
10713
10712
34614
34135
10714
10715
26403
26402
10716
10718
10717
34616
34137
10719
10720
26405
26404
10721
10723
10722
34618
34139
10724
10725
26407
26406
10726
10728
10727
34620
34141
10729
10730
26409
26408
10731
10733
10732
34622
34143
10734
10735
26411
26410
10736
10738
10737
34624
34145
10739
10740
26413
26412
10741
10743
10742
34626
34147
10744
10745
26415
26414
10746
10748
10747
34628
34149
10749
10750
26417
26416
10751
10753
10752
34630
34151
10754
10755
26419
26418
10756
10758
10757
34632
34153
10759
10760
26421
26420
10761
10763
10762
34634
34155
10764
10765
26423
26422
10766
10768
10767
34636
34157
10769
10770
26425
26424
10771
26393
10773
10775
10774
34638
34159
10776
10772
10777
26428
26427
10778
10780
10779
34640
34161
10781
10782
26430
26429
10783
10785
10784
34642
34163
10786
10787
26432
26431
10788
10790
10789
34644
34165
10791
10792
26434
26433
10793
10795
10794
34646
34167
10796
10797
26436
26435
10798
10800
10799
34648
34169
10801
10802
26438
26437
10803
10805
10804
34650
34171
10806
10807
26440
26439
10808
10810
10809
34652
34173
10811
10812
26442
26441
10813
10815
10814
34654
34175
10816
10817
26444
26443
10818
10820
10819
34656
34177
10821
10822
26446
26445
10823
10825
10824
34658
34179
10826
10827
26448
26447
10828
10830
10829
34660
34181
10831
10832
26450
26449
10833
10835
10834
34662
34183
10836
10837
26452
26451
10838
10840
10839
34664
34185
10841
10842
26454
26453
10843
10845
10844
34666
34187
10846
10847
26456
26455
10848
10850
10849
34668
34189
10851
10852
26458
26457
10853
26426
10855
10857
10856
34670
34191
10858
10854
10859
26461
26460
10860
10862
10861
34672
34193
10863
10864
26463
26462
10865
10867
10866
34674
34195
10868
10869
26465
26464
10870
10872
10871
34676
34197
10873
10874
26467
26466
10875
10877
10876
34678
34199
10878
10879
26469
26468
10880
10882
10881
34680
34201
10883
10884
26471
26470
10885
10887
10886
34682
34203
10888
10889
26473
26472
10890
10892
10891
34684
34205
10893
10894
26475
26474
10895
10897
10896
34686
34207
10898
10899
26477
26476
10900
10902
10901
34688
34209
10903
10904
26479
26478
10905
10907
10906
34690
34211
10908
10909
26481
26480
10910
10912
10911
34692
34213
10913
10914
26483
26482
10915
10917
10916
34694
34215
10918
10919
26485
26484
10920
10922
10921
34696
34217
10923
10924
26487
26486
10925
10927
10926
34698
34219
10928
10929
26489
26488
10930
10932
10931
34700
34221
10933
10934
26491
26490
10935
26459
10937
10939
10938
34702
34223
10940
10936
10941
26494
26493
10942
10944
10943
34704
34225
10945
10946
26496
26495
10947
10949
10948
34706
34227
10950
10951
26498
26497
10952
10954
10953
34708
34229
10955
10956
26500
26499
10957
10959
10958
34710
34231
10960
10961
26502
26501
10962
10964
10963
34712
34233
10965
10966
26504
26503
10967
10969
10968
34714
34235
10970
10971
26506
26505
10972
10974
10973
34716
34237
10975
10976
26508
26507
10977
10979
10978
34718
34239
10980
10981
26510
26509
10982
10984
10983
34720
34241
10985
10986
26512
26511
10987
10989
10988
34722
34243
10990
10991
26514
26513
10992
10994
10993
34724
34245
10995
10996
26516
26515
10997
10999
10998
34726
34247
11000
11001
26518
26517
11002
11004
11003
34728
34249
11005
11006
26520
26519
11007
11009
11008
34730
34251
11010
11011
26522
26521
11012
11014
11013
34732
34253
11015
11016
26524
26523
11017
26492
11019
11021
11020
34734
34255
11022
11018
11023
26527
26526
11024
11026
11025
34736
34257
11027
11028
26529
26528
11029
11031
11030
34738
34259
11032
11033
26531
26530
11034
11036
11035
34740
34261
11037
11038
26533
26532
11039
11041
11040
34742
34263
11042
11043
26535
26534
11044
11046
11045
34744
34265
11047
11048
26537
26536
11049
11051
11050
34746
34267
11052
11053
26539
26538
11054
11056
11055
34748
34269
11057
11058
26541
26540
11059
11061
11060
34750
34271
11062
11063
26543
26542
11064
11066
11065
34752
34273
11067
11068
26545
26544
11069
11071
11070
34754
34275
11072
11073
26547
26546
11074
11076
11075
34756
34277
11077
11078
26549
26548
11079
11081
11080
34758
34279
11082
11083
26551
26550
11084
11086
11085
34760
34281
11087
11088
26553
26552
11089
11091
11090
34762
34283
11092
11093
26555
26554
11094
11096
11095
34764
34285
11097
11098
26557
26556
11099
26525
11101
11103
11102
34766
34287
11104
11100
11105
26560
26559
11106
11108
11107
34768
34289
11109
11110
26562
26561
11111
11113
11112
34770
34291
11114
11115
26564
26563
11116
11118
11117
34772
34293
11119
11120
26566
26565
11121
11123
11122
34774
34295
11124
11125
26568
26567
11126
11128
11127
34776
34297
11129
11130
26570
26569
11131
11133
11132
34778
34299
11134
11135
26572
26571
11136
11138
11137
34780
34301
11139
11140
26574
26573
11141
11143
11142
34782
34303
11144
11145
26576
26575
11146
11148
11147
34784
34305
11149
11150
26578
26577
11151
11153
11152
11154
11155
26580
26579
11156
11158
11157
11159
11160
26582
26581
11161
11163
11162
11164
11165
26584
26583
11166
11168
11167
11169
11170
26586
26585
11171
11173
11172
11174
11175
26588
26587
11176
11178
11177
11179
11180
26590
26589
11181
26558
11183
11185
26081
11184
11186
11182
11187
26593
26592
11188
11190
26084
11189
11191
11192
26595
26594
11193
11195
26087
11194
11196
11197
26597
26596
11198
11200
26090
11199
11201
11202
26599
26598
11203
11205
26093
11204
11206
11207
26601
26600
11208
11210
26096
11209
11211
11212
26603
26602
11213
11215
26099
11214
11216
11217
26605
26604
11218
11220
26102
11219
11221
11222
26607
26606
11223
11225
26105
11224
11226
11227
26609
26608
11228
11230
26108
11229
34349
11231
11232
26611
26610
11233
11235
26111
11234
34345
11236
11237
26613
26612
11238
11240
26114
11239
34341
11241
11242
26615
26614
11243
11245
26117
11244
34337
11246
11247
26617
26616
11248
11250
26120
11249
34333
11251
11252
26619
26618
11253
11255
26123
11254
34329
11256
11257
26621
26620
11258
11260
26126
11259
34325
11261
11262
26623
26622
11263
26591
11265
11266
11267
11269
11268
34321
11270
11264
11271
26627
26626
11272
11273
11274
11276
11275
34317
11277
11278
26630
26629
11279
11280
11281
11283
11282
34313
11284
11285
26633
26632
11286
11287
11288
11290
11289
34309
11291
11292
26636
26635
11293
11294
11295
11297
11296
34786
34307
11298
11299
26639
26638
34788
11300
11301
11302
11304
11303
34790
34311
11305
11306
26642
26641
34792
11307
11308
11309
11311
11310
34794
34315
11312
11313
26645
26644
34796
11314
11315
11316
11318
11317
34798
34319
11319
11320
26648
26647
34800
11321
11322
11323
11325
11324
34802
34323
11326
11327
26651
26650
34804
11328
11329
11330
11332
11331
34806
34327
11333
11334
26654
26653
34808
11335
11336
11337
11339
11338
34810
34331
11340
11341
26657
26656
34812
11342
11343
11344
11346
11345
34814
34335
11347
11348
26660
26659
34816
11349
11350
11351
11353
11352
34818
34339
11354
11355
26663
26662
34820
11356
11357
11358
11360
11359
34822
34343
11361
11362
26666
26665
34824
11363
11364
11365
11367
11366
34826
34347
11368
11369
26669
26668
34828
11370
11371
11372
11374
11373
34830
34351
11375
11376
26672
26671
11377
26624
11379
11381
11380
34832
34353
11382
11378
11383
26675
26674
11384
11386
11385
34834
34355
11387
11388
26677
26676
11389
11391
11390
34836
34357
11392
11393
26679
26678
11394
11396
11395
34838
34359
11397
11398
26681
26680
11399
11401
11400
34840
34361
11402
11403
26683
26682
11404
11406
11405
34842
34363
11407
11408
26685
26684
11409
11411
11410
34844
34365
11412
11413
26687
26686
11414
11416
11415
34846
34367
11417
11418
26689
26688
11419
11421
11420
34848
34369
11422
11423
26691
26690
11424
11426
11425
34850
34371
11427
11428
26693
26692
11429
11431
11430
34852
34373
11432
11433
26695
26694
11434
11436
11435
34854
34375
11437
11438
26697
26696
11439
11441
11440
34856
34377
11442
11443
26699
26698
11444
11446
11445
34858
34379
11447
11448
26701
26700
11449
11451
11450
34860
34381
11452
11453
26703
26702
11454
11456
11455
34862
34383
11457
11458
26705
26704
11459
26673
11461
11463
11462
34864
34385
11464
11460
11465
26708
26707
11466
11468
11467
34866
34387
11469
11470
26710
26709
11471
11473
11472
34868
34389
11474
11475
26712
26711
11476
11478
11477
34870
34391
11479
11480
26714
26713
11481
11483
11482
34872
34393
11484
11485
26716
26715
11486
11488
11487
34874
34395
11489
11490
26718
26717
11491
11493
11492
34876
34397
11494
11495
26720
26719
11496
11498
11497
34878
34399
11499
11500
26722
26721
11501
11503
11502
34880
34401
11504
11505
26724
26723
11506
11508
11507
34882
34403
11509
11510
26726
26725
11511
11513
11512
34884
34405
11514
11515
26728
26727
11516
11518
11517
34886
34407
11519
11520
26730
26729
11521
11523
11522
34888
34409
11524
11525
26732
26731
11526
11528
11527
34890
34411
11529
11530
26734
26733
11531
11533
11532
34892
34413
11534
11535
26736
26735
11536
11538
11537
34894
34415
11539
11540
26738
26737
11541
26706
11543
11545
11544
34896
34417
11546
11542
11547
26741
26740
11548
11550
11549
34898
34419
11551
11552
26743
26742
11553
11555
11554
34900
34421
11556
11557
26745
26744
11558
11560
11559
34902
34423
11561
11562
26747
26746
11563
11565
11564
34904
34425
11566
11567
26749
26748
11568
11570
11569
34906
34427
11571
11572
26751
26750
11573
11575
11574
34908
34429
11576
11577
26753
26752
11578
11580
11579
34910
34431
11581
11582
26755
26754
11583
11585
11584
34912
34433
11586
11587
26757
26756
11588
11590
11589
34914
34435
11591
11592
26759
26758
11593
11595
11594
34916
34437
11596
11597
26761
26760
11598
11600
11599
34918
34439
11601
11602
26763
26762
11603
11605
11604
34920
34441
11606
11607
26765
26764
11608
11610
11609
34922
34443
11611
11612
26767
26766
11613
11615
11614
34924
34445
11616
11617
26769
26768
11618
11620
11619
34926
34447
11621
11622
26771
26770
11623
26739
11625
11627
11626
34928
34449
11628
11624
11629
26774
26773
11630
11632
11631
34930
34451
11633
11634
26776
26775
11635
11637
11636
34932
34453
11638
11639
26778
26777
11640
11642
11641
34934
34455
11643
11644
26780
26779
11645
11647
11646
34936
34457
11648
11649
26782
26781
11650
11652
11651
34938
34459
11653
11654
26784
26783
11655
11657
11656
34940
34461
11658
11659
26786
26785
11660
11662
11661
34942
34463
11663
11664
26788
26787
11665
11667
11666
34944
34465
11668
11669
26790
26789
11670
11672
11671
34946
34467
11673
11674
26792
26791
11675
11677
11676
34948
34469
11678
11679
26794
26793
11680
11682
11681
34950
34471
11683
11684
26796
26795
11685
11687
11686
34952
34473
11688
11689
26798
26797
11690
11692
11691
34954
34475
11693
11694
26800
26799
11695
11697
11696
34956
34477
11698
11699
26802
26801
11700
11702
11701
34958
34479
11703
11704
26804
26803
11705
26772
11707
11709
11708
34960
34481
11710
11706
11711
26807
26806
11712
11714
11713
34962
34483
11715
11716
26809
26808
11717
11719
11718
34964
34485
11720
11721
26811
26810
11722
11724
11723
34966
34487
11725
11726
26813
26812
11727
11729
11728
34968
34489
11730
11731
26815
26814
11732
11734
11733
34970
34491
11735
11736
26817
26816
11737
11739
11738
34972
34493
11740
11741
26819
26818
11742
11744
11743
34974
34495
11745
11746
26821
26820
11747
11749
11748
34976
34497
11750
11751
26823
26822
11752
11754
11753
34978
34499
11755
11756
26825
26824
11757
11759
11758
34980
34501
11760
11761
26827
26826
11762
11764
11763
34982
34503
11765
11766
26829
26828
11767
11769
11768
34984
34505
11770
11771
26831
26830
11772
11774
11773
34986
34507
11775
11776
26833
26832
11777
11779
11778
34988
34509
11780
11781
26835
26834
11782
11784
11783
34990
34511
11785
11786
26837
26836
11787
26805
11789
11791
11790
34992
34513
11792
11788
11793
26840
26839
11794
11796
11795
34994
34515
11797
11798
26842
26841
11799
11801
11800
34996
34517
11802
11803
26844
26843
11804
11806
11805
34998
34519
11807
11808
26846
26845
11809
11811
11810
35000
34521
11812
11813
26848
26847
11814
11816
11815
35002
34523
11817
11818
26850
26849
11819
11821
11820
35004
34525
11822
11823
26852
26851
11824
11826
11825
35006
34527
11827
11828
26854
26853
11829
11831
11830
35008
34529
11832
11833
26856
26855
11834
11836
11835
35010
34531
11837
11838
26858
26857
11839
11841
11840
35012
34533
11842
11843
26860
26859
11844
11846
11845
35014
34535
11847
11848
26862
26861
11849
11851
11850
35016
34537
11852
11853
26864
26863
11854
11856
11855
35018
34539
11857
11858
26866
26865
11859
11861
11860
35020
34541
11862
11863
26868
26867
11864
11866
11865
35022
34543
11867
11868
26870
26869
11869
26838
11871
11873
11872
35024
34545
11874
11870
11875
26873
26872
11876
11878
11877
35026
34547
11879
11880
26875
26874
11881
11883
11882
35028
34549
11884
11885
26877
26876
11886
11888
11887
35030
34551
11889
11890
26879
26878
11891
11893
11892
35032
34553
11894
11895
26881
26880
11896
11898
11897
35034
34555
11899
11900
26883
26882
11901
11903
11902
35036
34557
11904
11905
26885
26884
11906
11908
11907
35038
34559
11909
11910
26887
26886
11911
11913
11912
35040
34561
11914
11915
26889
26888
11916
11918
11917
35042
34563
11919
11920
26891
26890
11921
11923
11922
35044
34565
11924
11925
26893
26892
11926
11928
11927
35046
34567
11929
11930
26895
26894
11931
11933
11932
35048
34569
11934
11935
26897
26896
11936
11938
11937
35050
34571
11939
11940
26899
26898
11941
11943
11942
35052
34573
11944
11945
26901
26900
11946
11948
11947
35054
34575
11949
11950
26903
26902
11951
26871
11953
11955
11954
35056
34577
11956
11952
11957
26906
26905
11958
11960
11959
35058
34579
11961
11962
26908
26907
11963
11965
11964
35060
34581
11966
11967
26910
26909
11968
11970
11969
35062
34583
11971
11972
26912
26911
11973
11975
11974
35064
34585
11976
11977
26914
26913
11978
11980
11979
35066
34587
11981
11982
26916
26915
11983
11985
11984
35068
34589
11986
11987
26918
26917
11988
11990
11989
35070
34591
11991
11992
26920
26919
11993
11995
11994
35072
34593
11996
11997
26922
26921
11998
12000
11999
35074
34595
12001
12002
26924
26923
12003
12005
12004
35076
34597
12006
12007
26926
26925
12008
12010
12009
35078
34599
12011
12012
26928
26927
12013
12015
12014
35080
34601
12016
12017
26930
26929
12018
12020
12019
35082
34603
12021
12022
26932
26931
12023
12025
12024
35084
34605
12026
12027
26934
26933
12028
12030
12029
35086
34607
12031
12032
26936
26935
12033
26904
12035
12037
12036
35088
34609
12038
12034
12039
26939
26938
12040
12042
12041
35090
34611
12043
12044
26941
26940
12045
12047
12046
35092
34613
12048
12049
26943
26942
12050
12052
12051
35094
34615
12053
12054
26945
26944
12055
12057
12056
35096
34617
12058
12059
26947
26946
12060
12062
12061
35098
34619
12063
12064
26949
26948
12065
12067
12066
35100
34621
12068
12069
26951
26950
12070
12072
12071
35102
34623
12073
12074
26953
26952
12075
12077
12076
35104
34625
12078
12079
26955
26954
12080
12082
12081
35106
34627
12083
12084
26957
26956
12085
12087
12086
35108
34629
12088
12089
26959
26958
12090
12092
12091
35110
34631
12093
12094
26961
26960
12095
12097
12096
35112
34633
12098
12099
26963
26962
12100
12102
12101
35114
34635
12103
12104
26965
26964
12105
12107
12106
35116
34637
12108
12109
26967
26966
12110
12112
12111
35118
34639
12113
12114
26969
26968
12115
26937
12117
12119
12118
35120
34641
12120
12116
12121
26972
26971
12122
12124
12123
35122
34643
12125
12126
26974
26973
12127
12129
12128
35124
34645
12130
12131
26976
26975
12132
12134
12133
35126
34647
12135
12136
26978
26977
12137
12139
12138
35128
34649
12140
12141
26980
26979
12142
12144
12143
35130
34651
12145
12146
26982
26981
12147
12149
12148
35132
34653
12150
12151
26984
26983
12152
12154
12153
35134
34655
12155
12156
26986
26985
12157
12159
12158
35136
34657
12160
12161
26988
26987
12162
12164
12163
35138
34659
12165
12166
26990
26989
12167
12169
12168
35140
34661
12170
12171
26992
26991
12172
12174
12173
35142
34663
12175
12176
26994
26993
12177
12179
12178
35144
34665
12180
12181
26996
26995
12182
12184
12183
35146
34667
12185
12186
26998
26997
12187
12189
12188
35148
34669
12190
12191
27000
26999
12192
12194
12193
35150
34671
12195
12196
27002
27001
12197
26970
12199
12201
12200
35152
34673
12202
12198
12203
27005
27004
12204
12206
12205
35154
34675
12207
12208
27007
27006
12209
12211
12210
35156
34677
12212
12213
27009
27008
12214
12216
12215
35158
34679
12217
12218
27011
27010
12219
12221
12220
35160
34681
12222
12223
27013
27012
12224
12226
12225
35162
34683
12227
12228
27015
27014
12229
12231
12230
35164
34685
12232
12233
27017
27016
12234
12236
12235
35166
34687
12237
12238
27019
27018
12239
12241
12240
35168
34689
12242
12243
27021
27020
12244
12246
12245
35170
34691
12247
12248
27023
27022
12249
12251
12250
35172
34693
12252
12253
27025
27024
12254
12256
12255
35174
34695
12257
12258
27027
27026
12259
12261
12260
35176
34697
12262
12263
27029
27028
12264
12266
12265
35178
34699
12267
12268
27031
27030
12269
12271
12270
35180
34701
12272
12273
27033
27032
12274
12276
12275
35182
34703
12277
12278
27035
27034
12279
27003
12281
12283
12282
35184
34705
12284
12280
12285
27038
27037
12286
12288
12287
35186
34707
12289
12290
27040
27039
12291
12293
12292
35188
34709
12294
12295
27042
27041
12296
12298
12297
35190
34711
12299
12300
27044
27043
12301
12303
12302
35192
34713
12304
12305
27046
27045
12306
12308
12307
35194
34715
12309
12310
27048
27047
12311
12313
12312
35196
34717
12314
12315
27050
27049
12316
12318
12317
35198
34719
12319
12320
27052
27051
12321
12323
12322
35200
34721
12324
12325
27054
27053
12326
12328
12327
35202
34723
12329
12330
27056
27055
12331
12333
12332
35204
34725
12334
12335
27058
27057
12336
12338
12337
35206
34727
12339
12340
27060
27059
12341
12343
12342
35208
34729
12344
12345
27062
27061
12346
12348
12347
35210
34731
12349
12350
27064
27063
12351
12353
12352
35212
34733
12354
12355
27066
27065
12356
12358
12357
35214
34735
12359
12360
27068
27067
12361
27036
12363
12365
12364
35216
34737
12366
12362
12367
27071
27070
12368
12370
12369
35218
34739
12371
12372
27073
27072
12373
12375
12374
35220
34741
12376
12377
27075
27074
12378
12380
12379
35222
34743
12381
12382
27077
27076
12383
12385
12384
35224
34745
12386
12387
27079
27078
12388
12390
12389
35226
34747
12391
12392
27081
27080
12393
12395
12394
35228
34749
12396
12397
27083
27082
12398
12400
12399
35230
34751
12401
12402
27085
27084
12403
12405
12404
35232
34753
12406
12407
27087
27086
12408
12410
12409
35234
34755
12411
12412
27089
27088
12413
12415
12414
35236
34757
12416
12417
27091
27090
12418
12420
12419
35238
34759
12421
12422
27093
27092
12423
12425
12424
35240
34761
12426
12427
27095
27094
12428
12430
12429
35242
34763
12431
12432
27097
27096
12433
12435
12434
35244
34765
12436
12437
27099
27098
12438
12440
12439
35246
34767
12441
12442
27101
27100
12443
27069
12445
12447
12446
35248
34769
12448
12444
12449
27104
27103
12450
12452
12451
35250
34771
12453
12454
27106
27105
12455
12457
12456
35252
34773
12458
12459
27108
27107
12460
12462
12461
35254
34775
12463
12464
27110
27109
12465
12467
12466
35256
34777
12468
12469
27112
27111
12470
12472
12471
35258
34779
12473
12474
27114
27113
12475
12477
12476
35260
34781
12478
12479
27116
27115
12480
12482
12481
35262
34783
12483
12484
27118
27117
12485
12487
12486
35264
34785
12488
12489
27120
27119
12490
12492
12491
12493
12494
27122
27121
12495
12497
12496
12498
12499
27124
27123
12500
12502
12501
12503
12504
27126
27125
12505
12507
12506
12508
12509
27128
27127
12510
12512
12511
12513
12514
27130
27129
12515
12517
12516
12518
12519
27132
27131
12520
12522
12521
12523
12524
27134
27133
12525
27102
12527
12529
26625
12528
12530
12526
12531
27137
27136
12532
12534
26628
12533
12535
12536
27139
27138
12537
12539
26631
12538
12540
12541
27141
27140
12542
12544
26634
12543
12545
12546
27143
27142
12547
12549
26637
12548
12550
12551
27145
27144
12552
12554
26640
12553
12555
12556
27147
27146
12557
12559
26643
12558
12560
12561
27149
27148
12562
12564
26646
12563
12565
12566
27151
27150
12567
12569
26649
12568
34831
12570
12571
27153
27152
12572
12574
26652
12573
34827
12575
12576
27155
27154
12577
12579
26655
12578
34823
12580
12581
27157
27156
12582
12584
26658
12583
34819
12585
12586
27159
27158
12587
12589
26661
12588
34815
12590
12591
27161
27160
12592
12594
26664
12593
34811
12595
12596
27163
27162
12597
12599
26667
12598
34807
12600
12601
27165
27164
12602
12604
26670
12603
34803
12605
12606
27167
27166
12607
27135
12609
12610
12611
12613
12612
34799
12614
12608
12615
27171
27170
12616
12617
12618
12620
12619
34795
12621
12622
27174
27173
12623
12624
12625
12627
12626
34791
12628
12629
27177
27176
12630
12631
12632
12634
12633
34787
12635
12636
27180
27179
35266
12637
12638
12639
12641
12640
35268
34789
12642
12643
27183
27182
35270
12644
12645
12646
12648
12647
35272
34793
12649
12650
27186
27185
35274
12651
12652
12653
12655
12654
35276
34797
12656
12657
27189
27188
35278
12658
12659
12660
12662
12661
35280
34801
12663
12664
27192
27191
35282
12665
12666
12667
12669
12668
35284
34805
12670
12671
27195
27194
35286
12672
12673
12674
12676
12675
35288
34809
12677
12678
27198
27197
35290
12679
12680
12681
12683
12682
35292
34813
12684
12685
27201
27200
35294
12686
12687
12688
12690
12689
35296
34817
12691
12692
27204
27203
35298
12693
12694
12695
12697
12696
35300
34821
12698
12699
27207
27206
35302
12700
12701
12702
12704
12703
35304
34825
12705
12706
27210
27209
35306
12707
12708
12709
12711
12710
35308
34829
12712
12713
27213
27212
35310
12714
12715
12716
12718
12717
35312
34833
12719
12720
27216
27215
12721
27168
12723
12725
12724
35314
34835
12726
12722
12727
27219
27218
12728
12730
12729
35316
34837
12731
12732
27221
27220
12733
12735
12734
35318
34839
12736
12737
27223
27222
12738
12740
12739
35320
34841
12741
12742
27225
27224
12743
12745
12744
35322
34843
12746
12747
27227
27226
12748
12750
12749
35324
34845
12751
12752
27229
27228
12753
12755
12754
35326
34847
12756
12757
27231
27230
12758
12760
12759
35328
34849
12761
12762
27233
27232
12763
12765
12764
35330
34851
12766
12767
27235
27234
12768
12770
12769
35332
34853
12771
12772
27237
27236
12773
12775
12774
35334
34855
12776
12777
27239
27238
12778
12780
12779
35336
34857
12781
12782
27241
27240
12783
12785
12784
35338
34859
12786
12787
27243
27242
12788
12790
12789
35340
34861
12791
12792
27245
27244
12793
12795
12794
35342
34863
12796
12797
27247
27246
12798
12800
12799
35344
34865
12801
12802
27249
27248
12803
27217
12805
12807
12806
35346
34867
12808
12804
12809
27252
27251
12810
12812
12811
35348
34869
12813
12814
27254
27253
12815
12817
12816
35350
34871
12818
12819
27256
27255
12820
12822
12821
35352
34873
12823
12824
27258
27257
12825
12827
12826
35354
34875
12828
12829
27260
27259
12830
12832
12831
35356
34877
12833
12834
27262
27261
12835
12837
12836
35358
34879
12838
12839
27264
27263
12840
12842
12841
35360
34881
12843
12844
27266
27265
12845
12847
12846
35362
34883
12848
12849
27268
27267
12850
12852
12851
35364
34885
12853
12854
27270
27269
12855
12857
12856
35366
34887
12858
12859
27272
27271
12860
12862
12861
35368
34889
12863
12864
27274
27273
12865
12867
12866
35370
34891
12868
12869
27276
27275
12870
12872
12871
35372
34893
12873
12874
27278
27277
12875
12877
12876
35374
34895
12878
12879
27280
27279
12880
12882
12881
35376
34897
12883
12884
27282
27281
12885
27250
12887
12889
12888
35378
34899
12890
12886
12891
27285
27284
12892
12894
12893
35380
34901
12895
12896
27287
27286
12897
12899
12898
35382
34903
12900
12901
27289
27288
12902
12904
12903
35384
34905
12905
12906
27291
27290
12907
12909
12908
35386
34907
12910
12911
27293
27292
12912
12914
12913
35388
34909
12915
12916
27295
27294
12917
12919
12918
35390
34911
12920
12921
27297
27296
12922
12924
12923
35392
34913
12925
12926
27299
27298
12927
12929
12928
35394
34915
12930
12931
27301
27300
12932
12934
12933
35396
34917
12935
12936
27303
27302
12937
12939
12938
35398
34919
12940
12941
27305
27304
12942
12944
12943
35400
34921
12945
12946
27307
27306
12947
12949
12948
35402
34923
12950
12951
27309
27308
12952
12954
12953
35404
34925
12955
12956
27311
27310
12957
12959
12958
35406
34927
12960
12961
27313
27312
12962
12964
12963
35408
34929
12965
12966
27315
27314
12967
27283
12969
12971
12970
35410
34931
12972
12968
12973
27318
27317
12974
12976
12975
35412
34933
12977
12978
27320
27319
12979
12981
12980
35414
34935
12982
12983
27322
27321
12984
12986
12985
35416
34937
12987
12988
27324
27323
12989
12991
12990
35418
34939
12992
12993
27326
27325
12994
12996
12995
35420
34941
12997
12998
27328
27327
12999
13001
13000
35422
34943
13002
13003
27330
27329
13004
13006
13005
35424
34945
13007
13008
27332
27331
13009
13011
13010
35426
34947
13012
13013
27334
27333
13014
13016
13015
35428
34949
13017
13018
27336
27335
13019
13021
13020
35430
34951
13022
13023
27338
27337
13024
13026
13025
35432
34953
13027
13028
27340
27339
13029
13031
13030
35434
34955
13032
13033
27342
27341
13034
13036
13035
35436
34957
13037
13038
27344
27343
13039
13041
13040
35438
34959
13042
13043
27346
27345
13044
13046
13045
35440
34961
13047
13048
27348
27347
13049
27316
13051
13053
13052
35442
34963
13054
13050
13055
27351
27350
13056
13058
13057
35444
34965
13059
13060
27353
27352
13061
13063
13062
35446
34967
13064
13065
27355
27354
13066
13068
13067
35448
34969
13069
13070
27357
27356
13071
13073
13072
35450
34971
13074
13075
27359
27358
13076
13078
13077
35452
34973
13079
13080
27361
27360
13081
13083
13082
35454
34975
13084
13085
27363
27362
13086
13088
13087
35456
34977
13089
13090
27365
27364
13091
13093
13092
35458
34979
13094
13095
27367
27366
13096
13098
13097
35460
34981
13099
13100
27369
27368
13101
13103
13102
35462
34983
13104
13105
27371
27370
13106
13108
13107
35464
34985
13109
13110
27373
27372
13111
13113
13112
35466
34987
13114
13115
27375
27374
13116
13118
13117
35468
34989
13119
13120
27377
27376
13121
13123
13122
35470
34991
13124
13125
27379
27378
13126
13128
13127
35472
34993
13129
13130
27381
27380
13131
27349
13133
13135
13134
35474
34995
13136
13132
13137
27384
27383
13138
13140
13139
35476
34997
13141
13142
27386
27385
13143
13145
13144
35478
34999
13146
13147
27388
27387
13148
13150
13149
35480
35001
13151
13152
27390
27389
13153
13155
13154
35482
35003
13156
13157
27392
27391
13158
13160
13159
35484
35005
13161
13162
27394
27393
13163
13165
13164
35486
35007
13166
13167
27396
27395
13168
13170
13169
35488
35009
13171
13172
27398
27397
13173
13175
13174
35490
35011
13176
13177
27400
27399
13178
13180
13179
35492
35013
13181
13182
27402
27401
13183
13185
13184
35494
35015
13186
13187
27404
27403
13188
13190
13189
35496
35017
13191
13192
27406
27405
13193
13195
13194
35498
35019
13196
13197
27408
27407
13198
13200
13199
35500
35021
13201
13202
27410
27409
13203
13205
13204
35502
35023
13206
13207
27412
27411
13208
13210
13209
35504
35025
13211
13212
27414
27413
13213
27382
13215
13217
13216
35506
35027
13218
13214
13219
27417
27416
13220
13222
13221
35508
35029
13223
13224
27419
27418
13225
13227
13226
35510
35031
13228
13229
27421
27420
13230
13232
13231
35512
35033
13233
13234
27423
27422
13235
13237
13236
35514
35035
13238
13239
27425
27424
13240
13242
13241
35516
35037
13243
13244
27427
27426
13245
13247
13246
35518
35039
13248
13249
27429
27428
13250
13252
13251
35520
35041
13253
13254
27431
27430
13255
13257
13256
35522
35043
13258
13259
27433
27432
13260
13262
13261
35524
35045
13263
13264
27435
27434
13265
13267
13266
35526
35047
13268
13269
27437
27436
13270
13272
13271
35528
35049
13273
13274
27439
27438
13275
13277
13276
35530
35051
13278
13279
27441
27440
13280
13282
13281
35532
35053
13283
13284
27443
27442
13285
13287
13286
35534
35055
13288
13289
27445
27444
13290
13292
13291
35536
35057
13293
13294
27447
27446
13295
27415
13297
13299
13298
35538
35059
13300
13296
13301
27450
27449
13302
13304
13303
35540
35061
13305
13306
27452
27451
13307
13309
13308
35542
35063
13310
13311
27454
27453
13312
13314
13313
35544
35065
13315
13316
27456
27455
13317
13319
13318
35546
35067
13320
13321
27458
27457
13322
13324
13323
35548
35069
13325
13326
27460
27459
13327
13329
13328
35550
35071
13330
13331
27462
27461
13332
13334
13333
35552
35073
13335
13336
27464
27463
13337
13339
13338
35554
35075
13340
13341
27466
27465
13342
13344
13343
35556
35077
13345
13346
27468
27467
13347
13349
13348
35558
35079
13350
13351
27470
27469
13352
13354
13353
35560
35081
13355
13356
27472
27471
13357
13359
13358
35562
35083
13360
13361
27474
27473
13362
13364
13363
35564
35085
13365
13366
27476
27475
13367
13369
13368
35566
35087
13370
13371
27478
27477
13372
13374
13373
35568
35089
13375
13376
27480
27479
13377
27448
13379
13381
13380
35570
35091
13382
13378
13383
27483
27482
13384
13386
13385
35572
35093
13387
13388
27485
27484
13389
13391
13390
35574
35095
13392
13393
27487
27486
13394
13396
13395
35576
35097
13397
13398
27489
27488
13399
13401
13400
35578
35099
13402
13403
27491
27490
13404
13406
13405
35580
35101
13407
13408
27493
27492
13409
13411
13410
35582
35103
13412
13413
27495
27494
13414
13416
13415
35584
35105
13417
13418
27497
27496
13419
13421
13420
35586
35107
13422
13423
27499
27498
13424
13426
13425
35588
35109
13427
13428
27501
27500
13429
13431
13430
35590
35111
13432
13433
27503
27502
13434
13436
13435
35592
35113
13437
13438
27505
27504
13439
13441
13440
35594
35115
13442
13443
27507
27506
13444
13446
13445
35596
35117
13447
13448
27509
27508
13449
13451
13450
35598
35119
13452
13453
27511
27510
13454
13456
13455
35600
35121
13457
13458
27513
27512
13459
27481
13461
13463
13462
35602
35123
13464
13460
13465
27516
27515
13466
13468
13467
35604
35125
13469
13470
27518
27517
13471
13473
13472
35606
35127
13474
13475
27520
27519
13476
13478
13477
35608
35129
13479
13480
27522
27521
13481
13483
13482
35610
35131
13484
13485
27524
27523
13486
13488
13487
35612
35133
13489
13490
27526
27525
13491
13493
13492
35614
35135
13494
13495
27528
27527
13496
13498
13497
35616
35137
13499
13500
27530
27529
13501
13503
13502
35618
35139
13504
13505
27532
27531
13506
13508
13507
35620
35141
13509
13510
27534
27533
13511
13513
13512
35622
35143
13514
13515
27536
27535
13516
13518
13517
35624
35145
13519
13520
27538
27537
13521
13523
13522
35626
35147
13524
13525
27540
27539
13526
13528
13527
35628
35149
13529
13530
27542
27541
13531
13533
13532
35630
35151
13534
13535
27544
27543
13536
13538
13537
35632
35153
13539
13540
27546
27545
13541
27514
13543
13545
13544
35634
35155
13546
13542
13547
27549
27548
13548
13550
13549
35636
35157
13551
13552
27551
27550
13553
13555
13554
35638
35159
13556
13557
27553
27552
13558
13560
13559
35640
35161
13561
13562
27555
27554
13563
13565
13564
35642
35163
13566
13567
27557
27556
13568
13570
13569
35644
35165
13571
13572
27559
27558
13573
13575
13574
35646
35167
13576
13577
27561
27560
13578
13580
13579
35648
35169
13581
13582
27563
27562
13583
13585
13584
35650
35171
13586
13587
27565
27564
13588
13590
13589
35652
35173
13591
13592
27567
27566
13593
13595
13594
35654
35175
13596
13597
27569
27568
13598
13600
13599
35656
35177
13601
13602
27571
27570
13603
13605
13604
35658
35179
13606
13607
27573
27572
13608
13610
13609
35660
35181
13611
13612
27575
27574
13613
13615
13614
35662
35183
13616
13617
27577
27576
13618
13620
13619
35664
35185
13621
13622
27579
27578
13623
27547
13625
13627
13626
35666
35187
13628
13624
13629
27582
27581
13630
13632
13631
35668
35189
13633
13634
27584
27583
13635
13637
13636
35670
35191
13638
13639
27586
27585
13640
13642
13641
35672
35193
13643
13644
27588
27587
13645
13647
13646
35674
35195
13648
13649
27590
27589
13650
13652
13651
35676
35197
13653
13654
27592
27591
13655
13657
13656
35678
35199
13658
13659
27594
27593
13660
13662
13661
35680
35201
13663
13664
27596
27595
13665
13667
13666
35682
35203
13668
13669
27598
27597
13670
13672
13671
35684
35205
13673
13674
27600
27599
13675
13677
13676
35686
35207
13678
13679
27602
27601
13680
13682
13681
35688
35209
13683
13684
27604
27603
13685
13687
13686
35690
35211
13688
13689
27606
27605
13690
13692
13691
35692
35213
13693
13694
27608
27607
13695
13697
13696
35694
35215
13698
13699
27610
27609
13700
13702
13701
35696
35217
13703
13704
27612
27611
13705
27580
13707
13709
13708
35698
35219
13710
13706
13711
27615
27614
13712
13714
13713
35700
35221
13715
13716
27617
27616
13717
13719
13718
35702
35223
13720
13721
27619
27618
13722
13724
13723
35704
35225
13725
13726
27621
27620
13727
13729
13728
35706
35227
13730
13731
27623
27622
13732
13734
13733
35708
35229
13735
13736
27625
27624
13737
13739
13738
35710
35231
13740
13741
27627
27626
13742
13744
13743
35712
35233
13745
13746
27629
27628
13747
13749
13748
35714
35235
13750
13751
27631
27630
13752
13754
13753
35716
35237
13755
13756
27633
27632
13757
13759
13758
35718
35239
13760
13761
27635
27634
13762
13764
13763
35720
35241
13765
13766
27637
27636
13767
13769
13768
35722
35243
13770
13771
27639
27638
13772
13774
13773
35724
35245
13775
13776
27641
27640
13777
13779
13778
35726
35247
13780
13781
27643
27642
13782
13784
13783
35728
35249
13785
13786
27645
27644
13787
27613
13789
13791
13790
35730
35251
13792
13788
13793
27648
27647
13794
13796
13795
35732
35253
13797
13798
27650
27649
13799
13801
13800
35734
35255
13802
13803
27652
27651
13804
13806
13805
35736
35257
13807
13808
27654
27653
13809
13811
13810
35738
35259
13812
13813
27656
27655
13814
13816
13815
35740
35261
13817
13818
27658
27657
13819
13821
13820
35742
35263
13822
13823
27660
27659
13824
13826
13825
35744
35265
13827
13828
27662
27661
13829
13831
13830
13832
13833
27664
27663
13834
13836
13835
13837
13838
27666
27665
13839
13841
13840
13842
13843
27668
27667
13844
13846
13845
13847
13848
27670
27669
13849
13851
13850
13852
13853
27672
27671
13854
13856
13855
13857
13858
27674
27673
13859
13861
13860
13862
13863
27676
27675
13864
13866
13865
13867
13868
27678
27677
13869
27646
13871
13873
27169
13872
13874
13870
13875
27681
27680
13876
13878
27172
13877
13879
13880
27683
27682
13881
13883
27175
13882
13884
13885
27685
27684
13886
13888
27178
13887
13889
13890
27687
27686
13891
13893
27181
13892
13894
13895
27689
27688
13896
13898
27184
13897
13899
13900
27691
27690
13901
13903
27187
13902
13904
13905
27693
27692
13906
13908
27190
13907
35313
13909
13910
27695
27694
13911
13913
27193
13912
35309
13914
13915
27697
27696
13916
13918
27196
13917
35305
13919
13920
27699
27698
13921
13923
27199
13922
35301
13924
13925
27701
27700
13926
13928
27202
13927
35297
13929
13930
27703
27702
13931
13933
27205
13932
35293
13934
13935
27705
27704
13936
13938
27208
13937
35289
13939
13940
27707
27706
13941
13943
27211
13942
35285
13944
13945
27709
27708
13946
13948
27214
13947
35281
13949
13950
27711
27710
13951
27679
13953
13954
13955
13957
13956
35277
13958
13952
13959
27715
27714
13960
13961
13962
13964
13963
35273
13965
13966
27718
27717
13967
13968
13969
13971
13970
35269
13972
13973
27721
27720
13974
13975
13976
13978
13977
35746
35267
13979
13980
27724
27723
35748
13981
13982
13983
13985
13984
35750
35271
13986
13987
27727
27726
35752
13988
13989
13990
13992
13991
35754
35275
13993
13994
27730
27729
35756
13995
13996
13997
13999
13998
35758
35279
14000
14001
27733
27732
35760
14002
14003
14004
14006
14005
35762
35283
14007
14008
27736
27735
35764
14009
14010
14011
14013
14012
35766
35287
14014
14015
27739
27738
35768
14016
14017
14018
14020
14019
35770
35291
14021
14022
27742
27741
35772
14023
14024
14025
14027
14026
35774
35295
14028
14029
27745
27744
35776
14030
14031
14032
14034
14033
35778
35299
14035
14036
27748
27747
35780
14037
14038
14039
14041
14040
35782
35303
14042
14043
27751
27750
35784
14044
14045
14046
14048
14047
35786
35307
14049
14050
27754
27753
35788
14051
14052
14053
14055
14054
35790
35311
14056
14057
27757
27756
35792
14058
14059
14060
14062
14061
35794
35315
14063
14064
27760
27759
14065
27712
14067
14069
14068
35796
35317
14070
14066
14071
27763
27762
14072
14074
14073
35798
35319
14075
14076
27765
27764
14077
14079
14078
35800
35321
14080
14081
27767
27766
14082
14084
14083
35802
35323
14085
14086
27769
27768
14087
14089
14088
35804
35325
14090
14091
27771
27770
14092
14094
14093
35806
35327
14095
14096
27773
27772
14097
14099
14098
35808
35329
14100
14101
27775
27774
14102
14104
14103
35810
35331
14105
14106
27777
27776
14107
14109
14108
35812
35333
14110
14111
27779
27778
14112
14114
14113
35814
35335
14115
14116
27781
27780
14117
14119
14118
35816
35337
14120
14121
27783
27782
14122
14124
14123
35818
35339
14125
14126
27785
27784
14127
14129
14128
35820
35341
14130
14131
27787
27786
14132
14134
14133
35822
35343
14135
14136
27789
27788
14137
14139
14138
35824
35345
14140
14141
27791
27790
14142
14144
14143
35826
35347
14145
14146
27793
27792
14147
27761
14149
14151
14150
35828
35349
14152
14148
14153
27796
27795
14154
14156
14155
35830
35351
14157
14158
27798
27797
14159
14161
14160
35832
35353
14162
14163
27800
27799
14164
14166
14165
35834
35355
14167
14168
27802
27801
14169
14171
14170
35836
35357
14172
14173
27804
27803
14174
14176
14175
35838
35359
14177
14178
27806
27805
14179
14181
14180
35840
35361
14182
14183
27808
27807
14184
14186
14185
35842
35363
14187
14188
27810
27809
14189
14191
14190
35844
35365
14192
14193
27812
27811
14194
14196
14195
35846
35367
14197
14198
27814
27813
14199
14201
14200
35848
35369
14202
14203
27816
27815
14204
14206
14205
35850
35371
14207
14208
27818
27817
14209
14211
14210
35852
35373
14212
14213
27820
27819
14214
14216
14215
35854
35375
14217
14218
27822
27821
14219
14221
14220
35856
35377
14222
14223
27824
27823
14224
14226
14225
35858
35379
14227
14228
27826
27825
14229
27794
14231
14233
14232
35860
35381
14234
14230
14235
27829
27828
14236
14238
14237
35862
35383
14239
14240
27831
27830
14241
14243
14242
35864
35385
14244
14245
27833
27832
14246
14248
14247
35866
35387
14249
14250
27835
27834
14251
14253
14252
35868
35389
14254
14255
27837
27836
14256
14258
14257
35870
35391
14259
14260
27839
27838
14261
14263
14262
35872
35393
14264
14265
27841
27840
14266
14268
14267
35874
35395
14269
14270
27843
27842
14271
14273
14272
35876
35397
14274
14275
27845
27844
14276
14278
14277
35878
35399
14279
14280
27847
27846
14281
14283
14282
35880
35401
14284
14285
27849
27848
14286
14288
14287
35882
35403
14289
14290
27851
27850
14291
14293
14292
35884
35405
14294
14295
27853
27852
14296
14298
14297
35886
35407
14299
14300
27855
27854
14301
14303
14302
35888
35409
14304
14305
27857
27856
14306
14308
14307
35890
35411
14309
14310
27859
27858
14311
27827
14313
14315
14314
35892
35413
14316
14312
14317
27862
27861
14318
14320
14319
35894
35415
14321
14322
27864
27863
14323
14325
14324
35896
35417
14326
14327
27866
27865
14328
14330
14329
35898
35419
14331
14332
27868
27867
14333
14335
14334
35900
35421
14336
14337
27870
27869
14338
14340
14339
35902
35423
14341
14342
27872
27871
14343
14345
14344
35904
35425
14346
14347
27874
27873
14348
14350
14349
35906
35427
14351
14352
27876
27875
14353
14355
14354
35908
35429
14356
14357
27878
27877
14358
14360
14359
35910
35431
14361
14362
27880
27879
14363
14365
14364
35912
35433
14366
14367
27882
27881
14368
14370
14369
35914
35435
14371
14372
27884
27883
14373
14375
14374
35916
35437
14376
14377
27886
27885
14378
14380
14379
35918
35439
14381
14382
27888
27887
14383
14385
14384
35920
35441
14386
14387
27890
27889
14388
14390
14389
35922
35443
14391
14392
27892
27891
14393
27860
14395
14397
14396
35924
35445
14398
14394
14399
27895
27894
14400
14402
14401
35926
35447
14403
14404
27897
27896
14405
14407
14406
35928
35449
14408
14409
27899
27898
14410
14412
14411
35930
35451
14413
14414
27901
27900
14415
14417
14416
35932
35453
14418
14419
27903
27902
14420
14422
14421
35934
35455
14423
14424
27905
27904
14425
14427
14426
35936
35457
14428
14429
27907
27906
14430
14432
14431
35938
35459
14433
14434
27909
27908
14435
14437
14436
35940
35461
14438
14439
27911
27910
14440
14442
14441
35942
35463
14443
14444
27913
27912
14445
14447
14446
35944
35465
14448
14449
27915
27914
14450
14452
14451
35946
35467
14453
14454
27917
27916
14455
14457
14456
35948
35469
14458
14459
27919
27918
14460
14462
14461
35950
35471
14463
14464
27921
27920
14465
14467
14466
35952
35473
14468
14469
27923
27922
14470
14472
14471
35954
35475
14473
14474
27925
27924
14475
27893
14477
14479
14478
35956
35477
14480
14476
14481
27928
27927
14482
14484
14483
35958
35479
14485
14486
27930
27929
14487
14489
14488
35960
35481
14490
14491
27932
27931
14492
14494
14493
35962
35483
14495
14496
27934
27933
14497
14499
14498
35964
35485
14500
14501
27936
27935
14502
14504
14503
35966
35487
14505
14506
27938
27937
14507
14509
14508
35968
35489
14510
14511
27940
27939
14512
14514
14513
35970
35491
14515
14516
27942
27941
14517
14519
14518
35972
35493
14520
14521
27944
27943
14522
14524
14523
35974
35495
14525
14526
27946
27945
14527
14529
14528
35976
35497
14530
14531
27948
27947
14532
14534
14533
35978
35499
14535
14536
27950
27949
14537
14539
14538
35980
35501
14540
14541
27952
27951
14542
14544
14543
35982
35503
14545
14546
27954
27953
14547
14549
14548
35984
35505
14550
14551
27956
27955
14552
14554
14553
35986
35507
14555
14556
27958
27957
14557
27926
14559
14561
14560
35988
35509
14562
14558
14563
27961
27960
14564
14566
14565
35990
35511
14567
14568
27963
27962
14569
14571
14570
35992
35513
14572
14573
27965
27964
14574
14576
14575
35994
35515
14577
14578
27967
27966
14579
14581
14580
35996
35517
14582
14583
27969
27968
14584
14586
14585
35998
35519
14587
14588
27971
27970
14589
14591
14590
36000
35521
14592
14593
27973
27972
14594
14596
14595
36002
35523
14597
14598
27975
27974
14599
14601
14600
36004
35525
14602
14603
27977
27976
14604
14606
14605
36006
35527
14607
14608
27979
27978
14609
14611
14610
36008
35529
14612
14613
27981
27980
14614
14616
14615
36010
35531
14617
14618
27983
27982
14619
14621
14620
36012
35533
14622
14623
27985
27984
14624
14626
14625
36014
35535
14627
14628
27987
27986
14629
14631
14630
36016
35537
14632
14633
27989
27988
14634
14636
14635
36018
35539
14637
14638
27991
27990
14639
27959
14641
14643
14642
36020
35541
14644
14640
14645
27994
27993
14646
14648
14647
36022
35543
14649
14650
27996
27995
14651
14653
14652
36024
35545
14654
14655
27998
27997
14656
14658
14657
36026
35547
14659
14660
28000
27999
14661
14663
14662
36028
35549
14664
14665
28002
28001
14666
14668
14667
36030
35551
14669
14670
28004
28003
14671
14673
14672
36032
35553
14674
14675
28006
28005
14676
14678
14677
36034
35555
14679
14680
28008
28007
14681
14683
14682
36036
35557
14684
14685
28010
28009
14686
14688
14687
36038
35559
14689
14690
28012
28011
14691
14693
14692
36040
35561
14694
14695
28014
28013
14696
14698
14697
36042
35563
14699
14700
28016
28015
14701
14703
14702
36044
35565
14704
14705
28018
28017
14706
14708
14707
36046
35567
14709
14710
28020
28019
14711
14713
14712
36048
35569
14714
14715
28022
28021
14716
14718
14717
36050
35571
14719
14720
28024
28023
14721
27992
14723
14725
14724
36052
35573
14726
14722
14727
28027
28026
14728
14730
14729
36054
35575
14731
14732
28029
28028
14733
14735
14734
36056
35577
14736
14737
28031
28030
14738
14740
14739
36058
35579
14741
14742
28033
28032
14743
14745
14744
36060
35581
14746
14747
28035
28034
14748
14750
14749
36062
35583
14751
14752
28037
28036
14753
14755
14754
36064
35585
14756
14757
28039
28038
14758
14760
14759
36066
35587
14761
14762
28041
28040
14763
14765
14764
36068
35589
14766
14767
28043
28042
14768
14770
14769
36070
35591
14771
14772
28045
28044
14773
14775
14774
36072
35593
14776
14777
28047
28046
14778
14780
14779
36074
35595
14781
14782
28049
28048
14783
14785
14784
36076
35597
14786
14787
28051
28050
14788
14790
14789
36078
35599
14791
14792
28053
28052
14793
14795
14794
36080
35601
14796
14797
28055
28054
14798
14800
14799
36082
35603
14801
14802
28057
28056
14803
28025
14805
14807
14806
36084
35605
14808
14804
14809
28060
28059
14810
14812
14811
36086
35607
14813
14814
28062
28061
14815
14817
14816
36088
35609
14818
14819
28064
28063
14820
14822
14821
36090
35611
14823
14824
28066
28065
14825
14827
14826
36092
35613
14828
14829
28068
28067
14830
14832
14831
36094
35615
14833
14834
28070
28069
14835
14837
14836
36096
35617
14838
14839
28072
28071
14840
14842
14841
36098
35619
14843
14844
28074
28073
14845
14847
14846
36100
35621
14848
14849
28076
28075
14850
14852
14851
36102
35623
14853
14854
28078
28077
14855
14857
14856
36104
35625
14858
14859
28080
28079
14860
14862
14861
36106
35627
14863
14864
28082
28081
14865
14867
14866
36108
35629
14868
14869
28084
28083
14870
14872
14871
36110
35631
14873
14874
28086
28085
14875
14877
14876
36112
35633
14878
14879
28088
28087
14880
14882
14881
36114
35635
14883
14884
28090
28089
14885
28058
14887
14889
14888
36116
35637
14890
14886
14891
28093
28092
14892
14894
14893
36118
35639
14895
14896
28095
28094
14897
14899
14898
36120
35641
14900
14901
28097
28096
14902
14904
14903
36122
35643
14905
14906
28099
28098
14907
14909
14908
36124
35645
14910
14911
28101
28100
14912
14914
14913
36126
35647
14915
14916
28103
28102
14917
14919
14918
36128
35649
14920
14921
28105
28104
14922
14924
14923
36130
35651
14925
14926
28107
28106
14927
14929
14928
36132
35653
14930
14931
28109
28108
14932
14934
14933
36134
35655
14935
14936
28111
28110
14937
14939
14938
36136
35657
14940
14941
28113
28112
14942
14944
14943
36138
35659
14945
14946
28115
28114
14947
14949
14948
36140
35661
14950
14951
28117
28116
14952
14954
14953
36142
35663
14955
14956
28119
28118
14957
14959
14958
36144
35665
14960
14961
28121
28120
14962
14964
14963
36146
35667
14965
14966
28123
28122
14967
28091
14969
14971
14970
36148
35669
14972
14968
14973
28126
28125
14974
14976
14975
36150
35671
14977
14978
28128
28127
14979
14981
14980
36152
35673
14982
14983
28130
28129
14984
14986
14985
36154
35675
14987
14988
28132
28131
14989
14991
14990
36156
35677
14992
14993
28134
28133
14994
14996
14995
36158
35679
14997
14998
28136
28135
14999
15001
15000
36160
35681
15002
15003
28138
28137
15004
15006
15005
36162
35683
15007
15008
28140
28139
15009
15011
15010
36164
35685
15012
15013
28142
28141
15014
15016
15015
36166
35687
15017
15018
28144
28143
15019
15021
15020
36168
35689
15022
15023
28146
28145
15024
15026
15025
36170
35691
15027
15028
28148
28147
15029
15031
15030
36172
35693
15032
15033
28150
28149
15034
15036
15035
36174
35695
15037
15038
28152
28151
15039
15041
15040
36176
35697
15042
15043
28154
28153
15044
15046
15045
36178
35699
15047
15048
28156
28155
15049
28124
15051
15053
15052
36180
35701
15054
15050
15055
28159
28158
15056
15058
15057
36182
35703
15059
15060
28161
28160
15061
15063
15062
36184
35705
15064
15065
28163
28162
15066
15068
15067
36186
35707
15069
15070
28165
28164
15071
15073
15072
36188
35709
15074
15075
28167
28166
15076
15078
15077
36190
35711
15079
15080
28169
28168
15081
15083
15082
36192
35713
15084
15085
28171
28170
15086
15088
15087
36194
35715
15089
15090
28173
28172
15091
15093
15092
36196
35717
15094
15095
28175
28174
15096
15098
15097
36198
35719
15099
15100
28177
28176
15101
15103
15102
36200
35721
15104
15105
28179
28178
15106
15108
15107
36202
35723
15109
15110
28181
28180
15111
15113
15112
36204
35725
15114
15115
28183
28182
15116
15118
15117
36206
35727
15119
15120
28185
28184
15121
15123
15122
36208
35729
15124
15125
28187
28186
15126
15128
15127
36210
35731
15129
15130
28189
28188
15131
28157
15133
15135
15134
36212
35733
15136
15132
15137
28192
28191
15138
15140
15139
36214
35735
15141
15142
28194
28193
15143
15145
15144
36216
35737
15146
15147
28196
28195
15148
15150
15149
36218
35739
15151
15152
28198
28197
15153
15155
15154
36220
35741
15156
15157
28200
28199
15158
15160
15159
36222
35743
15161
15162
28202
28201
15163
15165
15164
36224
35745
15166
15167
28204
28203
15168
15170
15169
15171
15172
28206
28205
15173
15175
15174
15176
15177
28208
28207
15178
15180
15179
15181
15182
28210
28209
15183
15185
15184
15186
15187
28212
28211
15188
15190
15189
15191
15192
28214
28213
15193
15195
15194
15196
15197
28216
28215
15198
15200
15199
15201
15202
28218
28217
15203
15205
15204
15206
15207
28220
28219
15208
15210
15209
15211
15212
28222
28221
15213
28190
15215
15217
27713
15216
15218
15214
15219
28225
28224
15220
15222
27716
15221
15223
15224
28227
28226
15225
15227
27719
15226
15228
15229
28229
28228
15230
15232
27722
15231
15233
15234
28231
28230
15235
15237
27725
15236
15238
15239
28233
28232
15240
15242
27728
15241
15243
15244
28235
28234
15245
15247
27731
15246
35795
15248
15249
28237
28236
15250
15252
27734
15251
35791
15253
15254
28239
28238
15255
15257
27737
15256
35787
15258
15259
28241
28240
15260
15262
27740
15261
35783
15263
15264
28243
28242
15265
15267
27743
15266
35779
15268
15269
28245
28244
15270
15272
27746
15271
35775
15273
15274
28247
28246
15275
15277
27749
15276
35771
15278
15279
28249
28248
15280
15282
27752
15281
35767
15283
15284
28251
28250
15285
15287
27755
15286
35763
15288
15289
28253
28252
15290
15292
27758
15291
35759
15293
15294
28255
28254
15295
28223
15297
15298
15299
15301
15300
35755
15302
15296
15303
28259
28258
15304
15305
15306
15308
15307
35751
15309
15310
28262
28261
15311
15312
15313
15315
15314
35747
15316
15317
28265
28264
36226
15318
15319
15320
15322
15321
36228
35749
15323
15324
28268
28267
36230
15325
15326
15327
15329
15328
36232
35753
15330
15331
28271
28270
36234
15332
15333
15334
15336
15335
36236
35757
15337
15338
28274
28273
36238
15339
15340
15341
15343
15342
36240
35761
15344
15345
28277
28276
36242
15346
15347
15348
15350
15349
36244
35765
15351
15352
28280
28279
36246
15353
15354
15355
15357
15356
36248
35769
15358
15359
28283
28282
36250
15360
15361
15362
15364
15363
36252
35773
15365
15366
28286
28285
36254
15367
15368
15369
15371
15370
36256
35777
15372
15373
28289
28288
36258
15374
15375
15376
15378
15377
36260
35781
15379
15380
28292
28291
36262
15381
15382
15383
15385
15384
36264
35785
15386
15387
28295
28294
36266
15388
15389
15390
15392
15391
36268
35789
15393
15394
28298
28297
36270
15395
15396
15397
15399
15398
36272
35793
15400
15401
28301
28300
36274
15402
15403
15404
15406
15405
36276
35797
15407
15408
28304
28303
15409
28256
15411
15413
15412
36278
35799
15414
15410
15415
28307
28306
15416
15418
15417
36280
35801
15419
15420
28309
28308
15421
15423
15422
36282
35803
15424
15425
28311
28310
15426
15428
15427
36284
35805
15429
15430
28313
28312
15431
15433
15432
36286
35807
15434
15435
28315
28314
15436
15438
15437
36288
35809
15439
15440
28317
28316
15441
15443
15442
36290
35811
15444
15445
28319
28318
15446
15448
15447
36292
35813
15449
15450
28321
28320
15451
15453
15452
36294
35815
15454
15455
28323
28322
15456
15458
15457
36296
35817
15459
15460
28325
28324
15461
15463
15462
36298
35819
15464
15465
28327
28326
15466
15468
15467
36300
35821
15469
15470
28329
28328
15471
15473
15472
36302
35823
15474
15475
28331
28330
15476
15478
15477
36304
35825
15479
15480
28333
28332
15481
15483
15482
36306
35827
15484
15485
28335
28334
15486
15488
15487
36308
35829
15489
15490
28337
28336
15491
28305
15493
15495
15494
36310
35831
15496
15492
15497
28340
28339
15498
15500
15499
36312
35833
15501
15502
28342
28341
15503
15505
15504
36314
35835
15506
15507
28344
28343
15508
15510
15509
36316
35837
15511
15512
28346
28345
15513
15515
15514
36318
35839
15516
15517
28348
28347
15518
15520
15519
36320
35841
15521
15522
28350
28349
15523
15525
15524
36322
35843
15526
15527
28352
28351
15528
15530
15529
36324
35845
15531
15532
28354
28353
15533
15535
15534
36326
35847
15536
15537
28356
28355
15538
15540
15539
36328
35849
15541
15542
28358
28357
15543
15545
15544
36330
35851
15546
15547
28360
28359
15548
15550
15549
36332
35853
15551
15552
28362
28361
15553
15555
15554
36334
35855
15556
15557
28364
28363
15558
15560
15559
36336
35857
15561
15562
28366
28365
15563
15565
15564
36338
35859
15566
15567
28368
28367
15568
15570
15569
36340
35861
15571
15572
28370
28369
15573
28338
15575
15577
15576
36342
35863
15578
15574
15579
28373
28372
15580
15582
15581
36344
35865
15583
15584
28375
28374
15585
15587
15586
36346
35867
15588
15589
28377
28376
15590
15592
15591
36348
35869
15593
15594
28379
28378
15595
15597
15596
36350
35871
15598
15599
28381
28380
15600
15602
15601
36352
35873
15603
15604
28383
28382
15605
15607
15606
36354
35875
15608
15609
28385
28384
15610
15612
15611
36356
35877
15613
15614
28387
28386
15615
15617
15616
36358
35879
15618
15619
28389
28388
15620
15622
15621
36360
35881
15623
15624
28391
28390
15625
15627
15626
36362
35883
15628
15629
28393
28392
15630
15632
15631
36364
35885
15633
15634
28395
28394
15635
15637
15636
36366
35887
15638
15639
28397
28396
15640
15642
15641
36368
35889
15643
15644
28399
28398
15645
15647
15646
36370
35891
15648
15649
28401
28400
15650
15652
15651
36372
35893
15653
15654
28403
28402
15655
28371
15657
15659
15658
36374
35895
15660
15656
15661
28406
28405
15662
15664
15663
36376
35897
15665
15666
28408
28407
15667
15669
15668
36378
35899
15670
15671
28410
28409
15672
15674
15673
36380
35901
15675
15676
28412
28411
15677
15679
15678
36382
35903
15680
15681
28414
28413
15682
15684
15683
36384
35905
15685
15686
28416
28415
15687
15689
15688
36386
35907
15690
15691
28418
28417
15692
15694
15693
36388
35909
15695
15696
28420
28419
15697
15699
15698
36390
35911
15700
15701
28422
28421
15702
15704
15703
36392
35913
15705
15706
28424
28423
15707
15709
15708
36394
35915
15710
15711
28426
28425
15712
15714
15713
36396
35917
15715
15716
28428
28427
15717
15719
15718
36398
35919
15720
15721
28430
28429
15722
15724
15723
36400
35921
15725
15726
28432
28431
15727
15729
15728
36402
35923
15730
15731
28434
28433
15732
15734
15733
36404
35925
15735
15736
28436
28435
15737
28404
15739
15741
15740
36406
35927
15742
15738
15743
28439
28438
15744
15746
15745
36408
35929
15747
15748
28441
28440
15749
15751
15750
36410
35931
15752
15753
28443
28442
15754
15756
15755
36412
35933
15757
15758
28445
28444
15759
15761
15760
36414
35935
15762
15763
28447
28446
15764
15766
15765
36416
35937
15767
15768
28449
28448
15769
15771
15770
36418
35939
15772
15773
28451
28450
15774
15776
15775
36420
35941
15777
15778
28453
28452
15779
15781
15780
36422
35943
15782
15783
28455
28454
15784
15786
15785
36424
35945
15787
15788
28457
28456
15789
15791
15790
36426
35947
15792
15793
28459
28458
15794
15796
15795
36428
35949
15797
15798
28461
28460
15799
15801
15800
36430
35951
15802
15803
28463
28462
15804
15806
15805
36432
35953
15807
15808
28465
28464
15809
15811
15810
36434
35955
15812
15813
28467
28466
15814
15816
15815
36436
35957
15817
15818
28469
28468
15819
28437
15821
15823
15822
36438
35959
15824
15820
15825
28472
28471
15826
15828
15827
36440
35961
15829
15830
28474
28473
15831
15833
15832
36442
35963
15834
15835
28476
28475
15836
15838
15837
36444
35965
15839
15840
28478
28477
15841
15843
15842
36446
35967
15844
15845
28480
28479
15846
15848
15847
36448
35969
15849
15850
28482
28481
15851
15853
15852
36450
35971
15854
15855
28484
28483
15856
15858
15857
36452
35973
15859
15860
28486
28485
15861
15863
15862
36454
35975
15864
15865
28488
28487
15866
15868
15867
36456
35977
15869
15870
28490
28489
15871
15873
15872
36458
35979
15874
15875
28492
28491
15876
15878
15877
36460
35981
15879
15880
28494
28493
15881
15883
15882
36462
35983
15884
15885
28496
28495
15886
15888
15887
36464
35985
15889
15890
28498
28497
15891
15893
15892
36466
35987
15894
15895
28500
28499
15896
15898
15897
36468
35989
15899
15900
28502
28501
15901
28470
15903
15905
15904
36470
35991
15906
15902
15907
28505
28504
15908
15910
15909
36472
35993
15911
15912
28507
28506
15913
15915
15914
36474
35995
15916
15917
28509
28508
15918
15920
15919
36476
35997
15921
15922
28511
28510
15923
15925
15924
36478
35999
15926
15927
28513
28512
15928
15930
15929
36480
36001
15931
15932
28515
28514
15933
15935
15934
36482
36003
15936
15937
28517
28516
15938
15940
15939
36484
36005
15941
15942
28519
28518
15943
15945
15944
36486
36007
15946
15947
28521
28520
15948
15950
15949
36488
36009
15951
15952
28523
28522
15953
15955
15954
36490
36011
15956
15957
28525
28524
15958
15960
15959
36492
36013
15961
15962
28527
28526
15963
15965
15964
36494
36015
15966
15967
28529
28528
15968
15970
15969
36496
36017
15971
15972
28531
28530
15973
15975
15974
36498
36019
15976
15977
28533
28532
15978
15980
15979
36500
36021
15981
15982
28535
28534
15983
28503
15985
15987
15986
36502
36023
15988
15984
15989
28538
28537
15990
15992
15991
36504
36025
15993
15994
28540
28539
15995
15997
15996
36506
36027
15998
15999
28542
28541
16000
16002
16001
36508
36029
16003
16004
28544
28543
16005
16007
16006
36510
36031
16008
16009
28546
28545
16010
16012
16011
36512
36033
16013
16014
28548
28547
16015
16017
16016
36514
36035
16018
16019
28550
28549
16020
16022
16021
36516
36037
16023
16024
28552
28551
16025
16027
16026
36518
36039
16028
16029
28554
28553
16030
16032
16031
36520
36041
16033
16034
28556
28555
16035
16037
16036
36522
36043
16038
16039
28558
28557
16040
16042
16041
36524
36045
16043
16044
28560
28559
16045
16047
16046
36526
36047
16048
16049
28562
28561
16050
16052
16051
36528
36049
16053
16054
28564
28563
16055
16057
16056
36530
36051
16058
16059
28566
28565
16060
16062
16061
36532
36053
16063
16064
28568
28567
16065
28536
16067
16069
16068
36534
36055
16070
16066
16071
28571
28570
16072
16074
16073
36536
36057
16075
16076
28573
28572
16077
16079
16078
36538
36059
16080
16081
28575
28574
16082
16084
16083
36540
36061
16085
16086
28577
28576
16087
16089
16088
36542
36063
16090
16091
28579
28578
16092
16094
16093
36544
36065
16095
16096
28581
28580
16097
16099
16098
36546
36067
16100
16101
28583
28582
16102
16104
16103
36548
36069
16105
16106
28585
28584
16107
16109
16108
36550
36071
16110
16111
28587
28586
16112
16114
16113
36552
36073
16115
16116
28589
28588
16117
16119
16118
36554
36075
16120
16121
28591
28590
16122
16124
16123
36556
36077
16125
16126
28593
28592
16127
16129
16128
36558
36079
16130
16131
28595
28594
16132
16134
16133
36560
36081
16135
16136
28597
28596
16137
16139
16138
36562
36083
16140
16141
28599
28598
16142
16144
16143
36564
36085
16145
16146
28601
28600
16147
28569
16149
16151
16150
36566
36087
16152
16148
16153
28604
28603
16154
16156
16155
36568
36089
16157
16158
28606
28605
16159
16161
16160
36570
36091
16162
16163
28608
28607
16164
16166
16165
36572
36093
16167
16168
28610
28609
16169
16171
16170
36574
36095
16172
16173
28612
28611
16174
16176
16175
36576
36097
16177
16178
28614
28613
16179
16181
16180
36578
36099
16182
16183
28616
28615
16184
16186
16185
36580
36101
16187
16188
28618
28617
16189
16191
16190
36582
36103
16192
16193
28620
28619
16194
16196
16195
36584
36105
16197
16198
28622
28621
16199
16201
16200
36586
36107
16202
16203
28624
28623
16204
16206
16205
36588
36109
16207
16208
28626
28625
16209
16211
16210
36590
36111
16212
16213
28628
28627
16214
16216
16215
36592
36113
16217
16218
28630
28629
16219
16221
16220
36594
36115
16222
16223
28632
28631
16224
16226
16225
36596
36117
16227
16228
28634
28633
16229
28602
16231
16233
16232
36598
36119
16234
16230
16235
28637
28636
16236
16238
16237
36600
36121
16239
16240
28639
28638
16241
16243
16242
36602
36123
16244
16245
28641
28640
16246
16248
16247
36604
36125
16249
16250
28643
28642
16251
16253
16252
36606
36127
16254
16255
28645
28644
16256
16258
16257
36608
36129
16259
16260
28647
28646
16261
16263
16262
36610
36131
16264
16265
28649
28648
16266
16268
16267
36612
36133
16269
16270
28651
28650
16271
16273
16272
36614
36135
16274
16275
28653
28652
16276
16278
16277
36616
36137
16279
16280
28655
28654
16281
16283
16282
36618
36139
16284
16285
28657
28656
16286
16288
16287
36620
36141
16289
16290
28659
28658
16291
16293
16292
36622
36143
16294
16295
28661
28660
16296
16298
16297
36624
36145
16299
16300
28663
28662
16301
16303
16302
36626
36147
16304
16305
28665
28664
16306
16308
16307
36628
36149
16309
16310
28667
28666
16311
28635
16313
16315
16314
36630
36151
16316
16312
16317
28670
28669
16318
16320
16319
36632
36153
16321
16322
28672
28671
16323
16325
16324
36634
36155
16326
16327
28674
28673
16328
16330
16329
36636
36157
16331
16332
28676
28675
16333
16335
16334
36638
36159
16336
16337
28678
28677
16338
16340
16339
36640
36161
16341
16342
28680
28679
16343
16345
16344
36642
36163
16346
16347
28682
28681
16348
16350
16349
36644
36165
16351
16352
28684
28683
16353
16355
16354
36646
36167
16356
16357
28686
28685
16358
16360
16359
36648
36169
16361
16362
28688
28687
16363
16365
16364
36650
36171
16366
16367
28690
28689
16368
16370
16369
36652
36173
16371
16372
28692
28691
16373
16375
16374
36654
36175
16376
16377
28694
28693
16378
16380
16379
36656
36177
16381
16382
28696
28695
16383
16385
16384
36658
36179
16386
16387
28698
28697
16388
16390
16389
36660
36181
16391
16392
28700
28699
16393
28668
16395
16397
16396
36662
36183
16398
16394
16399
28703
28702
16400
16402
16401
36664
36185
16403
16404
28705
28704
16405
16407
16406
36666
36187
16408
16409
28707
28706
16410
16412
16411
36668
36189
16413
16414
28709
28708
16415
16417
16416
36670
36191
16418
16419
28711
28710
16420
16422
16421
36672
36193
16423
16424
28713
28712
16425
16427
16426
36674
36195
16428
16429
28715
28714
16430
16432
16431
36676
36197
16433
16434
28717
28716
16435
16437
16436
36678
36199
16438
16439
28719
28718
16440
16442
16441
36680
36201
16443
16444
28721
28720
16445
16447
16446
36682
36203
16448
16449
28723
28722
16450
16452
16451
36684
36205
16453
16454
28725
28724
16455
16457
16456
36686
36207
16458
16459
28727
28726
16460
16462
16461
36688
36209
16463
16464
28729
28728
16465
16467
16466
36690
36211
16468
16469
28731
28730
16470
16472
16471
36692
36213
16473
16474
28733
28732
16475
28701
16477
16479
16478
36694
36215
16480
16476
16481
28736
28735
16482
16484
16483
36696
36217
16485
16486
28738
28737
16487
16489
16488
36698
36219
16490
16491
28740
28739
16492
16494
16493
36700
36221
16495
16496
28742
28741
16497
16499
16498
36702
36223
16500
16501
28744
28743
16502
16504
16503
36704
36225
16505
16506
28746
28745
16507
16509
16508
16510
16511
28748
28747
16512
16514
16513
16515
16516
28750
28749
16517
16519
16518
16520
16521
28752
28751
16522
16524
16523
16525
16526
28754
28753
16527
16529
16528
16530
16531
28756
28755
16532
16534
16533
16535
16536
28758
28757
16537
16539
16538
16540
16541
28760
28759
16542
16544
16543
16545
16546
28762
28761
16547
16549
16548
16550
16551
28764
28763
16552
16554
16553
16555
16556
28766
28765
16557
28734
16559
16561
28257
16560
16562
16558
16563
28769
28768
16564
16566
28260
16565
16567
16568
28771
28770
16569
16571
28263
16570
16572
16573
28773
28772
16574
16576
28266
16575
16577
16578
28775
28774
16579
16581
28269
16580
16582
16583
28777
28776
16584
16586
28272
16585
36277
16587
16588
28779
28778
16589
16591
28275
16590
36273
16592
16593
28781
28780
16594
16596
28278
16595
36269
16597
16598
28783
28782
16599
16601
28281
16600
36265
16602
16603
28785
28784
16604
16606
28284
16605
36261
16607
16608
28787
28786
16609
16611
28287
16610
36257
16612
16613
28789
28788
16614
16616
28290
16615
36253
16617
16618
28791
28790
16619
16621
28293
16620
36249
16622
16623
28793
28792
16624
16626
28296
16625
36245
16627
16628
28795
28794
16629
16631
28299
16630
36241
16632
16633
28797
28796
16634
16636
28302
16635
36237
16637
16638
28799
28798
16639
28767
16641
16642
16643
16645
16644
36233
16646
16640
16647
28803
28802
16648
16649
16650
16652
16651
36229
16653
16654
28806
28805
16655
16656
16657
16659
16658
36706
36227
16660
16661
28809
28808
36708
16662
16663
16664
16666
16665
36710
36231
16667
16668
28812
28811
36712
16669
16670
16671
16673
16672
36714
36235
16674
16675
28815
28814
36716
16676
16677
16678
16680
16679
36718
36239
16681
16682
28818
28817
36720
16683
16684
16685
16687
16686
36722
36243
16688
16689
28821
28820
36724
16690
16691
16692
16694
16693
36726
36247
16695
16696
28824
28823
36728
16697
16698
16699
16701
16700
36730
36251
16702
16703
28827
28826
36732
16704
16705
16706
16708
16707
36734
36255
16709
16710
28830
28829
36736
16711
16712
16713
16715
16714
36738
36259
16716
16717
28833
28832
36740
16718
16719
16720
16722
16721
36742
36263
16723
16724
28836
28835
36744
16725
16726
16727
16729
16728
36746
36267
16730
16731
28839
28838
36748
16732
16733
16734
16736
16735
36750
36271
16737
16738
28842
28841
36752
16739
16740
16741
16743
16742
36754
36275
16744
16745
28845
28844
36756
16746
16747
16748
16750
16749
36758
36279
16751
16752
28848
28847
16753
28800
16755
16757
16756
36760
36281
16758
16754
16759
28851
28850
16760
16762
16761
36762
36283
16763
16764
28853
28852
16765
16767
16766
36764
36285
16768
16769
28855
28854
16770
16772
16771
36766
36287
16773
16774
28857
28856
16775
16777
16776
36768
36289
16778
16779
28859
28858
16780
16782
16781
36770
36291
16783
16784
28861
28860
16785
16787
16786
36772
36293
16788
16789
28863
28862
16790
16792
16791
36774
36295
16793
16794
28865
28864
16795
16797
16796
36776
36297
16798
16799
28867
28866
16800
16802
16801
36778
36299
16803
16804
28869
28868
16805
16807
16806
36780
36301
16808
16809
28871
28870
16810
16812
16811
36782
36303
16813
16814
28873
28872
16815
16817
16816
36784
36305
16818
16819
28875
28874
16820
16822
16821
36786
36307
16823
16824
28877
28876
16825
16827
16826
36788
36309
16828
16829
28879
28878
16830
16832
16831
36790
36311
16833
16834
28881
28880
16835
28849
16837
16839
16838
36792
36313
16840
16836
16841
28884
28883
16842
16844
16843
36794
36315
16845
16846
28886
28885
16847
16849
16848
36796
36317
16850
16851
28888
28887
16852
16854
16853
36798
36319
16855
16856
28890
28889
16857
16859
16858
36800
36321
16860
16861
28892
28891
16862
16864
16863
36802
36323
16865
16866
28894
28893
16867
16869
16868
36804
36325
16870
16871
28896
28895
16872
16874
16873
36806
36327
16875
16876
28898
28897
16877
16879
16878
36808
36329
16880
16881
28900
28899
16882
16884
16883
36810
36331
16885
16886
28902
28901
16887
16889
16888
36812
36333
16890
16891
28904
28903
16892
16894
16893
36814
36335
16895
16896
28906
28905
16897
16899
16898
36816
36337
16900
16901
28908
28907
16902
16904
16903
36818
36339
16905
16906
28910
28909
16907
16909
16908
36820
36341
16910
16911
28912
28911
16912
16914
16913
36822
36343
16915
16916
28914
28913
16917
28882
16919
16921
16920
36824
36345
16922
16918
16923
28917
28916
16924
16926
16925
36826
36347
16927
16928
28919
28918
16929
16931
16930
36828
36349
16932
16933
28921
28920
16934
16936
16935
36830
36351
16937
16938
28923
28922
16939
16941
16940
36832
36353
16942
16943
28925
28924
16944
16946
16945
36834
36355
16947
16948
28927
28926
16949
16951
16950
36836
36357
16952
16953
28929
28928
16954
16956
16955
36838
36359
16957
16958
28931
28930
16959
16961
16960
36840
36361
16962
16963
28933
28932
16964
16966
16965
36842
36363
16967
16968
28935
28934
16969
16971
16970
36844
36365
16972
16973
28937
28936
16974
16976
16975
36846
36367
16977
16978
28939
28938
16979
16981
16980
36848
36369
16982
16983
28941
28940
16984
16986
16985
36850
36371
16987
16988
28943
28942
16989
16991
16990
36852
36373
16992
16993
28945
28944
16994
16996
16995
36854
36375
16997
16998
28947
28946
16999
28915
17001
17003
17002
36856
36377
17004
17000
17005
28950
28949
17006
17008
17007
36858
36379
17009
17010
28952
28951
17011
17013
17012
36860
36381
17014
17015
28954
28953
17016
17018
17017
36862
36383
17019
17020
28956
28955
17021
17023
17022
36864
36385
17024
17025
28958
28957
17026
17028
17027
36866
36387
17029
17030
28960
28959
17031
17033
17032
36868
36389
17034
17035
28962
28961
17036
17038
17037
36870
36391
17039
17040
28964
28963
17041
17043
17042
36872
36393
17044
17045
28966
28965
17046
17048
17047
36874
36395
17049
17050
28968
28967
17051
17053
17052
36876
36397
17054
17055
28970
28969
17056
17058
17057
36878
36399
17059
17060
28972
28971
17061
17063
17062
36880
36401
17064
17065
28974
28973
17066
17068
17067
36882
36403
17069
17070
28976
28975
17071
17073
17072
36884
36405
17074
17075
28978
28977
17076
17078
17077
36886
36407
17079
17080
28980
28979
17081
28948
17083
17085
17084
36888
36409
17086
17082
17087
28983
28982
17088
17090
17089
36890
36411
17091
17092
28985
28984
17093
17095
17094
36892
36413
17096
17097
28987
28986
17098
17100
17099
36894
36415
17101
17102
28989
28988
17103
17105
17104
36896
36417
17106
17107
28991
28990
17108
17110
17109
36898
36419
17111
17112
28993
28992
17113
17115
17114
36900
36421
17116
17117
28995
28994
17118
17120
17119
36902
36423
17121
17122
28997
28996
17123
17125
17124
36904
36425
17126
17127
28999
28998
17128
17130
17129
36906
36427
17131
17132
29001
29000
17133
17135
17134
36908
36429
17136
17137
29003
29002
17138
17140
17139
36910
36431
17141
17142
29005
29004
17143
17145
17144
36912
36433
17146
17147
29007
29006
17148
17150
17149
36914
36435
17151
17152
29009
29008
17153
17155
17154
36916
36437
17156
17157
29011
29010
17158
17160
17159
36918
36439
17161
17162
29013
29012
17163
28981
17165
17167
17166
36920
36441
17168
17164
17169
29016
29015
17170
17172
17171
36922
36443
17173
17174
29018
29017
17175
17177
17176
36924
36445
17178
17179
29020
29019
17180
17182
17181
36926
36447
17183
17184
29022
29021
17185
17187
17186
36928
36449
17188
17189
29024
29023
17190
17192
17191
36930
36451
17193
17194
29026
29025
17195
17197
17196
36932
36453
17198
17199
29028
29027
17200
17202
17201
36934
36455
17203
17204
29030
29029
17205
17207
17206
36936
36457
17208
17209
29032
29031
17210
17212
17211
36938
36459
17213
17214
29034
29033
17215
17217
17216
36940
36461
17218
17219
29036
29035
17220
17222
17221
36942
36463
17223
17224
29038
29037
17225
17227
17226
36944
36465
17228
17229
29040
29039
17230
17232
17231
36946
36467
17233
17234
29042
29041
17235
17237
17236
36948
36469
17238
17239
29044
29043
17240
17242
17241
36950
36471
17243
17244
29046
29045
17245
29014
17247
17249
17248
36952
36473
17250
17246
17251
29049
29048
17252
17254
17253
36954
36475
17255
17256
29051
29050
17257
17259
17258
36956
36477
17260
17261
29053
29052
17262
17264
17263
36958
36479
17265
17266
29055
29054
17267
17269
17268
36960
36481
17270
17271
29057
29056
17272
17274
17273
36962
36483
17275
17276
29059
29058
17277
17279
17278
36964
36485
17280
17281
29061
29060
17282
17284
17283
36966
36487
17285
17286
29063
29062
17287
17289
17288
36968
36489
17290
17291
29065
29064
17292
17294
17293
36970
36491
17295
17296
29067
29066
17297
17299
17298
36972
36493
17300
17301
29069
29068
17302
17304
17303
36974
36495
17305
17306
29071
29070
17307
17309
17308
36976
36497
17310
17311
29073
29072
17312
17314
17313
36978
36499
17315
17316
29075
29074
17317
17319
17318
36980
36501
17320
17321
29077
29076
17322
17324
17323
36982
36503
17325
17326
29079
29078
17327
29047
17329
17331
17330
36984
36505
17332
17328
17333
29082
29081
17334
17336
17335
36986
36507
17337
17338
29084
29083
17339
17341
17340
36988
36509
17342
17343
29086
29085
17344
17346
17345
36990
36511
17347
17348
29088
29087
17349
17351
17350
36992
36513
17352
17353
29090
29089
17354
17356
17355
36994
36515
17357
17358
29092
29091
17359
17361
17360
36996
36517
17362
17363
29094
29093
17364
17366
17365
36998
36519
17367
17368
29096
29095
17369
17371
17370
37000
36521
17372
17373
29098
29097
17374
17376
17375
37002
36523
17377
17378
29100
29099
17379
17381
17380
37004
36525
17382
17383
29102
29101
17384
17386
17385
37006
36527
17387
17388
29104
29103
17389
17391
17390
37008
36529
17392
17393
29106
29105
17394
17396
17395
37010
36531
17397
17398
29108
29107
17399
17401
17400
37012
36533
17402
17403
29110
29109
17404
17406
17405
37014
36535
17407
17408
29112
29111
17409
29080
17411
17413
17412
37016
36537
17414
17410
17415
29115
29114
17416
17418
17417
37018
36539
17419
17420
29117
29116
17421
17423
17422
37020
36541
17424
17425
29119
29118
17426
17428
17427
37022
36543
17429
17430
29121
29120
17431
17433
17432
37024
36545
17434
17435
29123
29122
17436
17438
17437
37026
36547
17439
17440
29125
29124
17441
17443
17442
37028
36549
17444
17445
29127
29126
17446
17448
17447
37030
36551
17449
17450
29129
29128
17451
17453
17452
37032
36553
17454
17455
29131
29130
17456
17458
17457
37034
36555
17459
17460
29133
29132
17461
17463
17462
37036
36557
17464
17465
29135
29134
17466
17468
17467
37038
36559
17469
17470
29137
29136
17471
17473
17472
37040
36561
17474
17475
29139
29138
17476
17478
17477
37042
36563
17479
17480
29141
29140
17481
17483
17482
37044
36565
17484
17485
29143
29142
17486
17488
17487
37046
36567
17489
17490
29145
29144
17491
29113
17493
17495
17494
37048
36569
17496
17492
17497
29148
29147
17498
17500
17499
37050
36571
17501
17502
29150
29149
17503
17505
17504
37052
36573
17506
17507
29152
29151
17508
17510
17509
37054
36575
17511
17512
29154
29153
17513
17515
17514
37056
36577
17516
17517
29156
29155
17518
17520
17519
37058
36579
17521
17522
29158
29157
17523
17525
17524
37060
36581
17526
17527
29160
29159
17528
17530
17529
37062
36583
17531
17532
29162
29161
17533
17535
17534
37064
36585
17536
17537
29164
29163
17538
17540
17539
37066
36587
17541
17542
29166
29165
17543
17545
17544
37068
36589
17546
17547
29168
29167
17548
17550
17549
37070
36591
17551
17552
29170
29169
17553
17555
17554
37072
36593
17556
17557
29172
29171
17558
17560
17559
37074
36595
17561
17562
29174
29173
17563
17565
17564
37076
36597
17566
17567
29176
29175
17568
17570
17569
37078
36599
17571
17572
29178
29177
17573
29146
17575
17577
17576
37080
36601
17578
17574
17579
29181
29180
17580
17582
17581
37082
36603
17583
17584
29183
29182
17585
17587
17586
37084
36605
17588
17589
29185
29184
17590
17592
17591
37086
36607
17593
17594
29187
29186
17595
17597
17596
37088
36609
17598
17599
29189
29188
17600
17602
17601
37090
36611
17603
17604
29191
29190
17605
17607
17606
37092
36613
17608
17609
29193
29192
17610
17612
17611
37094
36615
17613
17614
29195
29194
17615
17617
17616
37096
36617
17618
17619
29197
29196
17620
17622
17621
37098
36619
17623
17624
29199
29198
17625
17627
17626
37100
36621
17628
17629
29201
29200
17630
17632
17631
37102
36623
17633
17634
29203
29202
17635
17637
17636
37104
36625
17638
17639
29205
29204
17640
17642
17641
37106
36627
17643
17644
29207
29206
17645
17647
17646
37108
36629
17648
17649
29209
29208
17650
17652
17651
37110
36631
17653
17654
29211
29210
17655
29179
17657
17659
17658
37112
36633
17660
17656
17661
29214
29213
17662
17664
17663
37114
36635
17665
17666
29216
29215
17667
17669
17668
37116
36637
17670
17671
29218
29217
17672
17674
17673
37118
36639
17675
17676
29220
29219
17677
17679
17678
37120
36641
17680
17681
29222
29221
17682
17684
17683
37122
36643
17685
17686
29224
29223
17687
17689
17688
37124
36645
17690
17691
29226
29225
17692
17694
17693
37126
36647
17695
17696
29228
29227
17697
17699
17698
37128
36649
17700
17701
29230
29229
17702
17704
17703
37130
36651
17705
17706
29232
29231
17707
17709
17708
37132
36653
17710
17711
29234
29233
17712
17714
17713
37134
36655
17715
17716
29236
29235
17717
17719
17718
37136
36657
17720
17721
29238
29237
17722
17724
17723
37138
36659
17725
17726
29240
29239
17727
17729
17728
37140
36661
17730
17731
29242
29241
17732
17734
17733
37142
36663
17735
17736
29244
29243
17737
29212
17739
17741
17740
37144
36665
17742
17738
17743
29247
29246
17744
17746
17745
37146
36667
17747
17748
29249
29248
17749
17751
17750
37148
36669
17752
17753
29251
29250
17754
17756
17755
37150
36671
17757
17758
29253
29252
17759
17761
17760
37152
36673
17762
17763
29255
29254
17764
17766
17765
37154
36675
17767
17768
29257
29256
17769
17771
17770
37156
36677
17772
17773
29259
29258
17774
17776
17775
37158
36679
17777
17778
29261
29260
17779
17781
17780
37160
36681
17782
17783
29263
29262
17784
17786
17785
37162
36683
17787
17788
29265
29264
17789
17791
17790
37164
36685
17792
17793
29267
29266
17794
17796
17795
37166
36687
17797
17798
29269
29268
17799
17801
17800
37168
36689
17802
17803
29271
29270
17804
17806
17805
37170
36691
17807
17808
29273
29272
17809
17811
17810
37172
36693
17812
17813
29275
29274
17814
17816
17815
37174
36695
17817
17818
29277
29276
17819
29245
17821
17823
17822
37176
36697
17824
17820
17825
29280
29279
17826
17828
17827
37178
36699
17829
17830
29282
29281
17831
17833
17832
37180
36701
17834
17835
29284
29283
17836
17838
17837
37182
36703
17839
17840
29286
29285
17841
17843
17842
37184
36705
17844
17845
29288
29287
17846
17848
17847
17849
17850
29290
29289
17851
17853
17852
17854
17855
29292
29291
17856
17858
17857
17859
17860
29294
29293
17861
17863
17862
17864
17865
29296
29295
17866
17868
17867
17869
17870
29298
29297
17871
17873
17872
17874
17875
29300
29299
17876
17878
17877
17879
17880
29302
29301
17881
17883
17882
17884
17885
29304
29303
17886
17888
17887
17889
17890
29306
29305
17891
17893
17892
17894
17895
29308
29307
17896
17898
17897
17899
17900
29310
29309
17901
29278
17903
17905
28801
17904
17906
17902
17907
29313
29312
17908
17910
28804
17909
17911
17912
29315
29314
17913
17915
28807
17914
17916
17917
29317
29316
17918
17920
28810
17919
17921
17922
29319
29318
17923
17925
28813
17924
36759
17926
17927
29321
29320
17928
17930
28816
17929
36755
17931
17932
29323
29322
17933
17935
28819
17934
36751
17936
17937
29325
29324
17938
17940
28822
17939
36747
17941
17942
29327
29326
17943
17945
28825
17944
36743
17946
17947
29329
29328
17948
17950
28828
17949
36739
17951
17952
29331
29330
17953
17955
28831
17954
36735
17956
17957
29333
29332
17958
17960
28834
17959
36731
17961
17962
29335
29334
17963
17965
28837
17964
36727
17966
17967
29337
29336
17968
17970
28840
17969
36723
17971
17972
29339
29338
17973
17975
28843
17974
36719
17976
17977
29341
29340
17978
17980
28846
17979
36715
17981
17982
29343
29342
17983
29311
17985
17986
17987
17989
17988
36711
17990
17984
17991
29347
29346
17992
17993
17994
17996
17995
36707
17997
17998
29350
29349
37186
17999
18000
18001
18003
18002
37188
36709
18004
18005
29353
29352
37190
18006
18007
18008
18010
18009
37192
36713
18011
18012
29356
29355
37194
18013
18014
18015
18017
18016
37196
36717
18018
18019
29359
29358
37198
18020
18021
18022
18024
18023
37200
36721
18025
18026
29362
29361
37202
18027
18028
18029
18031
18030
37204
36725
18032
18033
29365
29364
37206
18034
18035
18036
18038
18037
37208
36729
18039
18040
29368
29367
37210
18041
18042
18043
18045
18044
37212
36733
18046
18047
29371
29370
37214
18048
18049
18050
18052
18051
37216
36737
18053
18054
29374
29373
37218
18055
18056
18057
18059
18058
37220
36741
18060
18061
29377
29376
37222
18062
18063
18064
18066
18065
37224
36745
18067
18068
29380
29379
37226
18069
18070
18071
18073
18072
37228
36749
18074
18075
29383
29382
37230
18076
18077
18078
18080
18079
37232
36753
18081
18082
29386
29385
37234
18083
18084
18085
18087
18086
37236
36757
18088
18089
29389
29388
37238
18090
18091
18092
18094
18093
37240
36761
18095
18096
29392
29391
18097
29344
18099
18101
18100
37242
36763
18102
18098
18103
29395
29394
18104
18106
18105
37244
36765
18107
18108
29397
29396
18109
18111
18110
37246
36767
18112
18113
29399
29398
18114
18116
18115
37248
36769
18117
18118
29401
29400
18119
18121
18120
37250
36771
18122
18123
29403
29402
18124
18126
18125
37252
36773
18127
18128
29405
29404
18129
18131
18130
37254
36775
18132
18133
29407
29406
18134
18136
18135
37256
36777
18137
18138
29409
29408
18139
18141
18140
37258
36779
18142
18143
29411
29410
18144
18146
18145
37260
36781
18147
18148
29413
29412
18149
18151
18150
37262
36783
18152
18153
29415
29414
18154
18156
18155
37264
36785
18157
18158
29417
29416
18159
18161
18160
37266
36787
18162
18163
29419
29418
18164
18166
18165
37268
36789
18167
18168
29421
29420
18169
18171
18170
37270
36791
18172
18173
29423
29422
18174
18176
18175
37272
36793
18177
18178
29425
29424
18179
29393
18181
18183
18182
37274
36795
18184
18180
18185
29428
29427
18186
18188
18187
37276
36797
18189
18190
29430
29429
18191
18193
18192
37278
36799
18194
18195
29432
29431
18196
18198
18197
37280
36801
18199
18200
29434
29433
18201
18203
18202
37282
36803
18204
18205
29436
29435
18206
18208
18207
37284
36805
18209
18210
29438
29437
18211
18213
18212
37286
36807
18214
18215
29440
29439
18216
18218
18217
37288
36809
18219
18220
29442
29441
18221
18223
18222
37290
36811
18224
18225
29444
29443
18226
18228
18227
37292
36813
18229
18230
29446
29445
18231
18233
18232
37294
36815
18234
18235
29448
29447
18236
18238
18237
37296
36817
18239
18240
29450
29449
18241
18243
18242
37298
36819
18244
18245
29452
29451
18246
18248
18247
37300
36821
18249
18250
29454
29453
18251
18253
18252
37302
36823
18254
18255
29456
29455
18256
18258
18257
37304
36825
18259
18260
29458
29457
18261
29426
18263
18265
18264
37306
36827
18266
18262
18267
29461
29460
18268
18270
18269
37308
36829
18271
18272
29463
29462
18273
18275
18274
37310
36831
18276
18277
29465
29464
18278
18280
18279
37312
36833
18281
18282
29467
29466
18283
18285
18284
37314
36835
18286
18287
29469
29468
18288
18290
18289
37316
36837
18291
18292
29471
29470
18293
18295
18294
37318
36839
18296
18297
29473
29472
18298
18300
18299
37320
36841
18301
18302
29475
29474
18303
18305
18304
37322
36843
18306
18307
29477
29476
18308
18310
18309
37324
36845
18311
18312
29479
29478
18313
18315
18314
37326
36847
18316
18317
29481
29480
18318
18320
18319
37328
36849
18321
18322
29483
29482
18323
18325
18324
37330
36851
18326
18327
29485
29484
18328
18330
18329
37332
36853
18331
18332
29487
29486
18333
18335
18334
37334
36855
18336
18337
29489
29488
18338
18340
18339
37336
36857
18341
18342
29491
29490
18343
29459
18345
18347
18346
37338
36859
18348
18344
18349
29494
29493
18350
18352
18351
37340
36861
18353
18354
29496
29495
18355
18357
18356
37342
36863
18358
18359
29498
29497
18360
18362
18361
37344
36865
18363
18364
29500
29499
18365
18367
18366
37346
36867
18368
18369
29502
29501
18370
18372
18371
37348
36869
18373
18374
29504
29503
18375
18377
18376
37350
36871
18378
18379
29506
29505
18380
18382
18381
37352
36873
18383
18384
29508
29507
18385
18387
18386
37354
36875
18388
18389
29510
29509
18390
18392
18391
37356
36877
18393
18394
29512
29511
18395
18397
18396
37358
36879
18398
18399
29514
29513
18400
18402
18401
37360
36881
18403
18404
29516
29515
18405
18407
18406
37362
36883
18408
18409
29518
29517
18410
18412
18411
37364
36885
18413
18414
29520
29519
18415
18417
18416
37366
36887
18418
18419
29522
29521
18420
18422
18421
37368
36889
18423
18424
29524
29523
18425
29492
18427
18429
18428
37370
36891
18430
18426
18431
29527
29526
18432
18434
18433
37372
36893
18435
18436
29529
29528
18437
18439
18438
37374
36895
18440
18441
29531
29530
18442
18444
18443
37376
36897
18445
18446
29533
29532
18447
18449
18448
37378
36899
18450
18451
29535
29534
18452
18454
18453
37380
36901
18455
18456
29537
29536
18457
18459
18458
37382
36903
18460
18461
29539
29538
18462
18464
18463
37384
36905
18465
18466
29541
29540
18467
18469
18468
37386
36907
18470
18471
29543
29542
18472
18474
18473
37388
36909
18475
18476
29545
29544
18477
18479
18478
37390
36911
18480
18481
29547
29546
18482
18484
18483
37392
36913
18485
18486
29549
29548
18487
18489
18488
37394
36915
18490
18491
29551
29550
18492
18494
18493
37396
36917
18495
18496
29553
29552
18497
18499
18498
37398
36919
18500
18501
29555
29554
18502
18504
18503
37400
36921
18505
18506
29557
29556
18507
29525
18509
18511
18510
37402
36923
18512
18508
18513
29560
29559
18514
18516
18515
37404
36925
18517
18518
29562
29561
18519
18521
18520
37406
36927
18522
18523
29564
29563
18524
18526
18525
37408
36929
18527
18528
29566
29565
18529
18531
18530
37410
36931
18532
18533
29568
29567
18534
18536
18535
37412
36933
18537
18538
29570
29569
18539
18541
18540
37414
36935
18542
18543
29572
29571
18544
18546
18545
37416
36937
18547
18548
29574
29573
18549
18551
18550
37418
36939
18552
18553
29576
29575
18554
18556
18555
37420
36941
18557
18558
29578
29577
18559
18561
18560
37422
36943
18562
18563
29580
29579
18564
18566
18565
37424
36945
18567
18568
29582
29581
18569
18571
18570
37426
36947
18572
18573
29584
29583
18574
18576
18575
37428
36949
18577
18578
29586
29585
18579
18581
18580
37430
36951
18582
18583
29588
29587
18584
18586
18585
37432
36953
18587
18588
29590
29589
18589
29558
18591
18593
18592
37434
36955
18594
18590
18595
29593
29592
18596
18598
18597
37436
36957
18599
18600
29595
29594
18601
18603
18602
37438
36959
18604
18605
29597
29596
18606
18608
18607
37440
36961
18609
18610
29599
29598
18611
18613
18612
37442
36963
18614
18615
29601
29600
18616
18618
18617
37444
36965
18619
18620
29603
29602
18621
18623
18622
37446
36967
18624
18625
29605
29604
18626
18628
18627
37448
36969
18629
18630
29607
29606
18631
18633
18632
37450
36971
18634
18635
29609
29608
18636
18638
18637
37452
36973
18639
18640
29611
29610
18641
18643
18642
37454
36975
18644
18645
29613
29612
18646
18648
18647
37456
36977
18649
18650
29615
29614
18651
18653
18652
37458
36979
18654
18655
29617
29616
18656
18658
18657
37460
36981
18659
18660
29619
29618
18661
18663
18662
37462
36983
18664
18665
29621
29620
18666
18668
18667
37464
36985
18669
18670
29623
29622
18671
29591
18673
18675
18674
37466
36987
18676
18672
18677
29626
29625
18678
18680
18679
37468
36989
18681
18682
29628
29627
18683
18685
18684
37470
36991
18686
18687
29630
29629
18688
18690
18689
37472
36993
18691
18692
29632
29631
18693
18695
18694
37474
36995
18696
18697
29634
29633
18698
18700
18699
37476
36997
18701
18702
29636
29635
18703
18705
18704
37478
36999
18706
18707
29638
29637
18708
18710
18709
37480
37001
18711
18712
29640
29639
18713
18715
18714
37482
37003
18716
18717
29642
29641
18718
18720
18719
37484
37005
18721
18722
29644
29643
18723
18725
18724
37486
37007
18726
18727
29646
29645
18728
18730
18729
37488
37009
18731
18732
29648
29647
18733
18735
18734
37490
37011
18736
18737
29650
29649
18738
18740
18739
37492
37013
18741
18742
29652
29651
18743
18745
18744
37494
37015
18746
18747
29654
29653
18748
18750
18749
37496
37017
18751
18752
29656
29655
18753
29624
18755
18757
18756
37498
37019
18758
18754
18759
29659
29658
18760
18762
18761
37500
37021
18763
18764
29661
29660
18765
18767
18766
37502
37023
18768
18769
29663
29662
18770
18772
18771
37504
37025
18773
18774
29665
29664
18775
18777
18776
37506
37027
18778
18779
29667
29666
18780
18782
18781
37508
37029
18783
18784
29669
29668
18785
18787
18786
37510
37031
18788
18789
29671
29670
18790
18792
18791
37512
37033
18793
18794
29673
29672
18795
18797
18796
37514
37035
18798
18799
29675
29674
18800
18802
18801
37516
37037
18803
18804
29677
29676
18805
18807
18806
37518
37039
18808
18809
29679
29678
18810
18812
18811
37520
37041
18813
18814
29681
29680
18815
18817
18816
37522
37043
18818
18819
29683
29682
18820
18822
18821
37524
37045
18823
18824
29685
29684
18825
18827
18826
37526
37047
18828
18829
29687
29686
18830
18832
18831
37528
37049
18833
18834
29689
29688
18835
29657
18837
18839
18838
37530
37051
18840
18836
18841
29692
29691
18842
18844
18843
37532
37053
18845
18846
29694
29693
18847
18849
18848
37534
37055
18850
18851
29696
29695
18852
18854
18853
37536
37057
18855
18856
29698
29697
18857
18859
18858
37538
37059
18860
18861
29700
29699
18862
18864
18863
37540
37061
18865
18866
29702
29701
18867
18869
18868
37542
37063
18870
18871
29704
29703
18872
18874
18873
37544
37065
18875
18876
29706
29705
18877
18879
18878
37546
37067
18880
18881
29708
29707
18882
18884
18883
37548
37069
18885
18886
29710
29709
18887
18889
18888
37550
37071
18890
18891
29712
29711
18892
18894
18893
37552
37073
18895
18896
29714
29713
18897
18899
18898
37554
37075
18900
18901
29716
29715
18902
18904
18903
37556
37077
18905
18906
29718
29717
18907
18909
18908
37558
37079
18910
18911
29720
29719
18912
18914
18913
37560
37081
18915
18916
29722
29721
18917
29690
18919
18921
18920
37562
37083
18922
18918
18923
29725
29724
18924
18926
18925
37564
37085
18927
18928
29727
29726
18929
18931
18930
37566
37087
18932
18933
29729
29728
18934
18936
18935
37568
37089
18937
18938
29731
29730
18939
18941
18940
37570
37091
18942
18943
29733
29732
18944
18946
18945
37572
37093
18947
18948
29735
29734
18949
18951
18950
37574
37095
18952
18953
29737
29736
18954
18956
18955
37576
37097
18957
18958
29739
29738
18959
18961
18960
37578
37099
18962
18963
29741
29740
18964
18966
18965
37580
37101
18967
18968
29743
29742
18969
18971
18970
37582
37103
18972
18973
29745
29744
18974
18976
18975
37584
37105
18977
18978
29747
29746
18979
18981
18980
37586
37107
18982
18983
29749
29748
18984
18986
18985
37588
37109
18987
18988
29751
29750
18989
18991
18990
37590
37111
18992
18993
29753
29752
18994
18996
18995
37592
37113
18997
18998
29755
29754
18999
29723
19001
19003
19002
37594
37115
19004
19000
19005
29758
29757
19006
19008
19007
37596
37117
19009
19010
29760
29759
19011
19013
19012
37598
37119
19014
19015
29762
29761
19016
19018
19017
37600
37121
19019
19020
29764
29763
19021
19023
19022
37602
37123
19024
19025
29766
29765
19026
19028
19027
37604
37125
19029
19030
29768
29767
19031
19033
19032
37606
37127
19034
19035
29770
29769
19036
19038
19037
37608
37129
19039
19040
29772
29771
19041
19043
19042
37610
37131
19044
19045
29774
29773
19046
19048
19047
37612
37133
19049
19050
29776
29775
19051
19053
19052
37614
37135
19054
19055
29778
29777
19056
19058
19057
37616
37137
19059
19060
29780
29779
19061
19063
19062
37618
37139
19064
19065
29782
29781
19066
19068
19067
37620
37141
19069
19070
29784
29783
19071
19073
19072
37622
37143
19074
19075
29786
29785
19076
19078
19077
37624
37145
19079
19080
29788
29787
19081
29756
19083
19085
19084
37626
37147
19086
19082
19087
29791
29790
19088
19090
19089
37628
37149
19091
19092
29793
29792
19093
19095
19094
37630
37151
19096
19097
29795
29794
19098
19100
19099
37632
37153
19101
19102
29797
29796
19103
19105
19104
37634
37155
19106
19107
29799
29798
19108
19110
19109
37636
37157
19111
19112
29801
29800
19113
19115
19114
37638
37159
19116
19117
29803
29802
19118
19120
19119
37640
37161
19121
19122
29805
29804
19123
19125
19124
37642
37163
19126
19127
29807
29806
19128
19130
19129
37644
37165
19131
19132
29809
29808
19133
19135
19134
37646
37167
19136
19137
29811
29810
19138
19140
19139
37648
37169
19141
19142
29813
29812
19143
19145
19144
37650
37171
19146
19147
29815
29814
19148
19150
19149
37652
37173
19151
19152
29817
29816
19153
19155
19154
37654
37175
19156
19157
29819
29818
19158
19160
19159
37656
37177
19161
19162
29821
29820
19163
29789
19165
19167
19166
37658
37179
19168
19164
19169
29824
29823
19170
19172
19171
37660
37181
19173
19174
29826
29825
19175
19177
19176
37662
37183
19178
19179
29828
29827
19180
19182
19181
37664
37185
19183
19184
29830
29829
19185
19187
19186
19188
19189
29832
29831
19190
19192
19191
19193
19194
29834
29833
19195
19197
19196
19198
19199
29836
29835
19200
19202
19201
19203
19204
29838
29837
19205
19207
19206
19208
19209
29840
29839
19210
19212
19211
19213
19214
29842
29841
19215
19217
19216
19218
19219
29844
29843
19220
19222
19221
19223
19224
29846
29845
19225
19227
19226
19228
19229
29848
29847
19230
19232
19231
19233
19234
29850
29849
19235
19237
19236
19238
19239
29852
29851
19240
19242
19241
19243
19244
29854
29853
19245
29822
19247
19249
29345
19248
19250
19246
19251
29857
29856
19252
19254
29348
19253
19255
19256
29859
29858
19257
19259
29351
19258
19260
19261
29861
29860
19262
19264
29354
19263
37241
19265
19266
29863
29862
19267
19269
29357
19268
37237
19270
19271
29865
29864
19272
19274
29360
19273
37233
19275
19276
29867
29866
19277
19279
29363
19278
37229
19280
19281
29869
29868
19282
19284
29366
19283
37225
19285
19286
29871
29870
19287
19289
29369
19288
37221
19290
19291
29873
29872
19292
19294
29372
19293
37217
19295
19296
29875
29874
19297
19299
29375
19298
37213
19300
19301
29877
29876
19302
19304
29378
19303
37209
19305
19306
29879
29878
19307
19309
29381
19308
37205
19310
19311
29881
29880
19312
19314
29384
19313
37201
19315
19316
29883
29882
19317
19319
29387
19318
37197
19320
19321
29885
29884
19322
19324
29390
19323
37193
19325
19326
29887
29886
19327
29855
19329
19330
19331
19333
19332
37189
19334
19328
19335
29891
29890
19336
19337
19338
19340
19339
37666
37187
19341
19342
29894
29893
37668
19343
19344
19345
19347
19346
37670
37191
19348
19349
29897
29896
37672
19350
19351
19352
19354
19353
37674
37195
19355
19356
29900
29899
37676
19357
19358
19359
19361
19360
37678
37199
19362
19363
29903
29902
37680
19364
19365
19366
19368
19367
37682
37203
19369
19370
29906
29905
37684
19371
19372
19373
19375
19374
37686
37207
19376
19377
29909
29908
37688
19378
19379
19380
19382
19381
37690
37211
19383
19384
29912
29911
37692
19385
19386
19387
19389
19388
37694
37215
19390
19391
29915
29914
37696
19392
19393
19394
19396
19395
37698
37219
19397
19398
29918
29917
37700
19399
19400
19401
19403
19402
37702
37223
19404
19405
29921
29920
37704
19406
19407
19408
19410
19409
37706
37227
19411
19412
29924
29923
37708
19413
19414
19415
19417
19416
37710
37231
19418
19419
29927
29926
37712
19420
19421
19422
19424
19423
37714
37235
19425
19426
29930
29929
37716
19427
19428
19429
19431
19430
37718
37239
19432
19433
29933
29932
37720
19434
19435
19436
19438
19437
37722
37243
19439
19440
29936
29935
19441
29888
19443
19445
19444
37724
37245
19446
19442
19447
29939
29938
19448
19450
19449
37726
37247
19451
19452
29941
29940
19453
19455
19454
37728
37249
19456
19457
29943
29942
19458
19460
19459
37730
37251
19461
19462
29945
29944
19463
19465
19464
37732
37253
19466
19467
29947
29946
19468
19470
19469
37734
37255
19471
19472
29949
29948
19473
19475
19474
37736
37257
19476
19477
29951
29950
19478
19480
19479
37738
37259
19481
19482
29953
29952
19483
19485
19484
37740
37261
19486
19487
29955
29954
19488
19490
19489
37742
37263
19491
19492
29957
29956
19493
19495
19494
37744
37265
19496
19497
29959
29958
19498
19500
19499
37746
37267
19501
19502
29961
29960
19503
19505
19504
37748
37269
19506
19507
29963
29962
19508
19510
19509
37750
37271
19511
19512
29965
29964
19513
19515
19514
37752
37273
19516
19517
29967
29966
19518
19520
19519
37754
37275
19521
19522
29969
29968
19523
29937
19525
19527
19526
37756
37277
19528
19524
19529
29972
29971
19530
19532
19531
37758
37279
19533
19534
29974
29973
19535
19537
19536
37760
37281
19538
19539
29976
29975
19540
19542
19541
37762
37283
19543
19544
29978
29977
19545
19547
19546
37764
37285
19548
19549
29980
29979
19550
19552
19551
37766
37287
19553
19554
29982
29981
19555
19557
19556
37768
37289
19558
19559
29984
29983
19560
19562
19561
37770
37291
19563
19564
29986
29985
19565
19567
19566
37772
37293
19568
19569
29988
29987
19570
19572
19571
37774
37295
19573
19574
29990
29989
19575
19577
19576
37776
37297
19578
19579
29992
29991
19580
19582
19581
37778
37299
19583
19584
29994
29993
19585
19587
19586
37780
37301
19588
19589
29996
29995
19590
19592
19591
37782
37303
19593
19594
29998
29997
19595
19597
19596
37784
37305
19598
19599
30000
29999
19600
19602
19601
37786
37307
19603
19604
30002
30001
19605
29970
19607
19609
19608
37788
37309
19610
19606
19611
30005
30004
19612
19614
19613
37790
37311
19615
19616
30007
30006
19617
19619
19618
37792
37313
19620
19621
30009
30008
19622
19624
19623
37794
37315
19625
19626
30011
30010
19627
19629
19628
37796
37317
19630
19631
30013
30012
19632
19634
19633
37798
37319
19635
19636
30015
30014
19637
19639
19638
37800
37321
19640
19641
30017
30016
19642
19644
19643
37802
37323
19645
19646
30019
30018
19647
19649
19648
37804
37325
19650
19651
30021
30020
19652
19654
19653
37806
37327
19655
19656
30023
30022
19657
19659
19658
37808
37329
19660
19661
30025
30024
19662
19664
19663
37810
37331
19665
19666
30027
30026
19667
19669
19668
37812
37333
19670
19671
30029
30028
19672
19674
19673
37814
37335
19675
19676
30031
30030
19677
19679
19678
37816
37337
19680
19681
30033
30032
19682
19684
19683
37818
37339
19685
19686
30035
30034
19687
30003
19689
19691
19690
37820
37341
19692
19688
19693
30038
30037
19694
19696
19695
37822
37343
19697
19698
30040
30039
19699
19701
19700
37824
37345
19702
19703
30042
30041
19704
19706
19705
37826
37347
19707
19708
30044
30043
19709
19711
19710
37828
37349
19712
19713
30046
30045
19714
19716
19715
37830
37351
19717
19718
30048
30047
19719
19721
19720
37832
37353
19722
19723
30050
30049
19724
19726
19725
37834
37355
19727
19728
30052
30051
19729
19731
19730
37836
37357
19732
19733
30054
30053
19734
19736
19735
37838
37359
19737
19738
30056
30055
19739
19741
19740
37840
37361
19742
19743
30058
30057
19744
19746
19745
37842
37363
19747
19748
30060
30059
19749
19751
19750
37844
37365
19752
19753
30062
30061
19754
19756
19755
37846
37367
19757
19758
30064
30063
19759
19761
19760
37848
37369
19762
19763
30066
30065
19764
19766
19765
37850
37371
19767
19768
30068
30067
19769
30036
19771
19773
19772
37852
37373
19774
19770
19775
30071
30070
19776
19778
19777
37854
37375
19779
19780
30073
30072
19781
19783
19782
37856
37377
19784
19785
30075
30074
19786
19788
19787
37858
37379
19789
19790
30077
30076
19791
19793
19792
37860
37381
19794
19795
30079
30078
19796
19798
19797
37862
37383
19799
19800
30081
30080
19801
19803
19802
37864
37385
19804
19805
30083
30082
19806
19808
19807
37866
37387
19809
19810
30085
30084
19811
19813
19812
37868
37389
19814
19815
30087
30086
19816
19818
19817
37870
37391
19819
19820
30089
30088
19821
19823
19822
37872
37393
19824
19825
30091
30090
19826
19828
19827
37874
37395
19829
19830
30093
30092
19831
19833
19832
37876
37397
19834
19835
30095
30094
19836
19838
19837
37878
37399
19839
19840
30097
30096
19841
19843
19842
37880
37401
19844
19845
30099
30098
19846
19848
19847
37882
37403
19849
19850
30101
30100
19851
30069
19853
19855
19854
37884
37405
19856
19852
19857
30104
30103
19858
19860
19859
37886
37407
19861
19862
30106
30105
19863
19865
19864
37888
37409
19866
19867
30108
30107
19868
19870
19869
37890
37411
19871
19872
30110
30109
19873
19875
19874
37892
37413
19876
19877
30112
30111
19878
19880
19879
37894
37415
19881
19882
30114
30113
19883
19885
19884
37896
37417
19886
19887
30116
30115
19888
19890
19889
37898
37419
19891
19892
30118
30117
19893
19895
19894
37900
37421
19896
19897
30120
30119
19898
19900
19899
37902
37423
19901
19902
30122
30121
19903
19905
19904
37904
37425
19906
19907
30124
30123
19908
19910
19909
37906
37427
19911
19912
30126
30125
19913
19915
19914
37908
37429
19916
19917
30128
30127
19918
19920
19919
37910
37431
19921
19922
30130
30129
19923
19925
19924
37912
37433
19926
19927
30132
30131
19928
19930
19929
37914
37435
19931
19932
30134
30133
19933
30102
19935
19937
19936
37916
37437
19938
19934
19939
30137
30136
19940
19942
19941
37918
37439
19943
19944
30139
30138
19945
19947
19946
37920
37441
19948
19949
30141
30140
19950
19952
19951
37922
37443
19953
19954
30143
30142
19955
19957
19956
37924
37445
19958
19959
30145
30144
19960
19962
19961
37926
37447
19963
19964
30147
30146
19965
19967
19966
37928
37449
19968
19969
30149
30148
19970
19972
19971
37930
37451
19973
19974
30151
30150
19975
19977
19976
37932
37453
19978
19979
30153
30152
19980
19982
19981
37934
37455
19983
19984
30155
30154
19985
19987
19986
37936
37457
19988
19989
30157
30156
19990
19992
19991
37938
37459
19993
19994
30159
30158
19995
19997
19996
37940
37461
19998
19999
30161
30160
20000
20002
20001
37942
37463
20003
20004
30163
30162
20005
20007
20006
37944
37465
20008
20009
30165
30164
20010
20012
20011
37946
37467
20013
20014
30167
30166
20015
30135
20017
20019
20018
37948
37469
20020
20016
20021
30170
30169
20022
20024
20023
37950
37471
20025
20026
30172
30171
20027
20029
20028
37952
37473
20030
20031
30174
30173
20032
20034
20033
37954
37475
20035
20036
30176
30175
20037
20039
20038
37956
37477
20040
20041
30178
30177
20042
20044
20043
37958
37479
20045
20046
30180
30179
20047
20049
20048
37960
37481
20050
20051
30182
30181
20052
20054
20053
37962
37483
20055
20056
30184
30183
20057
20059
20058
37964
37485
20060
20061
30186
30185
20062
20064
20063
37966
37487
20065
20066
30188
30187
20067
20069
20068
37968
37489
20070
20071
30190
30189
20072
20074
20073
37970
37491
20075
20076
30192
30191
20077
20079
20078
37972
37493
20080
20081
30194
30193
20082
20084
20083
37974
37495
20085
20086
30196
30195
20087
20089
20088
37976
37497
20090
20091
30198
30197
20092
20094
20093
37978
37499
20095
20096
30200
30199
20097
30168
20099
20101
20100
37980
37501
20102
20098
20103
30203
30202
20104
20106
20105
37982
37503
20107
20108
30205
30204
20109
20111
20110
37984
37505
20112
20113
30207
30206
20114
20116
20115
37986
37507
20117
20118
30209
30208
20119
20121
20120
37988
37509
20122
20123
30211
30210
20124
20126
20125
37990
37511
20127
20128
30213
30212
20129
20131
20130
37992
37513
20132
20133
30215
30214
20134
20136
20135
37994
37515
20137
20138
30217
30216
20139
20141
20140
37996
37517
20142
20143
30219
30218
20144
20146
20145
37998
37519
20147
20148
30221
30220
20149
20151
20150
38000
37521
20152
20153
30223
30222
20154
20156
20155
38002
37523
20157
20158
30225
30224
20159
20161
20160
38004
37525
20162
20163
30227
30226
20164
20166
20165
38006
37527
20167
20168
30229
30228
20169
20171
20170
38008
37529
20172
20173
30231
30230
20174
20176
20175
38010
37531
20177
20178
30233
30232
20179
30201
20181
20183
20182
38012
37533
20184
20180
20185
30236
30235
20186
20188
20187
38014
37535
20189
20190
30238
30237
20191
20193
20192
38016
37537
20194
20195
30240
30239
20196
20198
20197
38018
37539
20199
20200
30242
30241
20201
20203
20202
38020
37541
20204
20205
30244
30243
20206
20208
20207
38022
37543
20209
20210
30246
30245
20211
20213
20212
38024
37545
20214
20215
30248
30247
20216
20218
20217
38026
37547
20219
20220
30250
30249
20221
20223
20222
38028
37549
20224
20225
30252
30251
20226
20228
20227
38030
37551
20229
20230
30254
30253
20231
20233
20232
38032
37553
20234
20235
30256
30255
20236
20238
20237
38034
37555
20239
20240
30258
30257
20241
20243
20242
38036
37557
20244
20245
30260
30259
20246
20248
20247
38038
37559
20249
20250
30262
30261
20251
20253
20252
38040
37561
20254
20255
30264
30263
20256
20258
20257
38042
37563
20259
20260
30266
30265
20261
30234
20263
20265
20264
38044
37565
20266
20262
20267
30269
30268
20268
20270
20269
38046
37567
20271
20272
30271
30270
20273
20275
20274
38048
37569
20276
20277
30273
30272
20278
20280
20279
38050
37571
20281
20282
30275
30274
20283
20285
20284
38052
37573
20286
20287
30277
30276
20288
20290
20289
38054
37575
20291
20292
30279
30278
20293
20295
20294
38056
37577
20296
20297
30281
30280
20298
20300
20299
38058
37579
20301
20302
30283
30282
20303
20305
20304
38060
37581
20306
20307
30285
30284
20308
20310
20309
38062
37583
20311
20312
30287
30286
20313
20315
20314
38064
37585
20316
20317
30289
30288
20318
20320
20319
38066
37587
20321
20322
30291
30290
20323
20325
20324
38068
37589
20326
20327
30293
30292
20328
20330
20329
38070
37591
20331
20332
30295
30294
20333
20335
20334
38072
37593
20336
20337
30297
30296
20338
20340
20339
38074
37595
20341
20342
30299
30298
20343
30267
20345
20347
20346
38076
37597
20348
20344
20349
30302
30301
20350
20352
20351
38078
37599
20353
20354
30304
30303
20355
20357
20356
38080
37601
20358
20359
30306
30305
20360
20362
20361
38082
37603
20363
20364
30308
30307
20365
20367
20366
38084
37605
20368
20369
30310
30309
20370
20372
20371
38086
37607
20373
20374
30312
30311
20375
20377
20376
38088
37609
20378
20379
30314
30313
20380
20382
20381
38090
37611
20383
20384
30316
30315
20385
20387
20386
38092
37613
20388
20389
30318
30317
20390
20392
20391
38094
37615
20393
20394
30320
30319
20395
20397
20396
38096
37617
20398
20399
30322
30321
20400
20402
20401
38098
37619
20403
20404
30324
30323
20405
20407
20406
38100
37621
20408
20409
30326
30325
20410
20412
20411
38102
37623
20413
20414
30328
30327
20415
20417
20416
38104
37625
20418
20419
30330
30329
20420
20422
20421
38106
37627
20423
20424
30332
30331
20425
30300
20427
20429
20428
38108
37629
20430
20426
20431
30335
30334
20432
20434
20433
38110
37631
20435
20436
30337
30336
20437
20439
20438
38112
37633
20440
20441
30339
30338
20442
20444
20443
38114
37635
20445
20446
30341
30340
20447
20449
20448
38116
37637
20450
20451
30343
30342
20452
20454
20453
38118
37639
20455
20456
30345
30344
20457
20459
20458
38120
37641
20460
20461
30347
30346
20462
20464
20463
38122
37643
20465
20466
30349
30348
20467
20469
20468
38124
37645
20470
20471
30351
30350
20472
20474
20473
38126
37647
20475
20476
30353
30352
20477
20479
20478
38128
37649
20480
20481
30355
30354
20482
20484
20483
38130
37651
20485
20486
30357
30356
20487
20489
20488
38132
37653
20490
20491
30359
30358
20492
20494
20493
38134
37655
20495
20496
30361
30360
20497
20499
20498
38136
37657
20500
20501
30363
30362
20502
20504
20503
38138
37659
20505
20506
30365
30364
20507
30333
20509
20511
20510
38140
37661
20512
20508
20513
30368
30367
20514
20516
20515
38142
37663
20517
20518
30370
30369
20519
20521
20520
38144
37665
20522
20523
30372
30371
20524
20526
20525
20527
20528
30374
30373
20529
20531
20530
20532
20533
30376
30375
20534
20536
20535
20537
20538
30378
30377
20539
20541
20540
20542
20543
30380
30379
20544
20546
20545
20547
20548
30382
30381
20549
20551
20550
20552
20553
30384
30383
20554
20556
20555
20557
20558
30386
30385
20559
20561
20560
20562
20563
30388
30387
20564
20566
20565
20567
20568
30390
30389
20569
20571
20570
20572
20573
30392
30391
20574
20576
20575
20577
20578
30394
30393
20579
20581
20580
20582
20583
30396
30395
20584
20586
20585
20587
20588
30398
30397
20589
30366
20591
20593
29889
20592
20594
20590
20595
30401
30400
20596
20598
29892
20597
20599
20600
30403
30402
20601
20603
29895
20602
37723
20604
20605
30405
30404
20606
20608
29898
20607
37719
20609
20610
30407
30406
20611
20613
29901
20612
37715
20614
20615
30409
30408
20616
20618
29904
20617
37711
20619
20620
30411
30410
20621
20623
29907
20622
37707
20624
20625
30413
30412
20626
20628
29910
20627
37703
20629
20630
30415
30414
20631
20633
29913
20632
37699
20634
20635
30417
30416
20636
20638
29916
20637
37695
20639
20640
30419
30418
20641
20643
29919
20642
37691
20644
20645
30421
30420
20646
20648
29922
20647
37687
20649
20650
30423
30422
20651
20653
29925
20652
37683
20654
20655
30425
30424
20656
20658
29928
20657
37679
20659
20660
30427
30426
20661
20663
29931
20662
37675
20664
20665
30429
30428
20666
20668
29934
20667
37671
20669
20670
30431
30430
20671
30399
20673
20674
20675
20677
20676
37667
20678
22018
20672
20679
30435
30434
20680
20681
20682
20684
20683
38146
37669
20685
22022
20686
30438
30437
20687
20688
20689
20691
20690
38148
37673
20692
22026
20693
30441
30440
20694
20695
20696
20698
20697
38150
37677
20699
22030
20700
30444
30443
20701
20702
20703
20705
20704
38152
37681
20706
22034
20707
30447
30446
20708
20709
20710
20712
20711
38154
37685
20713
22038
20714
30450
30449
20715
20716
20717
20719
20718
38156
37689
20720
22042
20721
30453
30452
20722
20723
20724
20726
20725
38158
37693
20727
22046
20728
30456
30455
20729
20730
20731
20733
20732
38160
37697
20734
22050
20735
30459
30458
20736
20737
20738
20740
20739
38162
37701
20741
22054
20742
30462
30461
20743
20744
20745
20747
20746
38164
37705
20748
22058
20749
30465
30464
20750
20751
20752
20754
20753
38166
37709
20755
22062
20756
30468
30467
20757
20758
20759
20761
20760
38168
37713
20762
22066
20763
30471
30470
20764
20765
20766
20768
20767
38170
37717
20769
22070
20770
30474
30473
20771
20772
20773
20775
20774
38172
37721
20776
22074
20777
30477
30476
20778
20779
20780
20782
20781
38174
37725
20783
22078
20784
30480
30479
20785
30432
20787
20789
20788
37727
20790
22082
20786
20791
30483
30482
20792
20794
20793
37729
20795
22085
20796
30485
30484
20797
20799
20798
37731
20800
22088
20801
30487
30486
20802
20804
20803
37733
20805
22091
20806
30489
30488
20807
20809
20808
37735
20810
22094
20811
30491
30490
20812
20814
20813
37737
20815
22097
20816
30493
30492
20817
20819
20818
37739
20820
22100
20821
30495
30494
20822
20824
20823
37741
20825
22103
20826
30497
30496
20827
20829
20828
37743
20830
22106
20831
30499
30498
20832
20834
20833
37745
20835
22109
20836
30501
30500
20837
20839
20838
37747
20840
22112
20841
30503
30502
20842
20844
20843
37749
20845
22115
20846
30505
30504
20847
20849
20848
37751
20850
22118
20851
30507
30506
20852
20854
20853
37753
20855
22121
20856
30509
30508
20857
20859
20858
37755
20860
22124
20861
30511
30510
20862
20864
20863
37757
20865
22127
20866
30513
30512
20867
30481
20869
20871
20870
37759
20872
22131
20868
20873
30516
30515
20874
20876
20875
37761
20877
22134
20878
30518
30517
20879
20881
20880
37763
20882
22137
20883
30520
30519
20884
20886
20885
37765
20887
22140
20888
30522
30521
20889
20891
20890
37767
20892
22143
20893
30524
30523
20894
20896
20895
37769
20897
22146
20898
30526
30525
20899
20901
20900
37771
20902
22149
20903
30528
30527
20904
20906
20905
37773
20907
22152
20908
30530
30529
20909
20911
20910
37775
20912
22155
20913
30532
30531
20914
20916
20915
37777
20917
22158
20918
30534
30533
20919
20921
20920
37779
20922
22161
20923
30536
30535
20924
20926
20925
37781
20927
22164
20928
30538
30537
20929
20931
20930
37783
20932
22167
20933
30540
30539
20934
20936
20935
37785
20937
22170
20938
30542
30541
20939
20941
20940
37787
20942
22173
20943
30544
30543
20944
20946
20945
37789
20947
22176
20948
30546
30545
20949
30514
20951
20953
20952
37791
20954
22180
20950
20955
30549
30548
20956
20958
20957
37793
20959
22183
20960
30551
30550
20961
20963
20962
37795
20964
22186
20965
30553
30552
20966
20968
20967
37797
20969
22189
20970
30555
30554
20971
20973
20972
37799
20974
22192
20975
30557
30556
20976
20978
20977
37801
20979
22195
20980
30559
30558
20981
20983
20982
37803
20984
22198
20985
30561
30560
20986
20988
20987
37805
20989
22201
20990
30563
30562
20991
20993
20992
37807
20994
22204
20995
30565
30564
20996
20998
20997
37809
20999
22207
21000
30567
30566
21001
21003
21002
37811
21004
22210
21005
30569
30568
21006
21008
21007
37813
21009
22213
21010
30571
30570
21011
21013
21012
37815
21014
22216
21015
30573
30572
21016
21018
21017
37817
21019
22219
21020
30575
30574
21021
21023
21022
37819
21024
22222
21025
30577
30576
21026
21028
21027
37821
21029
22225
21030
30579
30578
21031
30547
21033
21035
21034
37823
21036
22229
21032
21037
30582
30581
21038
21040
21039
37825
21041
22232
21042
30584
30583
21043
21045
21044
37827
21046
22235
21047
30586
30585
21048
21050
21049
37829
21051
22238
21052
30588
30587
21053
21055
21054
37831
21056
22241
21057
30590
30589
21058
21060
21059
37833
21061
22244
21062
30592
30591
21063
21065
21064
37835
21066
22247
21067
30594
30593
21068
21070
21069
37837
21071
22250
21072
30596
30595
21073
21075
21074
37839
21076
22253
21077
30598
30597
21078
21080
21079
37841
21081
22256
21082
30600
30599
21083
21085
21084
37843
21086
22259
21087
30602
30601
21088
21090
21089
37845
21091
22262
21092
30604
30603
21093
21095
21094
37847
21096
22265
21097
30606
30605
21098
21100
21099
37849
21101
22268
21102
30608
30607
21103
21105
21104
37851
21106
22271
21107
30610
30609
21108
21110
21109
37853
21111
22274
21112
30612
30611
21113
30580
21115
21117
21116
37855
21118
22278
21114
21119
30615
30614
21120
21122
21121
37857
21123
22281
21124
30617
30616
21125
21127
21126
37859
21128
22284
21129
30619
30618
21130
21132
21131
37861
21133
22287
21134
30621
30620
21135
21137
21136
37863
21138
22290
21139
30623
30622
21140
21142
21141
37865
21143
22293
21144
30625
30624
21145
21147
21146
37867
21148
22296
21149
30627
30626
21150
21152
21151
37869
21153
22299
21154
30629
30628
21155
21157
21156
37871
21158
22302
21159
30631
30630
21160
21162
21161
37873
21163
22305
21164
30633
30632
21165
21167
21166
37875
21168
22308
21169
30635
30634
21170
21172
21171
37877
21173
22311
21174
30637
30636
21175
21177
21176
37879
21178
22314
21179
30639
30638
21180
21182
21181
37881
21183
22317
21184
30641
30640
21185
21187
21186
37883
21188
22320
21189
30643
30642
21190
21192
21191
37885
21193
22323
21194
30645
30644
21195
30613
21197
21199
21198
37887
21200
22327
21196
21201
30648
30647
21202
21204
21203
37889
21205
22330
21206
30650
30649
21207
21209
21208
37891
21210
22333
21211
30652
30651
21212
21214
21213
37893
21215
22336
21216
30654
30653
21217
21219
21218
37895
21220
22339
21221
30656
30655
21222
21224
21223
37897
21225
22342
21226
30658
30657
21227
21229
21228
37899
21230
22345
21231
30660
30659
21232
21234
21233
37901
21235
22348
21236
30662
30661
21237
21239
21238
37903
21240
22351
21241
30664
30663
21242
21244
21243
37905
21245
22354
21246
30666
30665
21247
21249
21248
37907
21250
22357
21251
30668
30667
21252
21254
21253
37909
21255
22360
21256
30670
30669
21257
21259
21258
37911
21260
22363
21261
30672
30671
21262
21264
21263
37913
21265
22366
21266
30674
30673
21267
21269
21268
37915
21270
22369
21271
30676
30675
21272
21274
21273
37917
21275
22372
21276
30678
30677
21277
30646
21279
21281
21280
37919
21282
22376
21278
21283
30681
30680
21284
21286
21285
37921
21287
22379
21288
30683
30682
21289
21291
21290
37923
21292
22382
21293
30685
30684
21294
21296
21295
37925
21297
22385
21298
30687
30686
21299
21301
21300
37927
21302
22388
21303
30689
30688
21304
21306
21305
37929
21307
22391
21308
30691
30690
21309
21311
21310
37931
21312
22394
21313
30693
30692
21314
21316
21315
37933
21317
22397
21318
30695
30694
21319
21321
21320
37935
21322
22400
21323
30697
30696
21324
21326
21325
37937
21327
22403
21328
30699
30698
21329
21331
21330
37939
21332
22406
21333
30701
30700
21334
21336
21335
37941
21337
22409
21338
30703
30702
21339
21341
21340
37943
21342
22412
21343
30705
30704
21344
21346
21345
37945
21347
22415
21348
30707
30706
21349
21351
21350
37947
21352
22418
21353
30709
30708
21354
21356
21355
37949
21357
22421
21358
30711
30710
21359
30679
21361
21363
21362
37951
21364
22425
21360
21365
30714
30713
21366
21368
21367
37953
21369
22428
21370
30716
30715
21371
21373
21372
37955
21374
22431
21375
30718
30717
21376
21378
21377
37957
21379
22434
21380
30720
30719
21381
21383
21382
37959
21384
22437
21385
30722
30721
21386
21388
21387
37961
21389
22440
21390
30724
30723
21391
21393
21392
37963
21394
22443
21395
30726
30725
21396
21398
21397
37965
21399
22446
21400
30728
30727
21401
21403
21402
37967
21404
22449
21405
30730
30729
21406
21408
21407
37969
21409
22452
21410
30732
30731
21411
21413
21412
37971
21414
22455
21415
30734
30733
21416
21418
21417
37973
21419
22458
21420
30736
30735
21421
21423
21422
37975
21424
22461
21425
30738
30737
21426
21428
21427
37977
21429
22464
21430
30740
30739
21431
21433
21432
37979
21434
22467
21435
30742
30741
21436
21438
21437
37981
21439
22470
21440
30744
30743
21441
30712
21443
21445
21444
37983
21446
22474
21442
21447
30747
30746
21448
21450
21449
37985
21451
22477
21452
30749
30748
21453
21455
21454
37987
21456
22480
21457
30751
30750
21458
21460
21459
37989
21461
22483
21462
30753
30752
21463
21465
21464
37991
21466
22486
21467
30755
30754
21468
21470
21469
37993
21471
22489
21472
30757
30756
21473
21475
21474
37995
21476
22492
21477
30759
30758
21478
21480
21479
37997
21481
22495
21482
30761
30760
21483
21485
21484
37999
21486
22498
21487
30763
30762
21488
21490
21489
38001
21491
22501
21492
30765
30764
21493
21495
21494
38003
21496
22504
21497
30767
30766
21498
21500
21499
38005
21501
22507
21502
30769
30768
21503
21505
21504
38007
21506
22510
21507
30771
30770
21508
21510
21509
38009
21511
22513
21512
30773
30772
21513
21515
21514
38011
21516
22516
21517
30775
30774
21518
21520
21519
38013
21521
22519
21522
30777
30776
21523
30745
21525
21527
21526
38015
21528
22523
21524
21529
30780
30779
21530
21532
21531
38017
21533
22526
21534
30782
30781
21535
21537
21536
38019
21538
22529
21539
30784
30783
21540
21542
21541
38021
21543
22532
21544
30786
30785
21545
21547
21546
38023
21548
22535
21549
30788
30787
21550
21552
21551
38025
21553
22538
21554
30790
30789
21555
21557
21556
38027
21558
22541
21559
30792
30791
21560
21562
21561
38029
21563
22544
21564
30794
30793
21565
21567
21566
38031
21568
22547
21569
30796
30795
21570
21572
21571
38033
21573
22550
21574
30798
30797
21575
21577
21576
38035
21578
22553
21579
30800
30799
21580
21582
21581
38037
21583
22556
21584
30802
30801
21585
21587
21586
38039
21588
22559
21589
30804
30803
21590
21592
21591
38041
21593
22562
21594
30806
30805
21595
21597
21596
38043
21598
22565
21599
30808
30807
21600
21602
21601
38045
21603
22568
21604
30810
30809
21605
30778
21607
21609
21608
38047
21610
22572
21606
21611
30813
30812
21612
21614
21613
38049
21615
22575
21616
30815
30814
21617
21619
21618
38051
21620
22578
21621
30817
30816
21622
21624
21623
38053
21625
22581
21626
30819
30818
21627
21629
21628
38055
21630
22584
21631
30821
30820
21632
21634
21633
38057
21635
22587
21636
30823
30822
21637
21639
21638
38059
21640
22590
21641
30825
30824
21642
21644
21643
38061
21645
22593
21646
30827
30826
21647
21649
21648
38063
21650
22596
21651
30829
30828
21652
21654
21653
38065
21655
22599
21656
30831
30830
21657
21659
21658
38067
21660
22602
21661
30833
30832
21662
21664
21663
38069
21665
22605
21666
30835
30834
21667
21669
21668
38071
21670
22608
21671
30837
30836
21672
21674
21673
38073
21675
22611
21676
30839
30838
21677
21679
21678
38075
21680
22614
21681
30841
30840
21682
21684
21683
38077
21685
22617
21686
30843
30842
21687
30811
21689
21691
21690
38079
21692
22621
21688
21693
30846
30845
21694
21696
21695
38081
21697
22624
21698
30848
30847
21699
21701
21700
38083
21702
22627
21703
30850
30849
21704
21706
21705
38085
21707
22630
21708
30852
30851
21709
21711
21710
38087
21712
22633
21713
30854
30853
21714
21716
21715
38089
21717
22636
21718
30856
30855
21719
21721
21720
38091
21722
22639
21723
30858
30857
21724
21726
21725
38093
21727
22642
21728
30860
30859
21729
21731
21730
38095
21732
22645
21733
30862
30861
21734
21736
21735
38097
21737
22648
21738
30864
30863
21739
21741
21740
38099
21742
22651
21743
30866
30865
21744
21746
21745
38101
21747
22654
21748
30868
30867
21749
21751
21750
38103
21752
22657
21753
30870
30869
21754
21756
21755
38105
21757
22660
21758
30872
30871
21759
21761
21760
38107
21762
22663
21763
30874
30873
21764
21766
21765
38109
21767
22666
21768
30876
30875
21769
30844
21771
21773
21772
38111
21774
22670
21770
21775
30879
30878
21776
21778
21777
38113
21779
22673
21780
30881
30880
21781
21783
21782
38115
21784
22676
21785
30883
30882
21786
21788
21787
38117
21789
22679
21790
30885
30884
21791
21793
21792
38119
21794
22682
21795
30887
30886
21796
21798
21797
38121
21799
22685
21800
30889
30888
21801
21803
21802
38123
21804
22688
21805
30891
30890
21806
21808
21807
38125
21809
22691
21810
30893
30892
21811
21813
21812
38127
21814
22694
21815
30895
30894
21816
21818
21817
38129
21819
22697
21820
30897
30896
21821
21823
21822
38131
21824
22700
21825
30899
30898
21826
21828
21827
38133
21829
22703
21830
30901
30900
21831
21833
21832
38135
21834
22706
21835
30903
30902
21836
21838
21837
38137
21839
22709
21840
30905
30904
21841
21843
21842
38139
21844
22712
21845
30907
30906
21846
21848
21847
38141
21849
22715
21850
30909
30908
21851
30877
21853
21855
21854
38143
21856
22719
21852
21857
30912
30911
21858
21860
21859
38145
21861
22722
21862
30914
30913
21863
21865
21864
21866
22725
21867
30916
30915
21868
21870
21869
21871
22728
21872
30918
30917
21873
21875
21874
21876
22731
21877
30920
30919
21878
21880
21879
21881
22734
21882
30922
30921
21883
21885
21884
21886
22737
21887
30924
30923
21888
21890
21889
21891
22740
21892
30926
30925
21893
21895
21894
21896
22743
21897
30928
30927
21898
21900
21899
21901
22746
21902
30930
30929
21903
21905
21904
21906
22749
21907
30932
30931
21908
21910
21909
21911
22752
21912
30934
30933
21913
21915
21914
21916
22755
21917
30936
30935
21918
21920
21919
21921
22758
21922
30938
30937
21923
21925
21924
21926
22761
21927
30940
30939
21928
21930
21929
21931
22764
21932
30942
30941
21933
30910
21935
21937
30433
21936
21938
22768
21934
21939
30945
30944
21940
21942
30436
21941
38175
21943
22771
21944
30947
30946
21945
21947
30439
21946
38173
21948
22774
21949
30949
30948
21950
21952
30442
21951
38171
21953
22777
21954
30951
30950
21955
21957
30445
21956
38169
21958
22780
21959
30953
30952
21960
21962
30448
21961
38167
21963
22783
21964
30955
30954
21965
21967
30451
21966
38165
21968
22786
21969
30957
30956
21970
21972
30454
21971
38163
21973
22789
21974
30959
30958
21975
21977
30457
21976
38161
21978
22792
21979
30961
30960
21980
21982
30460
21981
38159
21983
22795
21984
30963
30962
21985
21987
30463
21986
38157
21988
22798
21989
30965
30964
21990
21992
30466
21991
38155
21993
22801
21994
30967
30966
21995
21997
30469
21996
38153
21998
22804
21999
30969
30968
22000
22002
30472
22001
38151
22003
22807
22004
30971
30970
22005
22007
30475
22006
38149
22008
22810
22009
30973
30972
22010
22012
30478
22011
38147
22013
22813
22014
30975
30974
22015
30943
