0
1
2
3
4
5
6
7
8
9
24076
24074
24073
10
11
12
13
14
15
16
17
18
19
24081
24080
24079
24078
20
21
22
23
24
25
24084
26
27
28
29
30
31
32
33
34
35
24089
24088
24087
24086
36
37
38
39
40
41
42
43
44
45
24094
24093
24092
24091
46
47
48
49
24096
50
51
52
53
54
55
24099
56
57
58
59
60
61
24102
24082
24077
24100
62
63
64
65
66
67
68
69
70
71
24107
24106
24105
24104
72
73
74
75
76
77
78
79
80
81
24112
24111
24110
24109
82
83
84
85
24114
86
87
88
89
24116
24085
90
91
92
93
24118
24090
24095
24117
94
95
96
97
98
99
24121
100
101
102
103
104
105
106
107
108
109
24126
24125
24124
24123
110
111
112
113
114
115
116
117
118
119
24131
24130
24129
24128
120
121
122
123
24133
124
125
126
127
24135
24097
128
129
130
131
24137
24113
24108
24136
132
133
134
135
24139
136
137
138
139
140
141
24142
24103
142
143
144
145
146
147
148
149
150
151
24147
24143
24145
24144
152
153
154
155
156
157
158
159
160
161
24152
24151
24150
24149
162
163
164
165
166
167
168
169
170
171
24157
24156
24155
24154
172
173
174
175
24159
176
177
178
179
24161
24115
180
181
182
183
24163
24132
24127
24162
184
185
186
187
24165
188
189
190
191
24167
24122
24119
192
193
194
195
196
197
198
199
200
201
24172
24168
24171
24170
24169
202
203
204
205
206
207
24175
208
209
210
211
212
213
214
215
216
217
24180
24179
24178
24177
218
219
220
221
222
223
224
225
226
227
24185
24183
24182
24184
228
229
230
231
24187
232
233
234
235
24189
24134
236
237
238
239
24191
24158
24153
24190
240
241
242
243
24193
244
245
246
247
24195
24140
24138
248
249
250
251
252
253
254
255
256
257
24200
24196
24199
24198
24197
258
259
260
261
262
263
264
265
266
267
24205
24204
24203
24202
268
269
270
271
272
273
274
275
276
277
24210
24209
24208
24207
278
279
280
281
24212
282
283
284
285
24214
24160
286
287
288
289
24216
24186
24181
24215
290
291
292
293
24218
294
295
296
297
24220
24166
24164
298
299
300
301
302
303
304
305
306
307
24225
24221
24224
24223
24222
308
309
310
311
24227
312
313
314
315
316
317
24230
318
319
320
321
322
323
24233
24173
24148
24231
324
325
326
327
328
329
330
331
332
333
24238
24237
24236
24235
334
335
336
337
338
339
340
341
342
343
24243
24242
24241
24240
344
345
346
347
24245
348
349
350
351
24247
24188
352
353
354
355
24249
24211
24206
24248
356
357
358
359
24251
360
361
362
363
24253
24194
24192
364
365
366
367
368
369
370
371
372
373
24258
24254
24257
24256
24255
374
375
376
377
378
379
380
381
382
383
24263
24262
24261
24260
384
385
386
387
388
389
390
391
392
393
24268
24267
24266
24265
394
395
396
397
24270
398
399
400
401
24272
24213
402
403
404
405
24274
24244
24239
24273
406
407
408
409
24276
410
411
412
413
24278
24219
24217
414
415
416
417
418
419
420
421
422
423
24283
24279
24281
24280
24282
424
425
426
427
24285
428
429
430
431
24287
24176
432
433
434
435
24289
24226
24201
24288
436
437
438
439
440
441
24292
442
443
444
445
446
447
448
449
450
451
24297
24296
24295
24294
452
453
454
455
456
457
458
459
460
461
24302
24301
24300
24299
462
463
464
465
24304
466
467
468
469
24306
24246
470
471
472
473
24308
24269
24264
24307
474
475
476
477
24310
478
479
480
481
24312
24252
24250
482
483
484
485
486
487
488
489
490
491
24317
24313
24314
24316
24315
492
493
494
495
496
497
498
499
500
501
24322
24321
24320
24319
502
503
504
505
506
507
508
509
510
511
24327
24326
24325
24324
512
513
514
515
24329
516
517
518
519
24331
24271
520
521
522
523
24333
24303
24298
24332
524
525
526
527
24335
528
529
530
531
24337
24277
24275
532
533
534
535
536
537
538
539
540
541
24342
24338
24341
24340
24339
542
543
544
545
24344
546
547
548
549
24346
24228
550
551
552
553
24348
24284
24259
24347
554
555
556
557
24350
558
559
560
561
562
563
24353
24234
564
565
566
567
568
569
570
571
572
573
24358
24357
24356
24355
574
575
576
577
578
579
580
581
582
583
24363
24362
24361
24360
584
585
586
587
24365
588
589
590
591
24367
24305
592
593
594
595
24369
24328
24323
24368
596
597
598
599
24371
600
601
602
603
24373
24311
24309
604
605
606
607
608
609
610
611
612
613
24378
24374
24377
24376
24375
614
615
616
617
618
619
620
621
622
623
24383
24381
24380
24382
624
625
626
627
628
629
630
631
632
633
24388
24387
24386
24385
634
635
636
637
24390
638
639
640
641
24392
24330
642
643
644
645
24394
24364
24359
24393
646
647
648
649
24396
650
651
652
653
24398
24336
24334
654
655
656
657
658
659
660
661
662
663
24403
24399
24402
24401
24400
664
665
666
667
24405
668
669
670
671
24407
24286
672
673
674
675
24409
24343
24318
24408
676
677
678
679
24411
680
681
682
683
24413
24293
24290
684
685
686
687
688
689
24416
690
691
692
693
694
695
696
697
698
699
24421
24420
24419
24418
700
701
702
703
704
705
706
707
708
709
24426
24425
24424
24423
710
711
712
713
24428
714
715
716
717
24430
24366
718
719
720
721
24432
24389
24384
24431
722
723
724
725
24434
726
727
728
729
24436
24372
24370
730
731
732
733
734
735
736
737
738
739
24441
24437
24440
24439
24438
740
741
742
743
744
745
746
747
748
749
24446
24445
24444
24443
750
751
752
753
754
755
756
757
758
759
24451
24450
24449
24448
760
761
762
763
24453
764
765
766
767
24455
24391
768
769
770
771
24457
24427
24422
24456
772
773
774
775
24459
776
777
778
779
24461
24397
24395
780
781
782
783
784
785
786
787
788
789
24466
24462
24465
24464
24463
790
791
792
793
24468
794
795
796
797
24470
24345
798
799
800
801
24472
24404
24379
24471
802
803
804
805
24474
806
807
808
809
24476
24351
24349
810
811
812
813
814
815
816
817
818
819
24481
24480
24479
24478
820
821
822
823
824
825
826
827
828
829
24486
24485
24484
24483
830
831
832
833
24488
834
835
836
837
24490
24429
838
839
840
841
24492
24447
24452
24491
842
843
844
845
24494
846
847
848
849
24496
24435
24433
850
851
852
853
854
855
856
857
858
859
24501
24497
24500
24498
24499
860
861
862
863
864
865
866
867
868
869
24506
24505
24504
24503
870
871
872
873
874
875
876
877
878
879
24511
24510
24509
24508
880
881
882
883
24513
884
885
886
887
24515
24454
888
889
890
891
24517
24487
24482
24516
892
893
894
895
24519
896
897
898
899
24521
24460
24458
900
901
902
903
904
905
906
907
908
909
24526
24522
24525
24524
24523
910
911
912
913
24528
914
915
916
917
24530
24406
918
919
920
921
24532
24442
24467
24531
922
923
924
925
24534
926
927
928
929
24536
24412
24410
930
931
932
933
24538
934
935
936
937
938
939
24541
940
941
942
943
944
945
24544
946
947
948
949
24546
950
951
952
953
954
955
24549
24542
956
957
958
959
960
961
962
963
964
965
24554
24553
24552
24551
966
967
968
969
970
971
972
973
974
975
24559
24558
24557
24556
976
977
978
979
24561
980
981
982
983
24563
24489
984
985
986
987
24565
24512
24507
24564
988
989
990
991
24567
992
993
994
995
24569
24495
24493
996
997
998
999
1000
1001
1002
1003
1004
1005
24574
24570
24573
24572
24571
1006
1007
1008
1009
1010
1011
1012
1013
1014
1015
24579
24578
24577
24576
1016
1017
1018
1019
1020
1021
1022
1023
1024
1025
24584
24582
24581
24583
1026
1027
1028
1029
24586
1030
1031
1032
1033
24588
24514
1034
1035
1036
1037
24590
24560
24555
24589
1038
1039
1040
1041
24592
1042
1043
1044
1045
24594
24520
24518
1046
1047
1048
1049
1050
1051
1052
1053
1054
1055
24599
24595
24598
24597
24596
1056
1057
1058
1059
24601
1060
1061
1062
1063
24603
24469
1064
1065
1066
1067
24605
24527
24502
24604
1068
1069
1070
1071
24607
1072
1073
1074
1075
24609
24475
24473
1076
1077
1078
1079
1080
1081
1082
1083
1084
1085
24614
24613
24612
24611
1086
1087
1088
1089
1090
1091
1092
1093
1094
1095
24619
24618
24617
24616
1096
1097
1098
1099
24621
1100
1101
1102
1103
24623
24562
1104
1105
1106
1107
24625
24585
24580
24624
1108
1109
1110
1111
24627
1112
1113
1114
1115
24629
24568
24566
1116
1117
1118
1119
1120
1121
1122
1123
1124
1125
24634
24630
24633
24632
24631
1126
1127
1128
1129
1130
1131
1132
1133
1134
1135
24639
24638
24637
24636
1136
1137
1138
1139
1140
1141
1142
1143
1144
1145
24644
24643
24642
24641
1146
1147
1148
1149
24646
1150
1151
1152
1153
24648
24587
1154
1155
1156
1157
24650
24620
24615
24649
1158
1159
1160
1161
24652
1162
1163
1164
1165
24654
24593
24591
1166
1167
1168
1169
1170
1171
1172
1173
1174
1175
24659
24655
24658
24657
24656
1176
1177
1178
1179
24661
1180
1181
1182
1183
24663
24529
1184
1185
1186
1187
24665
24600
24575
24664
1188
1189
1190
1191
24667
1192
1193
1194
1195
24669
24535
24533
1196
1197
1198
1199
24671
1200
1201
1202
1203
1204
1205
1206
1207
1208
1209
24676
24675
24674
24673
1210
1211
1212
1213
1214
1215
1216
1217
1218
1219
24681
24680
24678
24679
1220
1221
1222
1223
24683
1224
1225
1226
1227
24685
24622
1228
1229
1230
1231
24687
24645
24640
24686
1232
1233
1234
1235
24689
1236
1237
1238
1239
24691
24628
24626
1240
1241
1242
1243
1244
1245
1246
1247
1248
1249
24696
24692
24694
24693
24695
1250
1251
1252
1253
1254
1255
1256
1257
1258
1259
24701
24700
24699
24698
1260
1261
1262
1263
1264
1265
1266
1267
1268
1269
24706
24705
24703
24704
1270
1271
1272
1273
24708
1274
1275
1276
1277
24710
24647
1278
1279
1280
1281
24712
24682
24677
24711
1282
1283
1284
1285
24714
1286
1287
1288
1289
24716
24653
24651
1290
1291
1292
1293
1294
1295
1296
1297
1298
1299
24721
24717
24718
24720
24719
1300
1301
1302
1303
24723
1304
1305
1306
1307
24725
24602
1308
1309
1310
1311
24727
24660
24635
24726
1312
1313
1314
1315
24729
1316
1317
1318
1319
24731
24608
24606
1320
1321
1322
1323
1324
1325
1326
1327
1328
1329
24736
24735
24733
24734
1330
1331
1332
1333
1334
1335
1336
1337
1338
1339
24741
24740
24738
24739
1340
1341
1342
1343
24743
1344
1345
1346
1347
24745
24684
1348
1349
1350
1351
24747
24707
24702
24746
1352
1353
1354
1355
24749
1356
1357
1358
1359
24751
24690
24688
1360
1361
1362
1363
1364
1365
1366
1367
1368
1369
24756
24752
24755
24754
24753
1370
1371
1372
1373
1374
1375
1376
1377
1378
1379
24761
24760
24759
24758
1380
1381
1382
1383
1384
1385
1386
1387
1388
1389
24766
24765
24764
24763
1390
1391
1392
1393
24768
1394
1395
1396
1397
24770
24709
1398
1399
1400
1401
24772
24742
24737
24771
1402
1403
1404
1405
24774
1406
1407
1408
1409
24776
24715
24713
1410
1411
1412
1413
1414
1415
1416
1417
1418
1419
24781
24777
24780
24779
24778
1420
1421
1422
1423
24783
1424
1425
1426
1427
24785
24662
1428
1429
1430
1431
24787
24722
24697
24786
1432
1433
1434
1435
24789
1436
1437
1438
1439
24791
24668
24666
1440
1441
1442
1443
24793
1444
1445
1446
1447
24795
1448
1449
1450
1451
24797
1452
1453
1454
1455
24799
1456
1457
1458
1459
24801
24796
1460
1461
1462
1463
1464
1465
24804
1466
1467
1468
1469
1470
1471
24807
24417
1472
1473
1474
1475
1476
1477
24810
24808
24545
1478
1479
1480
1481
24812
24672
24539
1482
1483
1484
1485
24814
24813
24798
24547
1486
1487
1488
1489
1490
1491
24817
24805
1492
1493
1494
1495
1496
1497
1498
1499
1500
1501
24822
24820
24819
24821
1502
1503
1504
1505
1506
1507
1508
1509
1510
1511
24827
24826
24825
24824
1512
1513
1514
1515
24829
1516
1517
1518
1519
24831
24744
1520
1521
1522
1523
24833
24767
24762
24832
1524
1525
1526
1527
24835
1528
1529
1530
1531
24837
24750
24748
1532
1533
1534
1535
1536
1537
1538
1539
1540
1541
24842
24838
24841
24840
24839
1542
1543
1544
1545
1546
1547
1548
1549
1550
1551
24847
24846
24845
24844
1552
1553
1554
1555
1556
1557
1558
1559
1560
1561
24852
24851
24850
24849
1562
1563
1564
1565
24854
1566
1567
1568
1569
24856
24769
1570
1571
1572
1573
24858
24828
24823
24857
1574
1575
1576
1577
24860
1578
1579
1580
1581
24862
24775
24773
1582
1583
1584
1585
1586
1587
1588
1589
1590
1591
24867
24863
24866
24865
24864
1592
1593
1594
1595
24869
1596
1597
1598
1599
24871
24724
1600
1601
1602
1603
24873
24782
24757
24872
1604
1605
1606
1607
24875
1608
1609
1610
1611
24877
24730
24728
1612
1613
1614
1615
1616
1617
1618
1619
1620
1621
24882
24881
24880
24879
1622
1623
1624
1625
1626
1627
1628
1629
1630
1631
24887
24886
24885
24884
1632
1633
1634
1635
24889
1636
1637
1638
1639
24891
24830
1640
1641
1642
1643
24893
24853
24848
24892
1644
1645
1646
1647
24895
1648
1649
1650
1651
24897
24836
24834
1652
1653
1654
1655
1656
1657
1658
1659
1660
1661
24902
24898
24901
24900
24899
1662
1663
1664
1665
1666
1667
1668
1669
1670
1671
24907
24906
24905
24904
1672
1673
1674
1675
1676
1677
1678
1679
1680
1681
24912
24911
24910
24909
1682
1683
1684
1685
24914
1686
1687
1688
1689
24916
24855
1690
1691
1692
1693
24918
24883
24888
24917
1694
1695
1696
1697
24920
1698
1699
1700
1701
24922
24861
24859
1702
1703
1704
1705
1706
1707
1708
1709
1710
1711
24927
24923
24926
24924
24925
1712
1713
1714
1715
24929
1716
1717
1718
1719
24931
24784
1720
1721
1722
1723
24933
24868
24843
24932
1724
1725
1726
1727
24935
1728
1729
1730
1731
24937
24790
24788
1732
1733
1734
1735
24939
1736
1737
1738
1739
1740
1741
1742
1743
1744
1745
24944
24943
24942
24941
1746
1747
1748
1749
1750
1751
1752
1753
1754
1755
24949
24948
24947
24946
1756
1757
1758
1759
24951
1760
1761
1762
1763
24953
24890
1764
1765
1766
1767
24955
24913
24908
24954
1768
1769
1770
1771
24957
1772
1773
1774
1775
24959
24896
24894
1776
1777
1778
1779
1780
1781
1782
1783
1784
1785
24964
24960
24963
24962
24961
1786
1787
1788
1789
1790
1791
1792
1793
1794
1795
24969
24968
24967
24966
1796
1797
1798
1799
1800
1801
1802
1803
1804
1805
24974
24973
24972
24971
1806
1807
1808
1809
24976
1810
1811
1812
1813
24978
24915
1814
1815
1816
1817
24980
24950
24945
24979
1818
1819
1820
1821
24982
1822
1823
1824
1825
24984
24921
24919
1826
1827
1828
1829
1830
1831
1832
1833
1834
1835
24989
24985
24988
24987
24986
1836
1837
1838
1839
24991
1840
1841
1842
1843
24993
24870
1844
1845
1846
1847
24995
24928
24903
24994
1848
1849
1850
1851
24997
1852
1853
1854
1855
24999
24876
24874
1856
1857
1858
1859
1860
1861
1862
1863
1864
1865
25004
25003
25002
25001
1866
1867
1868
1869
1870
1871
1872
1873
1874
1875
25009
25007
25006
25008
1876
1877
1878
1879
25011
1880
1881
1882
1883
25013
24952
1884
1885
1886
1887
25015
24975
24970
25014
1888
1889
1890
1891
25017
1892
1893
1894
1895
25019
24958
24956
1896
1897
1898
1899
1900
1901
1902
1903
1904
1905
25024
25020
25023
25022
25021
1906
1907
1908
1909
1910
1911
1912
1913
1914
1915
25029
25028
25027
25026
1916
1917
1918
1919
1920
1921
1922
1923
1924
1925
25034
25033
25031
25032
1926
1927
1928
1929
25036
1930
1931
1932
1933
25038
24977
1934
1935
1936
1937
25040
25010
25005
25039
1938
1939
1940
1941
25042
1942
1943
1944
1945
25044
24983
24981
1946
1947
1948
1949
1950
1951
1952
1953
1954
1955
25049
25045
25048
25047
25046
1956
1957
1958
1959
25051
1960
1961
1962
1963
25053
24930
1964
1965
1966
1967
25055
24990
24965
25054
1968
1969
1970
1971
25057
1972
1973
1974
1975
25059
24936
24934
1976
1977
1978
1979
25061
1980
1981
1982
1983
25063
1984
1985
1986
1987
25065
1988
1989
1990
1991
25067
1992
1993
1994
1995
25069
25064
1996
1997
1998
1999
2000
2001
2002
2003
2004
2005
25074
25073
25072
25071
2006
2007
2008
2009
2010
2011
2012
2013
2014
2015
25079
25078
25077
25076
2016
2017
2018
2019
25081
2020
2021
2022
2023
25083
25012
2024
2025
2026
2027
25085
25035
25030
25084
2028
2029
2030
2031
25087
2032
2033
2034
2035
25089
25018
25016
2036
2037
2038
2039
2040
2041
2042
2043
2044
2045
25094
25090
25093
25092
25091
2046
2047
2048
2049
2050
2051
2052
2053
2054
2055
25099
25098
25097
25096
2056
2057
2058
2059
2060
2061
2062
2063
2064
2065
25104
25103
25102
25101
2066
2067
2068
2069
25106
2070
2071
2072
2073
25108
25037
2074
2075
2076
2077
25110
25080
25075
25109
2078
2079
2080
2081
25112
2082
2083
2084
2085
25114
25043
25041
2086
2087
2088
2089
2090
2091
2092
2093
2094
2095
25119
25115
25117
25116
25118
2096
2097
2098
2099
25121
2100
2101
2102
2103
25123
24992
2104
2105
2106
2107
25125
25050
25025
25124
2108
2109
2110
2111
25127
2112
2113
2114
2115
25129
24998
24996
2116
2117
2118
2119
2120
2121
2122
2123
2124
2125
25134
25133
25132
25131
2126
2127
2128
2129
2130
2131
2132
2133
2134
2135
25139
25138
25137
25136
2136
2137
2138
2139
25141
2140
2141
2142
2143
25143
25082
2144
2145
2146
2147
25145
25105
25100
25144
2148
2149
2150
2151
25147
2152
2153
2154
2155
25149
25088
25086
2156
2157
2158
2159
2160
2161
2162
2163
2164
2165
25154
25150
25151
25153
25152
2166
2167
2168
2169
2170
2171
2172
2173
2174
2175
25159
25158
25157
25156
2176
2177
2178
2179
2180
2181
2182
2183
2184
2185
25164
25163
25162
25161
2186
2187
2188
2189
25166
2190
2191
2192
2193
25168
25107
2194
2195
2196
2197
25170
25140
25135
25169
2198
2199
2200
2201
25172
2202
2203
2204
2205
25174
25113
25111
2206
2207
2208
2209
2210
2211
2212
2213
2214
2215
25179
25175
25178
25177
25176
2216
2217
2218
2219
25181
2220
2221
2222
2223
25183
25052
2224
2225
2226
2227
25185
25120
25095
25184
2228
2229
2230
2231
25187
2232
2233
2234
2235
25189
25058
25056
2236
2237
2238
2239
25191
2240
2241
2242
2243
2244
2245
2246
2247
2248
2249
25196
25195
25194
25193
2250
2251
2252
2253
2254
2255
2256
2257
2258
2259
25201
25200
25199
25198
2260
2261
2262
2263
25203
2264
2265
2266
2267
25205
25142
2268
2269
2270
2271
25207
25165
25160
25206
2272
2273
2274
2275
25209
2276
2277
2278
2279
25211
25148
25146
2280
2281
2282
2283
2284
2285
2286
2287
2288
2289
25216
25212
25215
25214
25213
2290
2291
2292
2293
2294
2295
2296
2297
2298
2299
25221
25219
25218
25220
2300
2301
2302
2303
2304
2305
2306
2307
2308
2309
25226
25225
25224
25223
2310
2311
2312
2313
25228
2314
2315
2316
2317
25230
25167
2318
2319
2320
2321
25232
25202
25197
25231
2322
2323
2324
2325
25234
2326
2327
2328
2329
25236
25173
25171
2330
2331
2332
2333
2334
2335
2336
2337
2338
2339
25241
25237
25240
25239
25238
2340
2341
2342
2343
25243
2344
2345
2346
2347
25245
25122
2348
2349
2350
2351
25247
25180
25155
25246
2352
2353
2354
2355
25249
2356
2357
2358
2359
25251
25128
25126
2360
2361
2362
2363
2364
2365
2366
2367
2368
2369
25256
25255
25254
25253
2370
2371
2372
2373
2374
2375
2376
2377
2378
2379
25261
25260
25259
25258
2380
2381
2382
2383
25263
2384
2385
2386
2387
25265
25204
2388
2389
2390
2391
25267
25227
25222
25266
2392
2393
2394
2395
25269
2396
2397
2398
2399
25271
25210
25208
2400
2401
2402
2403
2404
2405
2406
2407
2408
2409
25276
25272
25275
25274
25273
2410
2411
2412
2413
2414
2415
2416
2417
2418
2419
25281
25280
25279
25278
2420
2421
2422
2423
2424
2425
2426
2427
2428
2429
25286
25285
25283
25284
2430
2431
2432
2433
25288
2434
2435
2436
2437
25290
25229
2438
2439
2440
2441
25292
25262
25257
25291
2442
2443
2444
2445
25294
2446
2447
2448
2449
25296
25235
25233
2450
2451
2452
2453
2454
2455
2456
2457
2458
2459
25301
25297
25300
25299
25298
2460
2461
2462
2463
25303
2464
2465
2466
2467
25305
25182
2468
2469
2470
2471
25307
25242
25217
25306
2472
2473
2474
2475
25309
2476
2477
2478
2479
25311
25188
25186
2480
2481
2482
2483
25313
2484
2485
2486
2487
25315
2488
2489
2490
2491
25317
2492
2493
2494
2495
25319
2496
2497
2498
2499
25321
25316
2500
2501
2502
2503
25323
2504
2505
2506
2507
25325
24940
24794
2508
2509
2510
2511
25327
25326
25066
24800
2512
2513
2514
2515
25329
25192
25062
2516
2517
2518
2519
25331
25330
25318
25068
2520
2521
2522
2523
25333
25324
2524
2525
2526
2527
2528
2529
25336
2530
2531
2532
2533
2534
2535
25339
24550
2536
2537
2538
2539
2540
2541
25342
25340
24811
2542
2543
2544
2545
2546
2547
25345
2548
2549
25346
25344
2550
2551
2552
2553
25348
2554
2555
25349
2556
2557
2558
2559
2560
2561
25352
2562
2563
25353
25351
2564
2565
2566
2567
25355
2568
2569
25356
25350
2570
2571
2572
2573
25358
2574
2575
25359
2576
2577
2578
2579
25361
2580
2581
25362
25347
2582
2583
2584
2585
25364
2586
2587
25365
25354
25363
2588
2589
2590
2591
25367
2592
2593
25368
25360
2594
2595
2596
2597
25370
25070
24802
2598
2599
2600
2601
25372
25371
25328
24815
2602
2603
2604
2605
2606
2607
25375
25337
2608
2609
2610
2611
2612
2613
2614
2615
2616
2617
25380
25379
25377
25378
2618
2619
2620
2621
2622
2623
2624
2625
2626
2627
25385
25384
25382
25383
2628
2629
2630
2631
25387
2632
2633
2634
2635
25389
25264
2636
2637
2638
2639
25391
25282
25287
25390
2640
2641
2642
2643
25393
2644
2645
2646
2647
25395
25270
25268
2648
2649
2650
2651
2652
2653
2654
2655
2656
2657
25400
25396
25399
25397
25398
2658
2659
2660
2661
2662
2663
2664
2665
2666
2667
25405
25404
25402
25403
2668
2669
2670
2671
2672
2673
2674
2675
2676
2677
25410
25409
25408
25407
2678
2679
2680
2681
25412
2682
2683
2684
2685
25414
25289
2686
2687
2688
2689
25416
25386
25381
25415
2690
2691
2692
2693
25418
2694
2695
2696
2697
25420
25295
25293
2698
2699
2700
2701
2702
2703
2704
2705
2706
2707
25425
25421
25424
25423
25422
2708
2709
2710
2711
25427
2712
2713
2714
2715
25429
25244
2716
2717
2718
2719
25431
25277
25302
25430
2720
2721
2722
2723
25433
2724
2725
2726
2727
25435
25250
25248
2728
2729
2730
2731
2732
2733
2734
2735
2736
2737
25440
25439
25438
25437
2738
2739
2740
2741
2742
2743
2744
2745
2746
2747
25445
25444
25442
25443
2748
2749
2750
2751
25447
2752
2753
2754
2755
25449
25388
2756
2757
2758
2759
25451
25411
25406
25450
2760
2761
2762
2763
25453
2764
2765
2766
2767
25455
25394
25392
2768
2769
2770
2771
2772
2773
2774
2775
2776
2777
25460
25456
25459
25458
25457
2778
2779
2780
2781
2782
2783
2784
2785
2786
2787
25465
25464
25463
25462
2788
2789
2790
2791
2792
2793
2794
2795
2796
2797
25470
25468
25467
25469
2798
2799
2800
2801
25472
2802
2803
2804
2805
25474
25413
2806
2807
2808
2809
25476
25446
25441
25475
2810
2811
2812
2813
25478
2814
2815
2816
2817
25480
25419
25417
2818
2819
2820
2821
2822
2823
2824
2825
2826
2827
25485
25481
25484
25483
25482
2828
2829
2830
2831
25487
2832
2833
2834
2835
25489
25304
2836
2837
2838
2839
25491
25426
25401
25490
2840
2841
2842
2843
25493
2844
2845
2846
2847
25495
25310
25308
2848
2849
2850
2851
25497
2852
2853
2854
2855
2856
2857
2858
2859
2860
2861
25502
25501
25499
25500
2862
2863
2864
2865
2866
2867
2868
2869
2870
2871
25507
25506
25504
25505
2872
2873
2874
2875
25509
2876
2877
2878
2879
25511
25448
2880
2881
2882
2883
25513
25471
25466
25512
2884
2885
2886
2887
25515
2888
2889
2890
2891
25517
25454
25452
2892
2893
2894
2895
2896
2897
2898
2899
2900
2901
25522
25518
25521
25520
25519
2902
2903
2904
2905
2906
2907
2908
2909
2910
2911
25527
25526
25524
25525
2912
2913
2914
2915
2916
2917
2918
2919
2920
2921
25532
25531
25530
25529
2922
2923
2924
2925
25534
2926
2927
2928
2929
25536
25473
2930
2931
2932
2933
25538
25508
25503
25537
2934
2935
2936
2937
25540
2938
2939
2940
2941
25542
25479
25477
2942
2943
2944
2945
2946
2947
2948
2949
2950
2951
25547
25543
25546
25545
25544
2952
2953
2954
2955
25549
2956
2957
2958
2959
25551
25428
2960
2961
2962
2963
25553
25486
25461
25552
2964
2965
2966
2967
25555
2968
2969
2970
2971
25557
25434
25432
2972
2973
2974
2975
2976
2977
2978
2979
2980
2981
25562
25561
25560
25559
2982
2983
2984
2985
2986
2987
2988
2989
24075
2990
2991
25567
25565
25564
25566
2992
2993
24083
2994
2995
25569
2996
2997
2998
2999
25571
25510
3000
3001
3002
3003
25573
25533
25528
25572
3004
3005
3006
3007
25575
3008
3009
3010
3011
25577
25516
25514
3012
3013
3014
3015
3016
3017
3018
3019
3020
3021
25582
25578
25580
25579
25581
3022
3023
24098
3024
3025
25584
25570
25535
3026
3027
24101
3028
3029
25586
25568
25563
25585
3030
3031
3032
3033
25588
3034
3035
3036
3037
25590
25541
25539
3038
3039
3040
3041
3042
3043
3044
3045
3046
3047
25595
25591
25592
25594
25593
3048
3049
3050
3051
25597
3052
3053
3054
3055
25599
25488
3056
3057
3058
3059
25601
25548
25523
25600
3060
3061
3062
3063
25603
3064
3065
3066
3067
25605
25494
25492
3068
3069
3070
3071
25607
3072
3073
3074
3075
25609
3076
3077
3078
3079
25611
3080
3081
3082
3083
25613
3084
3085
3086
3087
25615
25610
3088
3089
24120
3090
3091
25617
3092
3093
3094
3095
25619
25576
25574
3096
3097
3098
3099
3100
3101
3102
3103
3104
3105
25624
25620
25623
25622
25621
3106
3107
24141
3108
3109
25626
25618
25589
25587
3110
3111
3112
3113
3114
3115
24146
3116
3117
25630
25627
25629
25628
3118
3119
24174
3120
3121
25632
3122
3123
3124
3125
25634
25550
3126
3127
3128
3129
25636
25596
25583
25635
3130
3131
3132
3133
25638
3134
3135
3136
3137
25640
25556
25554
3138
3139
24229
3140
3141
25642
25633
25598
3142
3143
24232
3144
3145
25644
25631
25625
25643
3146
3147
3148
3149
25646
3150
3151
3152
3153
25648
25604
25602
3154
3155
3156
3157
25650
3158
3159
24291
3160
3161
25652
3162
3163
3164
3165
25654
25639
25637
3166
3167
24352
3168
3169
25656
25653
25647
25645
3170
3171
24415
3172
3173
25658
3174
3175
24540
3176
3177
25660
3178
3179
3180
3181
25662
3182
3183
24543
3184
3185
25664
3186
3187
24548
3188
3189
25666
25661
3190
3191
24803
3192
3193
25668
3194
3195
3196
3197
25670
25498
25314
3198
3199
3200
3201
25672
25671
25612
25320
3202
3203
24806
3204
3205
25674
25659
25608
25651
3206
3207
24809
3208
3209
25676
25675
25665
25614
25663
3210
3211
24816
3212
3213
25678
25669
3214
3215
3216
3217
25680
3218
3219
25338
3220
3221
25682
25667
25322
25616
3222
3223
25341
3224
3225
25684
25683
25677
25332
25673
3226
3227
3228
3229
25686
25681
3230
3231
3232
3233
3234
3235
25689
3236
3237
3238
3239
3240
3241
25692
3242
3243
3244
3245
25694
3246
3247
25695
25357
3248
3249
3250
3251
25697
3252
3253
25698
25366
25696
3254
3255
3256
3257
3258
3259
25701
25693
3260
3261
3262
3263
25703
24818
3264
3265
3266
3267
25705
25704
25343
3268
3269
3270
3271
3272
3273
25708
25690
3274
3275
25335
3276
3277
25710
3278
3279
25374
3280
3281
25712
25711
25369
3282
3283
3284
3285
25714
3286
3287
25691
3288
3289
25716
25679
25334
3290
3291
25700
3292
3293
25718
25717
25685
25373
25699
3294
3295
3296
3297
25720
25715
3298
3299
3300
3301
3302
3303
25723
3304
3305
3306
3307
3308
3309
25726
3310
3311
3312
3313
3314
3315
25729
25727
3316
3317
3318
3319
25731
3320
3321
3322
3323
25733
25732
3324
3325
3326
3327
3328
3329
25736
25724
3330
3331
25688
3332
3333
25738
3334
3335
25707
3336
3337
25740
25739
3338
3339
3340
3341
25742
3342
3343
25725
3344
3345
25744
3346
3347
25728
3348
3349
25746
25745
3350
3351
3352
3353
25748
25743
3354
3355
3356
3357
3358
3359
25751
3360
3361
3362
3363
3364
3365
25754
3366
3367
3368
3369
3370
3371
25757
25755
3372
3373
3374
3375
25759
25709
3376
3377
3378
3379
25761
25760
25730
3380
3381
3382
3383
3384
3385
25764
25752
3386
3387
25722
3388
3389
25766
3390
3391
25735
3392
3393
25768
25767
3394
3395
3396
3397
25770
3398
3399
25753
3400
3401
25772
25741
25721
3402
3403
25756
3404
3405
25774
25773
25734
25747
3406
3407
3408
3409
25776
25771
3410
3411
3412
3413
3414
3415
25779
3416
3417
3418
3419
3420
3421
25782
3422
3423
3424
3425
3426
3427
25785
25783
3428
3429
3430
3431
25787
3432
3433
3434
3435
25789
25788
3436
3437
3438
3439
3440
3441
25792
25780
25737
3442
3443
25750
3444
3445
25794
3446
3447
25763
3448
3449
25796
25795
3450
3451
3452
3453
25798
3454
3455
25781
3456
3457
25800
3458
3459
25784
3460
3461
25802
25801
3462
3463
3464
3465
25804
25799
25749
3466
3467
3468
3469
3470
3471
25807
3472
3473
3474
3475
3476
3477
25810
3478
3479
3480
3481
3482
3483
25813
25811
25758
3484
3485
3486
3487
25815
25765
3488
3489
3490
3491
25817
25816
25786
25762
3492
3493
3494
3495
3496
3497
25820
25808
3498
3499
25778
3500
3501
25822
3502
3503
25791
3504
3505
25824
25823
25769
3506
3507
3508
3509
25826
3510
3511
25809
3512
3513
25828
25797
25777
3514
3515
25812
3516
3517
25830
25829
25790
25803
25775
3518
3519
3520
3521
25832
25827
3522
3523
3524
3525
3526
3527
25835
3528
3529
3530
3531
3532
3533
25838
3534
3535
3536
3537
3538
3539
25841
25839
3540
3541
3542
3543
25843
25793
3544
3545
3546
3547
25845
25844
25814
3548
3549
3550
3551
3552
3553
25848
25836
3554
3555
25806
3556
3557
25850
3558
3559
25819
3560
3561
25852
25851
3562
3563
25834
3564
3565
25854
3566
3567
25837
3568
3569
25856
25825
25805
3570
3571
25840
3572
3573
25858
25857
25818
25831
3574
3575
25847
3576
3577
25860
25855
3578
3579
3580
3581
25862
3582
3583
25863
25849
25861
3584
3585
3586
3587
25865
3588
3589
25866
3590
3591
3592
3593
3594
3595
25869
3596
3597
3598
3599
3600
3601
25872
25870
3602
3603
25868
3604
3605
25874
3606
3607
25871
3608
3609
25876
25875
3610
3611
3612
3613
25878
3614
3615
25879
25873
25877
3616
3617
3618
3619
25881
3620
3621
25882
25867
3622
3623
3624
3625
3626
3627
25885
3628
3629
3630
3631
3632
3633
25888
25886
3634
3635
25884
3636
3637
25890
3638
3639
25887
3640
3641
25892
25891
3642
3643
3644
3645
25894
3646
3647
25895
25889
25893
3648
3649
3650
3651
25897
3652
3653
25898
25883
3654
3655
3656
3657
3658
3659
25901
3660
3661
3662
3663
3664
3665
25904
25902
3666
3667
25900
3668
3669
25906
3670
3671
25903
3672
3673
25908
25907
3674
3675
3676
3677
25910
3678
3679
25911
25905
25909
3680
3681
3682
3683
25913
3684
3685
25914
25899
3686
3687
3688
3689
3690
3691
25917
3692
3693
3694
3695
3696
3697
25920
25918
3698
3699
25916
3700
3701
25922
3702
3703
25919
3704
3705
25924
25923
3706
3707
3708
3709
25926
3710
3711
25927
25921
25925
3712
3713
3714
3715
25929
3716
3717
25930
25915
3718
3719
3720
3721
3722
3723
25933
3724
3725
3726
3727
3728
3729
25936
25934
3730
3731
25932
3732
3733
25938
3734
3735
25935
3736
3737
25940
25939
3738
3739
3740
3741
25942
3742
3743
25943
25937
25941
3744
3745
3746
3747
25945
3748
3749
25946
25931
3750
3751
3752
3753
3754
3755
25949
3756
3757
3758
3759
3760
3761
25952
25950
3762
3763
25948
3764
3765
25954
3766
3767
25951
3768
3769
25956
25955
3770
3771
3772
3773
25958
3774
3775
25959
25953
25957
3776
3777
3778
3779
25961
3780
3781
25962
25947
3782
3783
3784
3785
3786
3787
25965
25821
3788
3789
3790
3791
3792
3793
25968
25966
25842
3794
3795
25964
3796
3797
25970
25853
25833
3798
3799
25967
3800
3801
25972
25859
25846
25971
3802
3803
3804
3805
25974
3806
3807
25975
25969
25973
3808
3809
3810
3811
25977
3812
3813
25978
25963
3814
25979
3815
3816
3817
3818
25980
3819
3820
25981
3821
3822
3823
3824
25983
3825
3826
25984
25982
3827
3828
3829
3830
25986
3831
3832
25987
25985
3833
3834
3835
3836
25989
3837
3838
25990
25988
3839
3840
3841
3842
25992
3843
3844
25993
25991
3845
3846
3847
3848
25995
3849
3850
25996
25994
3851
3852
3853
3854
25998
3855
3856
25999
25997
3857
3858
3859
3860
26001
3861
3862
26002
26000
3863
26003
3864
3865
3866
3867
26004
3868
3869
26005
3870
3871
3872
3873
26007
3874
3875
26008
26006
3876
3877
3878
3879
26010
3880
3881
26011
26009
3882
3883
3884
3885
26013
3886
3887
26014
26012
3888
3889
3890
3891
26016
3892
3893
26017
26015
3894
3895
3896
3897
26019
3898
3899
26020
26018
3900
3901
3902
3903
26022
3904
3905
26023
26021
3906
3907
3908
3909
26025
3910
3911
26026
26024
3912
26027
3913
3914
3915
3916
26028
3917
3918
26029
3919
3920
3921
3922
26031
3923
3924
26032
26030
3925
3926
3927
3928
26034
3929
3930
26035
26033
3931
3932
3933
3934
26037
3935
3936
26038
26036
3937
3938
3939
3940
26040
3941
3942
26041
26039
3943
3944
3945
3946
26043
3947
3948
26044
26042
3949
3950
3951
3952
26046
3953
3954
26047
26045
3955
3956
3957
3958
26049
3959
3960
26050
26048
3961
26051
3962
3963
3964
3965
26052
3966
3967
26053
3968
3969
3970
3971
26055
3972
3973
26056
26054
3974
3975
3976
3977
26058
3978
3979
26059
26057
3980
3981
3982
3983
26061
3984
3985
26062
26060
3986
3987
3988
3989
26064
3990
3991
26065
26063
3992
3993
3994
3995
26067
3996
3997
26068
26066
3998
3999
4000
4001
26070
4002
4003
26071
26069
4004
4005
4006
4007
26073
4008
4009
26074
26072
4010
26075
4011
4012
4013
4014
4015
4016
26077
4017
4018
4019
4020
4021
4022
26080
26078
4023
4024
4025
4026
26082
4027
4028
4029
4030
26084
26083
4031
4032
4033
4034
4035
4036
26087
4037
4038
4039
4040
4041
4042
26090
4043
4044
4045
4046
4047
4048
26093
26091
4049
4050
4051
4052
26095
25713
4053
4054
4055
4056
26097
26096
25719
4057
4058
4059
4060
4061
4062
26100
26088
4063
26101
4064
4065
26076
4066
4067
26102
4068
4069
26079
4070
4071
26104
26103
4072
4073
4074
4075
26106
4076
4077
26089
4078
4079
26108
25376
25687
4080
4081
26092
4082
4083
26110
26109
25706
25702
4084
4085
4086
4087
26112
26107
4088
26113
4089
4090
26086
4091
4092
26114
4093
4094
26099
4095
4096
26116
26115
4097
26117
4098
4099
4100
4101
4102
4103
26119
4104
4105
4106
4107
4108
4109
26122
26120
4110
26123
4111
4112
4113
4114
26124
26085
4115
4116
4117
4118
26126
26125
26098
4119
26127
4120
4121
26118
4122
4123
26128
26081
26105
4124
4125
26121
4126
4127
26130
26129
26094
26111
4128
26131
4129
4130
4131
4132
4133
4134
26133
4135
4136
4137
4138
26135
4139
4140
4141
4142
26137
24537
4143
4144
4145
4146
4147
4148
26140
4149
4150
4151
4152
26142
24610
4153
4154
4155
4156
26144
4157
4158
4159
4160
26146
24670
4161
4162
4163
4164
26148
4165
4166
4167
4168
4169
4170
26151
26138
4171
4172
4173
4174
26153
24732
4175
4176
4177
4178
26155
4179
4180
4181
4182
26157
26143
4183
4184
4185
4186
26159
24792
4187
4188
4189
4190
26161
4191
4192
4193
4194
26163
26149
26147
4195
4196
4197
4198
4199
4200
26166
4201
4202
4203
4204
26168
24878
4205
4206
4207
4208
26170
4209
4210
4211
4212
26172
26156
26154
4213
4214
4215
4216
26174
4217
4218
4219
4220
26176
24938
4221
4222
4223
4224
26178
4225
4226
4227
4228
26180
26162
26160
4229
4230
4231
4232
26182
4233
4234
4235
4236
4237
4238
26185
4239
4240
4241
4242
4243
4244
26188
4245
4246
4247
4248
26190
4249
4250
4251
4252
26192
26164
4253
4254
4255
4256
4257
4258
26195
26186
4259
4260
4261
4262
26197
25000
4263
4264
4265
4266
26199
4267
4268
4269
4270
26201
26171
26169
4271
4272
4273
4274
26203
4275
4276
4277
4278
26205
25060
4279
4280
4281
4282
26207
4283
4284
4285
4286
26209
26179
26177
4287
4288
4289
4290
26211
4291
4292
4293
4294
26213
4295
4296
4297
4298
26215
26173
4299
4300
4301
4302
26217
26181
4303
4304
4305
4306
26219
26214
4307
4308
4309
4310
26221
25130
4311
4312
4313
4314
26223
4315
4316
4317
4318
26225
26200
26198
4319
4320
4321
4322
26227
4323
4324
4325
4326
26229
25190
4327
4328
4329
4330
26231
4331
4332
4333
4334
26233
26208
26206
4335
4336
4337
4338
26235
4339
4340
4341
4342
26237
4343
4344
4345
4346
26239
26202
4347
4348
4349
4350
26241
26210
4351
4352
4353
4354
26243
26238
4355
4356
4357
4358
4359
4360
26246
4361
4362
4363
4364
4365
4366
26249
4367
4368
4369
4370
4371
4372
26252
26250
4373
4374
4375
4376
26254
4377
4378
4379
4380
26256
26255
4381
4382
4383
4384
26258
4385
4386
4387
4388
26260
26259
4389
4390
4391
4392
4393
4394
26263
26247
4395
4396
4397
4398
4399
4400
26266
4401
4402
4403
4404
4405
4406
26269
26267
4407
4408
4409
4410
26271
4411
4412
4413
4414
26273
26272
4415
4416
4417
4418
26275
4419
4420
4421
4422
26277
26276
4423
4424
4425
4426
4427
4428
26280
26264
4429
4430
4431
4432
4433
4434
26283
4435
4436
4437
4438
4439
4440
26286
26284
4441
4442
4443
4444
26288
4445
4446
4447
4448
26290
26289
4449
4450
4451
4452
26292
4453
4454
4455
4456
26294
26293
4457
4458
4459
4460
4461
4462
26297
26281
4463
4464
4465
4466
4467
4468
26300
4469
4470
4471
4472
4473
4474
26303
26301
4475
4476
4477
4478
26305
4479
4480
4481
4482
26307
26306
4483
4484
4485
4486
26309
4487
4488
4489
4490
26311
26310
4491
4492
4493
4494
4495
4496
26314
26298
4497
4498
4499
4500
4501
4502
26317
4503
4504
4505
4506
4507
4508
26320
26318
4509
4510
4511
4512
26322
4513
4514
4515
4516
26324
26323
4517
4518
4519
4520
26326
4521
4522
4523
4524
26328
26327
4525
4526
4527
4528
4529
4530
26331
26315
4531
4532
4533
4534
4535
4536
26334
4537
4538
4539
4540
4541
4542
26337
26335
4543
4544
4545
4546
26339
4547
4548
4549
4550
26341
26340
4551
4552
4553
4554
26343
4555
4556
4557
4558
26345
26344
4559
4560
4561
4562
4563
4564
26348
26332
4565
4566
4567
4568
4569
4570
26351
26175
4571
4572
4573
4574
4575
4576
26354
26352
26191
4577
4578
4579
4580
26356
26183
26204
4581
4582
4583
4584
26358
26357
26216
26193
4585
4586
4587
4588
26360
26228
26212
4589
4590
4591
4592
26362
26361
26240
26218
4593
4594
4595
4596
4597
4598
26365
26349
4599
4600
4601
4602
26367
25252
4603
4604
4605
4606
26369
4607
4608
4609
4610
26371
26224
26222
4611
4612
4613
4614
26373
4615
4616
4617
4618
26375
25312
4619
4620
4621
4622
26377
4623
4624
4625
4626
26379
26232
26230
4627
4628
4629
4630
26381
4631
4632
4633
4634
26383
4635
4636
4637
4638
26385
26226
4639
4640
4641
4642
26387
26234
4643
4644
4645
4646
26389
26384
4647
4648
4649
4650
26391
4651
4652
4653
4654
26393
4655
4656
4657
4658
26395
26394
4659
4660
4661
4662
26397
26392
4663
4664
4665
4666
26399
4667
4668
4669
4670
26401
26400
4671
4672
4673
4674
26403
26398
4675
4676
4677
4678
26405
4679
4680
4681
4682
26407
26406
4683
4684
4685
4686
26409
26404
4687
4688
4689
4690
26411
4691
4692
4693
4694
26413
26412
4695
4696
4697
4698
26415
26410
4699
4700
4701
4702
26417
4703
4704
4705
4706
26419
26418
4707
4708
4709
4710
26421
26416
4711
4712
4713
4714
26423
4715
4716
4717
4718
26425
26424
4719
4720
4721
4722
26427
26422
4723
4724
4725
4726
26429
26374
26236
4727
4728
4729
4730
26431
26430
26386
26242
4731
4732
4733
4734
26433
26428
4735
4736
4737
4738
26435
25436
4739
4740
4741
4742
26437
4743
4744
4745
4746
26439
26370
26368
4747
4748
4749
4750
26441
4751
4752
4753
4754
26443
25496
4755
4756
4757
4758
26445
4759
4760
4761
4762
26447
26378
26376
4763
4764
4765
4766
26449
4767
4768
4769
4770
26451
4771
4772
4773
4774
26453
26372
4775
4776
4777
4778
26455
26380
4779
4780
4781
4782
26457
26452
4783
4784
4785
4786
26459
26244
4787
4788
4789
4790
26461
4791
4792
4793
4794
26463
26462
4795
4796
4797
4798
26465
26460
26261
4799
4800
4801
4802
26467
4803
4804
4805
4806
26469
26468
4807
4808
4809
4810
26471
26466
26278
4811
4812
4813
4814
26473
4815
4816
4817
4818
26475
26474
4819
4820
4821
4822
26477
26472
26295
4823
4824
4825
4826
26479
4827
4828
4829
4830
26481
26480
4831
4832
4833
4834
26483
26478
26312
4835
4836
4837
4838
26485
4839
4840
4841
4842
26487
26486
4843
4844
4845
4846
26489
26484
26329
4847
4848
4849
4850
26491
4851
4852
4853
4854
26493
26492
4855
4856
4857
4858
26495
26490
26346
4859
4860
4861
4862
26497
26442
26382
4863
4864
4865
4866
26499
26498
26388
26454
4867
4868
4869
4870
26501
26496
26363
4871
4872
4873
4874
4875
4876
26504
4877
4878
4879
4880
4881
4882
26507
4883
4884
26508
26506
4885
4886
4887
4888
4889
4890
26511
4891
4892
26512
26510
26509
4893
4894
4895
4896
4897
4898
26515
4899
4900
26516
26514
26513
4901
4902
4903
4904
4905
4906
26519
4907
4908
26520
26518
26517
4909
4910
4911
4912
4913
4914
26523
4915
4916
26524
26522
26521
4917
4918
4919
4920
4921
4922
26527
4923
4924
26528
26526
26525
4925
4926
4927
4928
4929
4930
26531
4931
4932
26532
26530
26529
4933
4934
4935
4936
26534
4937
4938
26535
25864
4939
4940
4941
4942
4943
4944
26538
4945
4946
26539
26537
26536
26533
4947
4948
4949
4950
26541
4951
4952
26542
4953
4954
4955
4956
4957
4958
26545
4959
4960
26546
26544
4961
4962
4963
4964
4965
4966
26549
4967
4968
26550
26548
26547
4969
4970
4971
4972
4973
4974
26553
4975
4976
26554
26552
26551
4977
4978
4979
4980
4981
4982
26557
4983
4984
26558
26556
26555
4985
4986
4987
4988
4989
4990
26561
4991
4992
26562
26560
26559
4993
4994
4995
4996
4997
4998
26565
4999
5000
26566
26564
26563
5001
5002
5003
5004
5005
5006
26569
5007
5008
26570
26568
26567
5009
5010
5011
5012
26572
5013
5014
26573
25880
5015
5016
5017
5018
5019
5020
26576
5021
5022
26577
26575
26574
26571
5023
5024
5025
5026
26579
5027
5028
26580
26543
5029
5030
5031
5032
5033
5034
26583
5035
5036
26584
26582
5037
5038
5039
5040
5041
5042
26587
5043
5044
26588
26586
26585
5045
5046
5047
5048
5049
5050
26591
5051
5052
26592
26590
26589
5053
5054
5055
5056
5057
5058
26595
5059
5060
26596
26594
26593
5061
5062
5063
5064
5065
5066
26599
5067
5068
26600
26598
26597
5069
5070
5071
5072
5073
5074
26603
5075
5076
26604
26602
26601
5077
5078
5079
5080
5081
5082
26607
5083
5084
26608
26606
26605
5085
5086
5087
5088
26610
5089
5090
26611
25896
5091
5092
5093
5094
5095
5096
26614
5097
5098
26615
26613
26612
26609
5099
5100
5101
5102
26617
5103
5104
26618
26581
5105
5106
5107
5108
5109
5110
26621
5111
5112
26622
26620
5113
5114
5115
5116
5117
5118
26625
5119
5120
26626
26624
26623
5121
5122
5123
5124
5125
5126
26629
5127
5128
26630
26628
26627
5129
5130
5131
5132
5133
5134
26633
5135
5136
26634
26632
26631
5137
5138
5139
5140
5141
5142
26637
5143
5144
26638
26636
26635
5145
5146
5147
5148
5149
5150
26641
5151
5152
26642
26640
26639
5153
5154
5155
5156
5157
5158
26645
5159
5160
26646
26644
26643
5161
5162
5163
5164
26648
5165
5166
26649
25912
5167
5168
5169
5170
5171
5172
26652
5173
5174
26653
26651
26650
26647
5175
5176
5177
5178
26655
5179
5180
26656
26619
5181
5182
5183
5184
5185
5186
26659
5187
5188
26660
26658
5189
5190
5191
5192
5193
5194
26663
5195
5196
26664
26662
26661
5197
5198
5199
5200
5201
5202
26667
5203
5204
26668
26666
26665
5205
5206
5207
5208
5209
5210
26671
5211
5212
26672
26670
26669
5213
5214
5215
5216
5217
5218
26675
5219
5220
26676
26674
26673
5221
5222
5223
5224
5225
5226
26679
5227
5228
26680
26678
26677
5229
5230
5231
5232
5233
5234
26683
5235
5236
26684
26682
26681
5237
5238
5239
5240
26686
5241
5242
26687
25928
5243
5244
5245
5246
5247
5248
26690
5249
5250
26691
26689
26688
26685
5251
5252
5253
5254
26693
5255
5256
26694
26657
5257
5258
5259
5260
5261
5262
26697
5263
5264
26698
26696
5265
5266
5267
5268
5269
5270
26701
5271
5272
26702
26700
26699
5273
5274
5275
5276
5277
5278
26705
5279
5280
26706
26704
26703
5281
5282
5283
5284
5285
5286
26709
5287
5288
26710
26708
26707
5289
5290
5291
5292
5293
5294
26713
5295
5296
26714
26712
26711
5297
5298
5299
5300
5301
5302
26717
5303
5304
26718
26716
26715
5305
5306
5307
5308
5309
5310
26721
5311
5312
26722
26720
26719
5313
5314
5315
5316
26724
5317
5318
26725
25944
5319
5320
5321
5322
5323
5324
26728
5325
5326
26729
26727
26726
26723
5327
5328
5329
5330
26731
5331
5332
26732
26695
5333
5334
5335
5336
5337
5338
26735
5339
5340
26736
26734
5341
5342
5343
5344
5345
5346
26739
5347
5348
26740
26738
26737
5349
5350
5351
5352
5353
5354
26743
5355
5356
26744
26742
26741
5357
5358
5359
5360
5361
5362
26747
5363
5364
26748
26746
26745
5365
5366
5367
5368
5369
5370
26751
5371
5372
26752
26750
26749
5373
5374
5375
5376
5377
5378
26755
5379
5380
26756
26754
26753
5381
5382
5383
5384
5385
5386
26759
5387
5388
26760
26758
26757
5389
5390
5391
5392
26762
5393
5394
26763
25960
5395
5396
5397
5398
5399
5400
26766
5401
5402
26767
26765
26764
26761
5403
5404
5405
5406
26769
5407
5408
26770
26733
5409
5410
5411
5412
5413
5414
5415
5416
26774
5417
5418
26775
26773
5419
5420
5421
5422
5423
5424
26778
5425
5426
26779
26777
26776
5427
5428
5429
5430
5431
5432
26782
5433
5434
26783
26781
26780
5435
5436
5437
5438
5439
5440
26786
5441
5442
26787
26785
26784
5443
5444
5445
5446
5447
5448
26790
5449
5450
26791
26789
26788
5451
5452
5453
5454
5455
5456
26794
5457
5458
26795
26793
26792
5459
5460
5461
5462
5463
5464
26798
5465
5466
26799
26797
26796
5467
5468
5469
5470
26801
5471
5472
26802
25976
5473
5474
5475
5476
5477
5478
26805
5479
5480
26806
26804
26803
26800
5481
5482
5483
5484
26808
5485
5486
26809
26772
26771
5487
5488
5489
5490
26811
5491
5492
26812
26810
5493
5494
5495
5496
26814
5497
5498
26815
5499
5500
5501
5502
26817
5503
5504
26818
5505
5506
5507
5508
26820
5509
5510
26821
26819
5511
5512
5513
5514
26823
5515
5516
26824
26822
5517
5518
5519
5520
26826
5521
5522
26827
26825
5523
5524
5525
5526
26829
5527
5528
26830
26828
5529
5530
5531
5532
26832
5533
5534
26833
26831
5535
5536
5537
5538
26835
5539
5540
26836
26834
5541
5542
5543
5544
5545
5546
26839
5547
5548
26840
26838
26837
5549
5550
5551
5552
26842
5553
5554
26843
26841
5555
5556
5557
5558
26845
5559
5560
26846
26816
5561
5562
5563
5564
26848
5565
5566
26849
5567
5568
5569
5570
26851
5571
5572
26852
26850
5573
5574
5575
5576
26854
5577
5578
26855
26853
5579
5580
5581
5582
26857
5583
5584
26858
26856
5585
5586
5587
5588
26860
5589
5590
26861
26859
5591
5592
5593
5594
26863
5595
5596
26864
26862
5597
5598
5599
5600
26866
5601
5602
26867
26865
5603
5604
5605
5606
5607
5608
26870
5609
5610
26871
26869
26868
5611
5612
5613
5614
26873
5615
5616
26874
26872
5617
5618
5619
5620
26876
5621
5622
26877
26847
5623
5624
5625
5626
26879
5627
5628
26880
5629
5630
5631
5632
26882
5633
5634
26883
26881
5635
5636
5637
5638
26885
5639
5640
26886
26884
5641
5642
5643
5644
26888
5645
5646
26889
26887
5647
5648
5649
5650
26891
5651
5652
26892
26890
5653
5654
5655
5656
26894
5657
5658
26895
26893
5659
5660
5661
5662
26897
5663
5664
26898
26896
5665
5666
5667
5668
5669
5670
26901
5671
5672
26902
26900
26899
5673
5674
5675
5676
26904
5677
5678
26905
26903
5679
5680
5681
5682
26907
5683
5684
26908
26878
5685
5686
5687
5688
26910
5689
5690
26911
5691
5692
5693
5694
26913
5695
5696
26914
26912
5697
5698
5699
5700
26916
5701
5702
26917
26915
5703
5704
5705
5706
26919
5707
5708
26920
26918
5709
5710
5711
5712
26922
5713
5714
26923
26921
5715
5716
5717
5718
26925
5719
5720
26926
26924
5721
5722
5723
5724
26928
5725
5726
26929
26927
5727
5728
5729
5730
5731
5732
26932
5733
5734
26933
26931
26930
5735
5736
5737
5738
26935
5739
5740
26936
26934
5741
5742
5743
5744
26938
5745
5746
26939
26909
5747
5748
5749
5750
26941
5751
5752
26942
5753
5754
5755
5756
26944
5757
5758
26945
26943
5759
5760
5761
5762
26947
5763
5764
26948
26946
5765
5766
5767
5768
26950
5769
5770
26951
26949
5771
5772
5773
5774
26953
5775
5776
26954
26952
5777
5778
5779
5780
26956
5781
5782
26957
26955
5783
5784
5785
5786
26959
5787
5788
26960
26958
5789
5790
5791
5792
5793
5794
26963
5795
5796
26964
26962
26961
5797
5798
5799
5800
26966
5801
5802
26967
26965
5803
5804
5805
5806
26969
5807
5808
26970
26940
5809
5810
5811
5812
26972
5813
5814
26973
5815
5816
5817
5818
26975
5819
5820
26976
26974
5821
5822
5823
5824
26978
5825
5826
26979
26977
5827
5828
5829
5830
26981
5831
5832
26982
26980
5833
5834
5835
5836
26984
5837
5838
26985
26983
5839
5840
5841
5842
26987
5843
5844
26988
26986
5845
5846
5847
5848
26990
5849
5850
26991
26989
5851
5852
5853
5854
5855
5856
26994
5857
5858
26995
26993
26992
5859
5860
5861
5862
26997
5863
5864
26998
26996
5865
5866
5867
5868
27000
5869
5870
27001
26971
5871
5872
5873
5874
27003
5875
5876
27004
26540
5877
5878
5879
5880
27006
5881
5882
27007
26578
27005
5883
5884
5885
5886
27009
5887
5888
27010
26616
27008
5889
5890
5891
5892
27012
5893
5894
27013
26654
27011
5895
5896
5897
5898
27015
5899
5900
27016
26692
27014
5901
5902
5903
5904
27018
5905
5906
27019
26730
27017
5907
5908
5909
5910
27021
5911
5912
27022
26768
27020
5913
5914
5915
5916
5917
5918
27025
5919
5920
27026
26807
27024
27023
5921
5922
5923
5924
27028
5925
5926
27029
27027
5927
5928
5929
5930
27031
5931
5932
27032
27002
5933
5934
5935
5936
5937
5938
27035
5939
5940
5941
5942
5943
5944
27038
5945
5946
5947
5948
27040
5949
5950
27041
5951
5952
5953
5954
27043
5955
5956
27044
27042
5957
5958
5959
5960
27046
5961
5962
27047
27045
5963
5964
5965
5966
27049
5967
5968
27050
27048
5969
5970
5971
5972
27052
5973
5974
27053
27051
5975
5976
5977
5978
27055
5979
5980
27056
27054
5981
5982
5983
5984
27058
5985
5986
27059
27057
5987
5988
5989
5990
27061
5991
5992
27062
27060
5993
5994
5995
5996
5997
5998
27065
5999
6000
6001
6002
6003
6004
27068
27039
6005
6006
6007
6008
27070
6009
6010
27071
6011
6012
6013
6014
27073
6015
6016
27074
27072
6017
6018
6019
6020
27076
6021
6022
27077
27075
6023
6024
6025
6026
27079
6027
6028
27080
27078
6029
6030
6031
6032
27082
6033
6034
27083
27081
6035
6036
6037
6038
27085
6039
6040
27086
27084
6041
6042
6043
6044
27088
6045
6046
27089
27087
6047
6048
6049
6050
27091
6051
6052
27092
27090
6053
6054
6055
6056
6057
6058
27095
6059
6060
6061
6062
6063
6064
27098
27069
6065
6066
6067
6068
27100
6069
6070
27101
6071
6072
6073
6074
27103
6075
6076
27104
27102
6077
6078
6079
6080
27106
6081
6082
27107
27105
6083
6084
6085
6086
27109
6087
6088
27110
27108
6089
6090
6091
6092
27112
6093
6094
27113
27111
6095
6096
6097
6098
27115
6099
6100
27116
27114
6101
6102
6103
6104
27118
6105
6106
27119
27117
6107
6108
6109
6110
27121
6111
6112
27122
27120
6113
6114
6115
6116
6117
6118
27125
6119
6120
6121
6122
6123
6124
27128
27099
6125
6126
6127
6128
27130
6129
6130
27131
6131
6132
6133
6134
27133
6135
6136
27134
27132
6137
6138
6139
6140
27136
6141
6142
27137
27135
6143
6144
6145
6146
27139
6147
6148
27140
27138
6149
6150
6151
6152
27142
6153
6154
27143
27141
6155
6156
6157
6158
27145
6159
6160
27146
27144
6161
6162
6163
6164
27148
6165
6166
27149
27147
6167
6168
6169
6170
27151
6171
6172
27152
27150
6173
6174
6175
6176
6177
6178
27155
6179
6180
6181
6182
6183
6184
27158
27129
6185
6186
6187
6188
27160
6189
6190
27161
6191
6192
6193
6194
27163
6195
6196
27164
27162
6197
6198
6199
6200
27166
6201
6202
27167
27165
6203
6204
6205
6206
27169
6207
6208
27170
27168
6209
6210
6211
6212
27172
6213
6214
27173
27171
6215
6216
6217
6218
27175
6219
6220
27176
27174
6221
6222
6223
6224
27178
6225
6226
27179
27177
6227
6228
6229
6230
27181
6231
6232
27182
27180
6233
6234
6235
6236
6237
6238
27185
6239
6240
6241
6242
6243
6244
27188
27159
6245
6246
6247
6248
27190
6249
6250
27191
6251
6252
6253
6254
27193
6255
6256
27194
27192
6257
6258
6259
6260
27196
6261
6262
27197
27195
6263
6264
6265
6266
27199
6267
6268
27200
27198
6269
6270
6271
6272
27202
6273
6274
27203
27201
6275
6276
6277
6278
27205
6279
6280
27206
27204
6281
6282
6283
6284
27208
6285
6286
27209
27207
6287
6288
6289
6290
27211
6291
6292
27212
27210
6293
6294
6295
6296
6297
6298
27215
6299
6300
6301
6302
6303
6304
27218
27189
6305
6306
6307
6308
27220
6309
6310
27221
6311
6312
6313
6314
27223
6315
6316
27224
27222
6317
6318
6319
6320
27226
6321
6322
27227
27225
6323
6324
6325
6326
27229
6327
6328
27230
27228
6329
6330
6331
6332
27232
6333
6334
27233
27231
6335
6336
6337
6338
27235
6339
6340
27236
27234
6341
6342
6343
6344
27238
6345
6346
27239
27237
6347
6348
6349
6350
27241
6351
6352
27242
27240
6353
6354
6355
6356
6357
6358
27245
26505
6359
6360
6361
6362
27247
6363
6364
27248
6365
6366
6367
6368
27250
6369
6370
27251
27249
6371
6372
6373
6374
27253
6375
6376
27254
27252
6377
6378
6379
6380
27256
6381
6382
27257
27255
6383
6384
6385
6386
27259
6387
6388
27260
27258
6389
6390
6391
6392
27262
6393
6394
27263
27261
6395
6396
6397
6398
27265
6399
6400
27266
27264
6401
6402
6403
6404
27268
6405
6406
27269
27267
6407
6408
6409
6410
6411
6412
27272
27219
6413
6414
6415
6416
6417
6418
27275
6419
6420
6421
6422
6423
6424
27278
6425
6426
6427
6428
6429
6430
27281
27279
6431
6432
6433
6434
6435
6436
27284
27282
6437
6438
6439
6440
6441
6442
27287
27285
6443
6444
6445
6446
6447
6448
27290
27288
6449
6450
6451
6452
6453
6454
27293
27291
6455
6456
6457
6458
6459
6460
27296
27294
6461
6462
6463
6464
27298
6465
6466
27299
6467
6468
6469
6470
27301
6471
6472
27302
27300
6473
6474
6475
6476
27304
6477
6478
27305
27303
6479
6480
6481
6482
27307
6483
6484
27308
27306
6485
6486
6487
6488
27310
6489
6490
27311
27309
6491
6492
6493
6494
27313
6495
6496
27314
27312
6497
6498
6499
6500
27316
6501
6502
27317
27315
6503
6504
6505
6506
27319
6507
6508
27320
27318
6509
6510
6511
6512
6513
6514
27323
27297
6515
6516
6517
6518
6519
6520
27326
27276
6521
6522
6523
6524
6525
6526
27329
6527
6528
6529
6530
6531
6532
27332
27330
6533
6534
6535
6536
6537
6538
27335
27333
6539
6540
6541
6542
6543
6544
27338
27336
6545
6546
6547
6548
6549
6550
27341
27339
6551
6552
6553
6554
6555
6556
27344
27342
6557
6558
6559
6560
6561
6562
27347
27345
6563
6564
6565
6566
27349
6567
6568
27350
6569
6570
6571
6572
27352
6573
6574
27353
27351
6575
6576
6577
6578
27355
6579
6580
27356
27354
6581
6582
6583
6584
27358
6585
6586
27359
27357
6587
6588
6589
6590
27361
6591
6592
27362
27360
6593
6594
6595
6596
27364
6597
6598
27365
27363
6599
6600
6601
6602
27367
6603
6604
27368
27366
6605
6606
6607
6608
27370
6609
6610
27371
27369
6611
6612
6613
6614
6615
6616
27374
27348
6617
6618
6619
6620
6621
6622
27377
27327
6623
6624
6625
6626
6627
6628
27380
6629
6630
6631
6632
6633
6634
27383
27381
6635
6636
6637
6638
6639
6640
27386
27384
6641
6642
6643
6644
6645
6646
27389
27387
6647
6648
6649
6650
6651
6652
27392
27390
6653
6654
6655
6656
6657
6658
27395
27393
6659
6660
6661
6662
6663
6664
27398
27396
6665
6666
6667
6668
27400
6669
6670
27401
6671
6672
6673
6674
27403
6675
6676
27404
27402
6677
6678
6679
6680
27406
6681
6682
27407
27405
6683
6684
6685
6686
27409
6687
6688
27410
27408
6689
6690
6691
6692
27412
6693
6694
27413
27411
6695
6696
6697
6698
27415
6699
6700
27416
27414
6701
6702
6703
6704
27418
6705
6706
27419
27417
6707
6708
6709
6710
27421
6711
6712
27422
27420
6713
6714
6715
6716
6717
6718
27425
27399
6719
6720
6721
6722
6723
6724
27428
27378
6725
6726
6727
6728
6729
6730
27431
6731
6732
6733
6734
6735
6736
27434
27432
6737
6738
6739
6740
6741
6742
27437
27435
6743
6744
6745
6746
6747
6748
27440
27438
6749
6750
6751
6752
6753
6754
27443
27441
6755
6756
6757
6758
6759
6760
27446
27444
6761
6762
6763
6764
6765
6766
27449
27447
6767
6768
6769
6770
27451
6771
6772
27452
6773
6774
6775
6776
27454
6777
6778
27455
27453
6779
6780
6781
6782
27457
6783
6784
27458
27456
6785
6786
6787
6788
27460
6789
6790
27461
27459
6791
6792
6793
6794
27463
6795
6796
27464
27462
6797
6798
6799
6800
27466
6801
6802
27467
27465
6803
6804
6805
6806
27469
6807
6808
27470
27468
6809
6810
6811
6812
27472
6813
6814
27473
27471
6815
6816
6817
6818
6819
6820
27476
27450
6821
6822
6823
6824
6825
6826
27479
27429
6827
6828
6829
6830
6831
6832
27482
6833
6834
6835
6836
6837
6838
27485
27483
6839
6840
6841
6842
6843
6844
27488
27486
6845
6846
6847
6848
6849
6850
27491
27489
6851
6852
6853
6854
6855
6856
27494
27492
6857
6858
6859
6860
6861
6862
27497
27495
6863
6864
6865
6866
6867
6868
27500
27498
6869
6870
6871
6872
27502
6873
6874
27503
6875
6876
6877
6878
27505
6879
6880
27506
27504
6881
6882
6883
6884
27508
6885
6886
27509
27507
6887
6888
6889
6890
27511
6891
6892
27512
27510
6893
6894
6895
6896
27514
6897
6898
27515
27513
6899
6900
6901
6902
27517
6903
6904
27518
27516
6905
6906
6907
6908
27520
6909
6910
27521
27519
6911
6912
6913
6914
27523
6915
6916
27524
27522
6917
6918
6919
6920
6921
6922
27527
27501
6923
6924
6925
6926
6927
6928
27530
27480
6929
6930
6931
6932
6933
6934
27533
6935
6936
6937
6938
6939
6940
27536
27534
6941
6942
6943
6944
6945
6946
27539
27537
6947
6948
6949
6950
6951
6952
27542
27540
6953
6954
6955
6956
6957
6958
27545
27543
6959
6960
6961
6962
6963
6964
27548
27546
6965
6966
6967
6968
6969
6970
27551
27549
6971
6972
6973
6974
27553
6975
6976
27554
6977
6978
6979
6980
27556
6981
6982
27557
27555
6983
6984
6985
6986
27559
6987
6988
27560
27558
6989
6990
6991
6992
27562
6993
6994
27563
27561
6995
6996
6997
6998
27565
6999
7000
27566
27564
7001
7002
7003
7004
27568
7005
7006
27569
27567
7007
7008
7009
7010
27571
7011
7012
27572
27570
7013
7014
7015
7016
27574
7017
7018
27575
27573
7019
7020
7021
7022
7023
7024
27578
27552
7025
7026
7027
7028
7029
7030
27581
27531
7031
7032
7033
7034
7035
7036
7037
7038
27585
27036
7039
7040
7041
7042
7043
7044
27588
27586
27066
7045
7046
7047
7048
7049
7050
27591
27589
27096
7051
7052
7053
7054
7055
7056
27594
27592
27126
7057
7058
7059
7060
7061
7062
27597
27595
27156
7063
7064
7065
7066
7067
7068
27600
27598
27186
7069
7070
7071
7072
7073
7074
27603
27601
27216
7075
7076
7077
7078
27605
7079
7080
27606
26813
7081
7082
7083
7084
27608
7085
7086
27609
26844
27607
7087
7088
7089
7090
27611
7091
7092
27612
26875
27610
7093
7094
7095
7096
27614
7097
7098
27615
26906
27613
7099
7100
7101
7102
27617
7103
7104
27618
26937
27616
7105
7106
7107
7108
27620
7109
7110
27621
26968
27619
7111
7112
7113
7114
27623
7115
7116
27624
26999
27622
7117
7118
7119
7120
27626
7121
7122
27627
27030
27625
7123
7124
7125
7126
7127
7128
27630
27604
27246
7129
7130
7131
7132
7133
7134
27633
27582
27583
7135
7136
7137
7138
7139
7140
27636
7141
7142
7143
7144
7145
7146
27639
7147
7148
7149
7150
7151
7152
27642
27640
7153
7154
7155
7156
7157
7158
27645
27643
7159
7160
7161
7162
7163
7164
27648
27646
7165
7166
7167
7168
7169
7170
27651
27649
7171
7172
7173
7174
7175
7176
27654
27652
7177
7178
7179
7180
7181
7182
27657
27655
7183
7184
7185
7186
7187
7188
7189
7190
27661
27658
27659
7191
7192
7193
7194
7195
7196
27664
27637
7197
7198
7199
7200
7201
7202
27667
7203
7204
7205
7206
7207
7208
27670
27668
7209
7210
7211
7212
7213
7214
27673
27671
7215
7216
7217
7218
7219
7220
27676
27674
7221
7222
7223
7224
7225
7226
27679
27677
7227
7228
7229
7230
7231
7232
27682
27680
7233
7234
7235
7236
7237
7238
27685
27683
7239
7240
7241
7242
7243
7244
7245
7246
27689
27686
27687
7247
7248
7249
7250
7251
7252
27692
27665
7253
7254
7255
7256
7257
7258
27695
7259
7260
7261
7262
7263
7264
27698
27696
7265
7266
7267
7268
7269
7270
27701
27699
7271
7272
7273
7274
7275
7276
27704
27702
7277
7278
7279
7280
7281
7282
27707
27705
7283
7284
7285
7286
7287
7288
27710
27708
7289
7290
7291
7292
7293
7294
27713
27711
7295
7296
7297
7298
7299
7300
7301
7302
27717
27714
27715
7303
7304
7305
7306
7307
7308
27720
27693
7309
7310
7311
7312
7313
7314
27723
7315
7316
7317
7318
7319
7320
27726
27724
7321
7322
7323
7324
7325
7326
27729
27727
7327
7328
7329
7330
7331
7332
27732
27730
7333
7334
7335
7336
7337
7338
27735
27733
7339
7340
7341
7342
7343
7344
27738
27736
7345
7346
7347
7348
7349
7350
27741
27739
7351
7352
7353
7354
7355
7356
7357
7358
27745
27742
27743
7359
7360
7361
7362
7363
7364
27748
27721
7365
7366
7367
7368
7369
7370
27751
7371
7372
7373
7374
7375
7376
27754
27752
7377
7378
7379
7380
7381
7382
27757
27755
7383
7384
7385
7386
7387
7388
27760
27758
7389
7390
7391
7392
7393
7394
27763
27761
7395
7396
7397
7398
7399
7400
27766
27764
7401
7402
7403
7404
7405
7406
27769
27767
7407
7408
7409
7410
7411
7412
7413
7414
27773
27770
27771
7415
7416
7417
7418
7419
7420
27776
27749
7421
7422
7423
7424
7425
7426
27779
7427
7428
7429
7430
7431
7432
27782
27780
7433
7434
7435
7436
7437
7438
27785
27783
7439
7440
7441
7442
7443
7444
27788
27786
7445
7446
7447
7448
7449
7450
27791
27789
7451
7452
7453
7454
7455
7456
27794
27792
7457
7458
7459
7460
7461
7462
27797
27795
7463
7464
7465
7466
7467
7468
7469
7470
27801
27798
27799
7471
7472
7473
7474
7475
7476
27804
27777
7477
7478
7479
7480
7481
7482
27807
27273
7483
7484
7485
7486
7487
7488
27810
27808
27324
7489
7490
7491
7492
7493
7494
27813
27811
27375
7495
7496
7497
7498
7499
7500
27816
27814
27426
7501
7502
7503
7504
7505
7506
27819
27817
27477
7507
7508
7509
7510
7511
7512
27822
27820
27528
7513
7514
7515
7516
7517
7518
27825
27823
27579
7519
7520
7521
7522
7523
7524
7525
7526
27829
27826
27631
27827
7527
7528
7529
7530
7531
7532
27832
27805
7533
7534
7535
7536
27834
25558
7537
7538
7539
7540
27836
7541
7542
7543
7544
27838
26438
26436
7545
7546
7547
7548
27840
7549
7550
7551
7552
27842
25606
7553
7554
7555
7556
27844
7557
7558
7559
7560
27846
26446
26444
7561
7562
7563
7564
27848
7565
7566
7567
7568
27850
7569
7570
7571
7572
27852
26440
7573
7574
7575
7576
27854
26448
7577
7578
7579
7580
27856
27851
7581
7582
7583
7584
27858
26390
7585
7586
7587
7588
27860
7589
7590
7591
7592
27862
27861
7593
7594
7595
7596
27864
27859
26396
7597
7598
7599
7600
27866
7601
7602
7603
7604
27868
27867
7605
7606
7607
7608
27870
27865
26402
7609
7610
7611
7612
27872
7613
7614
7615
7616
27874
27873
7617
7618
7619
7620
27876
27871
26408
7621
7622
7623
7624
27878
7625
7626
7627
7628
27880
27879
7629
7630
7631
7632
27882
27877
26414
7633
7634
7635
7636
27884
7637
7638
7639
7640
27886
27885
7641
7642
7643
7644
27888
27883
26420
7645
7646
7647
7648
27890
7649
7650
7651
7652
27892
27891
7653
7654
7655
7656
27894
27889
26426
7657
7658
7659
7660
27896
27841
26450
7661
7662
7663
7664
27898
27897
27853
26456
7665
7666
7667
7668
27900
27895
26432
7669
7670
7671
7672
27902
7673
7674
7675
7676
27904
7677
7678
7679
7680
27906
7681
7682
7683
7684
27908
7685
7686
7687
7688
27910
27907
7689
7690
7691
7692
27912
7693
7694
7695
7696
27914
27911
7697
7698
7699
7700
27916
7701
7702
7703
7704
27918
27915
7705
7706
7707
7708
27920
7709
7710
7711
7712
27922
27919
7713
7714
7715
7716
27924
7717
7718
7719
7720
27926
27923
7721
7722
7723
7724
27928
7725
7726
7727
7728
27930
27927
7729
7730
7731
7732
27932
27903
7733
7734
7735
7736
27934
27931
7737
7738
7739
7740
27936
7741
7742
7743
7744
27938
7745
7746
7747
7748
27940
27939
7749
7750
7751
7752
27942
27941
7753
7754
7755
7756
27944
27943
7757
7758
7759
7760
27946
27945
7761
7762
7763
7764
27948
27947
7765
7766
7767
7768
27950
27949
7769
7770
7771
7772
27952
27951
7773
7774
7775
7776
27954
27937
7777
7778
7779
7780
27956
7781
7782
7783
7784
27958
27957
7785
7786
7787
7788
27960
27959
7789
7790
7791
7792
27962
27961
7793
7794
7795
7796
27964
27963
7797
7798
7799
7800
27966
27965
7801
7802
7803
7804
27968
27967
7805
7806
7807
7808
27970
27969
7809
7810
7811
7812
27972
27955
7813
7814
7815
7816
27974
7817
7818
7819
7820
27976
27975
7821
7822
7823
7824
27978
27977
7825
7826
7827
7828
27980
27979
7829
7830
7831
7832
27982
27981
7833
7834
7835
7836
27984
27983
7837
7838
7839
7840
27986
27985
7841
7842
7843
7844
27988
27987
7845
7846
7847
7848
27990
27973
7849
7850
7851
7852
27992
7853
7854
7855
7856
27994
27993
7857
7858
7859
7860
27996
27995
7861
7862
7863
7864
27998
27997
7865
7866
7867
7868
28000
27999
7869
7870
7871
7872
28002
28001
7873
7874
7875
7876
28004
28003
7877
7878
7879
7880
28006
28005
7881
7882
7883
7884
28008
27991
7885
7886
7887
7888
28010
7889
7890
7891
7892
28012
28011
7893
7894
7895
7896
28014
28013
7897
7898
7899
7900
28016
28015
7901
7902
7903
7904
28018
28017
7905
7906
7907
7908
28020
28019
7909
7910
7911
7912
28022
28021
7913
7914
7915
7916
28024
28023
7917
7918
7919
7920
28026
28009
7921
7922
7923
7924
28028
7925
7926
7927
7928
28030
28029
7929
7930
7931
7932
28032
28031
7933
7934
7935
7936
28034
28033
7937
7938
7939
7940
28036
28035
7941
7942
7943
7944
28038
28037
7945
7946
7947
7948
28040
28039
7949
7950
7951
7952
28042
28041
7953
7954
7955
7956
28044
28027
7957
7958
7959
7960
7961
7962
28047
27905
7963
7964
7965
7966
28049
28048
27909
7967
7968
7969
7970
28051
28050
27913
7971
7972
7973
7974
28053
28052
27917
7975
7976
7977
7978
28055
28054
27921
7979
7980
7981
7982
28057
28056
27925
7983
7984
7985
7986
28059
28058
27929
7987
7988
7989
7990
28061
28060
27933
7991
7992
7993
7994
28063
28045
28046
7995
7996
7997
7998
28065
7999
8000
8001
8002
28067
8003
8004
8005
8006
28069
28068
8007
8008
8009
8010
28071
28070
8011
8012
8013
8014
28073
28072
8015
8016
8017
8018
28075
28074
8019
8020
8021
8022
28077
28076
8023
8024
8025
8026
28079
28078
8027
8028
8029
8030
8031
8032
28082
28080
28081
8033
8034
8035
8036
28084
28066
8037
8038
8039
8040
28086
8041
8042
8043
8044
28088
28087
8045
8046
8047
8048
28090
28089
8049
8050
8051
8052
28092
28091
8053
8054
8055
8056
28094
28093
8057
8058
8059
8060
28096
28095
8061
8062
8063
8064
28098
28097
8065
8066
8067
8068
8069
8070
28101
28099
28100
8071
8072
8073
8074
28103
28085
8075
8076
8077
8078
28105
8079
8080
8081
8082
28107
28106
8083
8084
8085
8086
28109
28108
8087
8088
8089
8090
28111
28110
8091
8092
8093
8094
28113
28112
8095
8096
8097
8098
28115
28114
8099
8100
8101
8102
28117
28116
8103
8104
8105
8106
8107
8108
28120
28118
28119
8109
8110
8111
8112
28122
28104
8113
8114
8115
8116
28124
8117
8118
8119
8120
28126
28125
8121
8122
8123
8124
28128
28127
8125
8126
8127
8128
28130
28129
8129
8130
8131
8132
28132
28131
8133
8134
8135
8136
28134
28133
8137
8138
8139
8140
28136
28135
8141
8142
8143
8144
8145
8146
28139
28137
28138
8147
8148
8149
8150
28141
28123
8151
8152
8153
8154
28143
8155
8156
8157
8158
28145
28144
8159
8160
8161
8162
28147
28146
8163
8164
8165
8166
28149
28148
8167
8168
8169
8170
28151
28150
8171
8172
8173
8174
28153
28152
8175
8176
8177
8178
28155
28154
8179
8180
8181
8182
8183
8184
28158
28156
28157
8185
8186
8187
8188
28160
28142
8189
8190
8191
8192
28162
8193
8194
8195
8196
28164
28163
8197
8198
8199
8200
28166
28165
8201
8202
8203
8204
28168
28167
8205
8206
8207
8208
28170
28169
8209
8210
8211
8212
28172
28171
8213
8214
8215
8216
28174
28173
8217
8218
8219
8220
8221
8222
28177
28175
28176
8223
8224
8225
8226
28179
28161
8227
8228
8229
8230
28181
27935
8231
8232
8233
8234
28183
28182
27953
8235
8236
8237
8238
28185
28184
27971
8239
8240
8241
8242
28187
28186
27989
8243
8244
8245
8246
28189
28188
28007
8247
8248
8249
8250
28191
28190
28025
8251
8252
8253
8254
28193
28192
28043
8255
8256
8257
8258
8259
8260
28196
28194
28062
28195
8261
8262
8263
8264
28198
28180
8265
8266
8267
8268
28200
25641
8269
8270
8271
8272
28202
8273
8274
8275
8276
28204
27837
27835
8277
8278
8279
8280
28206
8281
8282
8283
8284
28208
25649
8285
8286
8287
8288
28210
8289
8290
8291
8292
28212
27845
27843
8293
8294
8295
8296
28214
8297
8298
8299
8300
28216
8301
8302
8303
8304
28218
27839
8305
8306
8307
8308
28220
27847
8309
8310
8311
8312
28222
28217
8313
8314
8315
8316
28224
26458
8317
8318
8319
8320
28226
8321
8322
8323
8324
28228
28227
8325
8326
8327
8328
28230
28225
26464
8329
8330
8331
8332
28232
8333
8334
8335
8336
28234
28233
8337
8338
8339
8340
28236
28231
26470
8341
8342
8343
8344
28238
8345
8346
8347
8348
28240
28239
8349
8350
8351
8352
28242
28237
26476
8353
8354
8355
8356
28244
8357
8358
8359
8360
28246
28245
8361
8362
8363
8364
28248
28243
26482
8365
8366
8367
8368
28250
8369
8370
8371
8372
28252
28251
8373
8374
8375
8376
28254
28249
26488
8377
8378
8379
8380
28256
8381
8382
8383
8384
28258
28257
8385
8386
8387
8388
28260
28255
26494
8389
8390
8391
8392
28262
28207
27849
8393
8394
8395
8396
28264
28263
28219
27855
8397
8398
8399
8400
28266
28261
26500
8401
8402
8403
8404
28268
26502
8405
8406
8407
8408
28270
8409
8410
8411
8412
28272
8413
8414
8415
8416
28274
8417
8418
8419
8420
28276
28273
8421
8422
8423
8424
28278
8425
8426
8427
8428
28280
28277
8429
8430
8431
8432
28282
8433
8434
8435
8436
28284
28281
8437
8438
8439
8440
28286
8441
8442
8443
8444
28288
28285
8445
8446
8447
8448
28290
8449
8450
8451
8452
28292
28289
8453
8454
8455
8456
28294
8457
8458
8459
8460
28296
28293
8461
8462
8463
8464
28298
28269
8465
8466
8467
8468
28300
28297
8469
8470
8471
8472
28302
8473
8474
8475
8476
28304
8477
8478
8479
8480
28306
28305
8481
8482
8483
8484
28308
28307
8485
8486
8487
8488
28310
28309
8489
8490
8491
8492
28312
28311
8493
8494
8495
8496
28314
28313
8497
8498
8499
8500
28316
28315
8501
8502
8503
8504
28318
28317
8505
8506
8507
8508
28320
28303
8509
8510
8511
8512
28322
8513
8514
8515
8516
28324
28323
8517
8518
8519
8520
28326
28325
8521
8522
8523
8524
28328
28327
8525
8526
8527
8528
28330
28329
8529
8530
8531
8532
28332
28331
8533
8534
8535
8536
28334
28333
8537
8538
8539
8540
28336
28335
8541
8542
8543
8544
28338
28321
8545
8546
8547
8548
28340
8549
8550
8551
8552
28342
28341
8553
8554
8555
8556
28344
28343
8557
8558
8559
8560
28346
28345
8561
8562
8563
8564
28348
28347
8565
8566
8567
8568
28350
28349
8569
8570
8571
8572
28352
28351
8573
8574
8575
8576
28354
28353
8577
8578
8579
8580
28356
28339
8581
8582
8583
8584
28358
8585
8586
8587
8588
28360
28359
8589
8590
8591
8592
28362
28361
8593
8594
8595
8596
28364
28363
8597
8598
8599
8600
28366
28365
8601
8602
8603
8604
28368
28367
8605
8606
8607
8608
28370
28369
8609
8610
8611
8612
28372
28371
8613
8614
8615
8616
28374
28357
8617
8618
8619
8620
28376
8621
8622
8623
8624
28378
28377
8625
8626
8627
8628
28380
28379
8629
8630
8631
8632
28382
28381
8633
8634
8635
8636
28384
28383
8637
8638
8639
8640
28386
28385
8641
8642
8643
8644
28388
28387
8645
8646
8647
8648
28390
28389
8649
8650
8651
8652
28392
28375
8653
8654
8655
8656
28394
8657
8658
8659
8660
28396
28395
8661
8662
8663
8664
28398
28397
8665
8666
8667
8668
28400
28399
8669
8670
8671
8672
28402
28401
8673
8674
8675
8676
28404
28403
8677
8678
8679
8680
28406
28405
8681
8682
8683
8684
28408
28407
8685
8686
8687
8688
28410
28393
8689
8690
8691
8692
8693
8694
28413
28271
8695
8696
8697
8698
28415
28414
28275
8699
8700
8701
8702
28417
28416
28279
8703
8704
8705
8706
28419
28418
28283
8707
8708
8709
8710
28421
28420
28287
8711
8712
8713
8714
28423
28422
28291
8715
8716
8717
8718
28425
28424
28295
8719
8720
8721
8722
28427
28426
28299
8723
8724
8725
8726
28429
28411
28412
8727
8728
8729
8730
28431
8731
8732
8733
8734
28433
8735
8736
8737
8738
28435
28434
8739
8740
8741
8742
28437
28436
8743
8744
8745
8746
28439
28438
8747
8748
8749
8750
28441
28440
8751
8752
8753
8754
28443
28442
8755
8756
8757
8758
28445
28444
8759
8760
8761
8762
8763
8764
28448
28446
28447
8765
8766
8767
8768
28450
28432
8769
8770
8771
8772
28452
8773
8774
8775
8776
28454
28453
8777
8778
8779
8780
28456
28455
8781
8782
8783
8784
28458
28457
8785
8786
8787
8788
28460
28459
8789
8790
8791
8792
28462
28461
8793
8794
8795
8796
28464
28463
8797
8798
8799
8800
8801
8802
28467
28465
28466
8803
8804
8805
8806
28469
28451
8807
8808
8809
8810
28471
8811
8812
8813
8814
28473
28472
8815
8816
8817
8818
28475
28474
8819
8820
8821
8822
28477
28476
8823
8824
8825
8826
28479
28478
8827
8828
8829
8830
28481
28480
8831
8832
8833
8834
28483
28482
8835
8836
8837
8838
8839
8840
28486
28484
28485
8841
8842
8843
8844
28488
28470
8845
8846
8847
8848
28490
8849
8850
8851
8852
28492
28491
8853
8854
8855
8856
28494
28493
8857
8858
8859
8860
28496
28495
8861
8862
8863
8864
28498
28497
8865
8866
8867
8868
28500
28499
8869
8870
8871
8872
28502
28501
8873
8874
8875
8876
8877
8878
28505
28503
28504
8879
8880
8881
8882
28507
28489
8883
8884
8885
8886
28509
8887
8888
8889
8890
28511
28510
8891
8892
8893
8894
28513
28512
8895
8896
8897
8898
28515
28514
8899
8900
8901
8902
28517
28516
8903
8904
8905
8906
28519
28518
8907
8908
8909
8910
28521
28520
8911
8912
8913
8914
8915
8916
28524
28522
28523
8917
8918
8919
8920
28526
28508
8921
8922
8923
8924
28528
8925
8926
8927
8928
28530
28529
8929
8930
8931
8932
28532
28531
8933
8934
8935
8936
28534
28533
8937
8938
8939
8940
28536
28535
8941
8942
8943
8944
28538
28537
8945
8946
8947
8948
28540
28539
8949
8950
8951
8952
8953
8954
28543
28541
28542
8955
8956
8957
8958
28545
28527
8959
8960
8961
8962
28547
28301
8963
8964
8965
8966
28549
28548
28319
8967
8968
8969
8970
28551
28550
28337
8971
8972
8973
8974
28553
28552
28355
8975
8976
8977
8978
28555
28554
28373
8979
8980
8981
8982
28557
28556
28391
8983
8984
8985
8986
28559
28558
28409
8987
8988
8989
8990
8991
8992
28562
28560
28428
28561
8993
8994
8995
8996
28564
28546
8997
8998
8999
9000
9001
9002
28567
9003
9004
9005
9006
9007
9008
28570
9009
9010
9011
9012
9013
9014
28573
28571
9015
9016
9017
9018
9019
9020
28576
28574
9021
9022
9023
9024
9025
9026
28579
28577
9027
9028
9029
9030
9031
9032
28582
28580
9033
9034
9035
9036
9037
9038
28585
28583
9039
9040
9041
9042
9043
9044
28588
28586
9045
9046
9047
9048
9049
9050
28591
28589
9051
9052
9053
9054
28593
9055
9056
9057
9058
28595
28594
9059
9060
9061
9062
28597
28596
9063
9064
9065
9066
28599
28598
9067
9068
9069
9070
28601
28600
9071
9072
9073
9074
28603
28602
9075
9076
9077
9078
28605
28604
9079
9080
9081
9082
28607
28606
9083
9084
9085
9086
28609
9087
9088
9089
9090
28611
28610
9091
9092
9093
9094
28613
28612
9095
9096
9097
9098
28615
28614
9099
9100
9101
9102
28617
28616
9103
9104
9105
9106
28619
28618
9107
9108
9109
9110
28621
28620
9111
9112
9113
9114
28623
28622
9115
9116
9117
9118
9119
9120
28626
28568
9121
9122
9123
9124
9125
9126
28629
9127
9128
9129
9130
9131
9132
28632
28630
9133
9134
9135
9136
9137
9138
28635
28633
9139
9140
9141
9142
9143
9144
28638
28636
9145
9146
9147
9148
9149
9150
28641
28639
9151
9152
9153
9154
9155
9156
28644
28642
9157
9158
9159
9160
9161
9162
28647
28645
9163
9164
9165
9166
9167
9168
28650
28648
9169
9170
9171
9172
28652
9173
9174
9175
9176
28654
28653
9177
9178
9179
9180
28656
28655
9181
9182
9183
9184
28658
28657
9185
9186
9187
9188
28660
28659
9189
9190
9191
9192
28662
28661
9193
9194
9195
9196
28664
28663
9197
9198
9199
9200
28666
28665
9201
9202
9203
9204
28668
9205
9206
9207
9208
28670
28669
9209
9210
9211
9212
28672
28671
9213
9214
9215
9216
28674
28673
9217
9218
9219
9220
28676
28675
9221
9222
9223
9224
28678
28677
9225
9226
9227
9228
28680
28679
9229
9230
9231
9232
28682
28681
9233
9234
9235
9236
9237
9238
28685
28627
9239
9240
9241
9242
9243
9244
28688
9245
9246
9247
9248
9249
9250
28691
28689
9251
9252
9253
9254
9255
9256
28694
28692
9257
9258
9259
9260
9261
9262
28697
28695
9263
9264
9265
9266
9267
9268
28700
28698
9269
9270
9271
9272
9273
9274
28703
28701
9275
9276
9277
9278
9279
9280
28706
28704
9281
9282
9283
9284
9285
9286
28709
28707
9287
9288
9289
9290
28711
9291
9292
9293
9294
28713
28712
9295
9296
9297
9298
28715
28714
9299
9300
9301
9302
28717
28716
9303
9304
9305
9306
28719
28718
9307
9308
9309
9310
28721
28720
9311
9312
9313
9314
28723
28722
9315
9316
9317
9318
28725
28724
9319
9320
9321
9322
28727
9323
9324
9325
9326
28729
28728
9327
9328
9329
9330
28731
28730
9331
9332
9333
9334
28733
28732
9335
9336
9337
9338
28735
28734
9339
9340
9341
9342
28737
28736
9343
9344
9345
9346
28739
28738
9347
9348
9349
9350
28741
28740
9351
9352
9353
9354
9355
9356
28744
28686
9357
9358
9359
9360
9361
9362
28747
9363
9364
9365
9366
9367
9368
28750
28748
9369
9370
9371
9372
9373
9374
28753
28751
9375
9376
9377
9378
9379
9380
28756
28754
9381
9382
9383
9384
9385
9386
28759
28757
9387
9388
9389
9390
9391
9392
28762
28760
9393
9394
9395
9396
9397
9398
28765
28763
9399
9400
9401
9402
9403
9404
28768
28766
9405
9406
9407
9408
28770
9409
9410
9411
9412
28772
28771
9413
9414
9415
9416
28774
28773
9417
9418
9419
9420
28776
28775
9421
9422
9423
9424
28778
28777
9425
9426
9427
9428
28780
28779
9429
9430
9431
9432
28782
28781
9433
9434
9435
9436
28784
28783
9437
9438
9439
9440
28786
9441
9442
9443
9444
28788
28787
9445
9446
9447
9448
28790
28789
9449
9450
9451
9452
28792
28791
9453
9454
9455
9456
28794
28793
9457
9458
9459
9460
28796
28795
9461
9462
9463
9464
28798
28797
9465
9466
9467
9468
28800
28799
9469
9470
9471
9472
9473
9474
28803
28745
9475
9476
9477
9478
9479
9480
28806
9481
9482
9483
9484
9485
9486
28809
28807
9487
9488
9489
9490
9491
9492
28812
28810
9493
9494
9495
9496
9497
9498
28815
28813
9499
9500
9501
9502
9503
9504
28818
28816
9505
9506
9507
9508
9509
9510
28821
28819
9511
9512
9513
9514
9515
9516
28824
28822
9517
9518
9519
9520
9521
9522
28827
28825
9523
9524
9525
9526
28829
9527
9528
9529
9530
28831
28830
9531
9532
9533
9534
28833
28832
9535
9536
9537
9538
28835
28834
9539
9540
9541
9542
28837
28836
9543
9544
9545
9546
28839
28838
9547
9548
9549
9550
28841
28840
9551
9552
9553
9554
28843
28842
9555
9556
9557
9558
28845
9559
9560
9561
9562
28847
28846
9563
9564
9565
9566
28849
28848
9567
9568
9569
9570
28851
28850
9571
9572
9573
9574
28853
28852
9575
9576
9577
9578
28855
28854
9579
9580
9581
9582
28857
28856
9583
9584
9585
9586
28859
28858
9587
9588
9589
9590
9591
9592
28862
28804
9593
9594
9595
9596
9597
9598
28865
9599
9600
9601
9602
9603
9604
28868
28866
9605
9606
9607
9608
9609
9610
28871
28869
9611
9612
9613
9614
9615
9616
28874
28872
9617
9618
9619
9620
9621
9622
28877
28875
9623
9624
9625
9626
9627
9628
28880
28878
9629
9630
9631
9632
9633
9634
28883
28881
9635
9636
9637
9638
9639
9640
28886
28884
9641
9642
9643
9644
28888
9645
9646
9647
9648
28890
28889
9649
9650
9651
9652
28892
28891
9653
9654
9655
9656
28894
28893
9657
9658
9659
9660
28896
28895
9661
9662
9663
9664
28898
28897
9665
9666
9667
9668
28900
28899
9669
9670
9671
9672
28902
28901
9673
9674
9675
9676
28904
9677
9678
9679
9680
28906
28905
9681
9682
9683
9684
28908
28907
9685
9686
9687
9688
28910
28909
9689
9690
9691
9692
28912
28911
9693
9694
9695
9696
28914
28913
9697
9698
9699
9700
28916
28915
9701
9702
9703
9704
28918
28917
9705
9706
9707
9708
9709
9710
28921
28863
9711
9712
9713
9714
9715
9716
28924
27634
9717
9718
9719
9720
9721
9722
28927
28925
27662
9723
9724
9725
9726
9727
9728
28930
28928
27690
9729
9730
9731
9732
9733
9734
28933
28931
27718
9735
9736
9737
9738
9739
9740
28936
28934
27746
9741
9742
9743
9744
9745
9746
28939
28937
27774
9747
9748
9749
9750
9751
9752
28942
28940
27802
9753
9754
9755
9756
9757
9758
28945
28943
27830
9759
9760
9761
9762
28947
28064
9763
9764
9765
9766
28949
28948
28083
9767
9768
9769
9770
28951
28950
28102
9771
9772
9773
9774
28953
28952
28121
9775
9776
9777
9778
28955
28954
28140
9779
9780
9781
9782
28957
28956
28159
9783
9784
9785
9786
28959
28958
28178
9787
9788
9789
9790
28961
28960
28197
9791
9792
9793
9794
28963
28430
9795
9796
9797
9798
28965
28964
28449
9799
9800
9801
9802
28967
28966
28468
9803
9804
9805
9806
28969
28968
28487
9807
9808
9809
9810
28971
28970
28506
9811
9812
9813
9814
28973
28972
28525
9815
9816
9817
9818
28975
28974
28544
9819
9820
9821
9822
28977
28976
28563
9823
9824
9825
9826
9827
9828
28980
28922
9829
9830
9831
9832
28982
25657
25655
9833
9834
9835
9836
28984
9837
9838
9839
9840
28986
28203
28201
9841
9842
9843
9844
28988
9845
9846
9847
9848
28990
9849
9850
9851
9852
28992
28211
28209
9853
9854
9855
9856
28994
9857
9858
9859
9860
28996
9861
9862
9863
9864
28998
28205
9865
9866
9867
9868
29000
28213
9869
9870
9871
9872
29002
28997
9873
9874
9875
9876
29004
27857
9877
9878
9879
9880
29006
9881
9882
9883
9884
29008
29007
9885
9886
9887
9888
29010
29005
27863
9889
9890
9891
9892
29012
9893
9894
9895
9896
29014
29013
9897
9898
9899
9900
29016
29011
27869
9901
9902
9903
9904
29018
9905
9906
9907
9908
29020
29019
9909
9910
9911
9912
29022
29017
27875
9913
9914
9915
9916
29024
9917
9918
9919
9920
29026
29025
9921
9922
9923
9924
29028
29023
27881
9925
9926
9927
9928
29030
9929
9930
9931
9932
29032
29031
9933
9934
9935
9936
29034
29029
27887
9937
9938
9939
9940
29036
9941
9942
9943
9944
29038
29037
9945
9946
9947
9948
29040
29035
27893
9949
9950
9951
9952
29042
28989
28215
9953
9954
9955
9956
29044
29043
28999
28221
9957
9958
9959
9960
29046
29041
27899
9961
9962
9963
9964
29048
27901
9965
9966
9967
9968
29050
9969
9970
9971
9972
29052
9973
9974
9975
9976
29054
9977
9978
9979
9980
29056
29053
9981
9982
9983
9984
29058
9985
9986
9987
9988
29060
29057
9989
9990
9991
9992
29062
9993
9994
9995
9996
29064
29061
9997
9998
9999
10000
29066
10001
10002
10003
10004
29068
29065
10005
10006
10007
10008
29070
10009
10010
10011
10012
29072
29069
10013
10014
10015
10016
29074
10017
10018
10019
10020
29076
29073
10021
10022
10023
10024
29078
29049
10025
10026
10027
10028
29080
29077
10029
10030
10031
10032
29082
10033
10034
10035
10036
29084
10037
10038
10039
10040
29086
29085
10041
10042
10043
10044
29088
29087
10045
10046
10047
10048
29090
29089
10049
10050
10051
10052
29092
29091
10053
10054
10055
10056
29094
29093
10057
10058
10059
10060
29096
29095
10061
10062
10063
10064
29098
29097
10065
10066
10067
10068
29100
29083
10069
10070
10071
10072
29102
10073
10074
10075
10076
29104
29103
10077
10078
10079
10080
29106
29105
10081
10082
10083
10084
29108
29107
10085
10086
10087
10088
29110
29109
10089
10090
10091
10092
29112
29111
10093
10094
10095
10096
29114
29113
10097
10098
10099
10100
29116
29115
10101
10102
10103
10104
29118
29101
10105
10106
10107
10108
29120
10109
10110
10111
10112
29122
29121
10113
10114
10115
10116
29124
29123
10117
10118
10119
10120
29126
29125
10121
10122
10123
10124
29128
29127
10125
10126
10127
10128
29130
29129
10129
10130
10131
10132
29132
29131
10133
10134
10135
10136
29134
29133
10137
10138
10139
10140
29136
29119
10141
10142
10143
10144
29138
10145
10146
10147
10148
29140
29139
10149
10150
10151
10152
29142
29141
10153
10154
10155
10156
29144
29143
10157
10158
10159
10160
29146
29145
10161
10162
10163
10164
29148
29147
10165
10166
10167
10168
29150
29149
10169
10170
10171
10172
29152
29151
10173
10174
10175
10176
29154
29137
10177
10178
10179
10180
29156
10181
10182
10183
10184
29158
29157
10185
10186
10187
10188
29160
29159
10189
10190
10191
10192
29162
29161
10193
10194
10195
10196
29164
29163
10197
10198
10199
10200
29166
29165
10201
10202
10203
10204
29168
29167
10205
10206
10207
10208
29170
29169
10209
10210
10211
10212
29172
29155
10213
10214
10215
10216
29174
10217
10218
10219
10220
29176
29175
10221
10222
10223
10224
29178
29177
10225
10226
10227
10228
29180
29179
10229
10230
10231
10232
29182
29181
10233
10234
10235
10236
29184
29183
10237
10238
10239
10240
29186
29185
10241
10242
10243
10244
29188
29187
10245
10246
10247
10248
29190
29173
10249
10250
10251
10252
10253
10254
29193
29051
10255
10256
10257
10258
29195
29194
29055
10259
10260
10261
10262
29197
29196
29059
10263
10264
10265
10266
29199
29198
29063
10267
10268
10269
10270
29201
29200
29067
10271
10272
10273
10274
29203
29202
29071
10275
10276
10277
10278
29205
29204
29075
10279
10280
10281
10282
29207
29206
29079
10283
10284
10285
10286
29209
29191
29192
10287
10288
10289
10290
29211
10291
10292
10293
10294
29213
10295
10296
10297
10298
29215
29214
10299
10300
10301
10302
29217
29216
10303
10304
10305
10306
29219
29218
10307
10308
10309
10310
29221
29220
10311
10312
10313
10314
29223
29222
10315
10316
10317
10318
29225
29224
10319
10320
10321
10322
10323
10324
29228
29226
29227
10325
10326
10327
10328
29230
29212
10329
10330
10331
10332
29232
10333
10334
10335
10336
29234
29233
10337
10338
10339
10340
29236
29235
10341
10342
10343
10344
29238
29237
10345
10346
10347
10348
29240
29239
10349
10350
10351
10352
29242
29241
10353
10354
10355
10356
29244
29243
10357
10358
10359
10360
10361
10362
29247
29245
29246
10363
10364
10365
10366
29249
29231
10367
10368
10369
10370
29251
10371
10372
10373
10374
29253
29252
10375
10376
10377
10378
29255
29254
10379
10380
10381
10382
29257
29256
10383
10384
10385
10386
29259
29258
10387
10388
10389
10390
29261
29260
10391
10392
10393
10394
29263
29262
10395
10396
10397
10398
10399
10400
29266
29264
29265
10401
10402
10403
10404
29268
29250
10405
10406
10407
10408
29270
10409
10410
10411
10412
29272
29271
10413
10414
10415
10416
29274
29273
10417
10418
10419
10420
29276
29275
10421
10422
10423
10424
29278
29277
10425
10426
10427
10428
29280
29279
10429
10430
10431
10432
29282
29281
10433
10434
10435
10436
10437
10438
29285
29283
29284
10439
10440
10441
10442
29287
29269
10443
10444
10445
10446
29289
10447
10448
10449
10450
29291
29290
10451
10452
10453
10454
29293
29292
10455
10456
10457
10458
29295
29294
10459
10460
10461
10462
29297
29296
10463
10464
10465
10466
29299
29298
10467
10468
10469
10470
29301
29300
10471
10472
10473
10474
10475
10476
29304
29302
29303
10477
10478
10479
10480
29306
29288
10481
10482
10483
10484
29308
10485
10486
10487
10488
29310
29309
10489
10490
10491
10492
29312
29311
10493
10494
10495
10496
29314
29313
10497
10498
10499
10500
29316
29315
10501
10502
10503
10504
29318
29317
10505
10506
10507
10508
29320
29319
10509
10510
10511
10512
10513
10514
29323
29321
29322
10515
10516
10517
10518
29325
29307
10519
10520
10521
10522
29327
29081
10523
10524
10525
10526
29329
29328
29099
10527
10528
10529
10530
29331
29330
29117
10531
10532
10533
10534
29333
29332
29135
10535
10536
10537
10538
29335
29334
29153
10539
10540
10541
10542
29337
29336
29171
10543
10544
10545
10546
29339
29338
29189
10547
10548
10549
10550
10551
10552
29342
29340
29208
29341
10553
10554
10555
10556
29344
29326
10557
10558
10559
10560
29346
10561
10562
10563
10564
29348
10565
10566
10567
10568
29350
29349
10569
10570
10571
10572
29352
29351
10573
10574
10575
10576
29354
29353
10577
10578
10579
10580
29356
29355
10581
10582
10583
10584
29358
29357
10585
10586
10587
10588
29360
29359
10589
10590
10591
10592
29362
29361
10593
10594
10595
10596
29364
29347
10597
10598
10599
10600
29366
10601
10602
10603
10604
29368
29367
10605
10606
10607
10608
29370
29369
10609
10610
10611
10612
29372
29371
10613
10614
10615
10616
29374
29373
10617
10618
10619
10620
29376
29375
10621
10622
10623
10624
29378
29377
10625
10626
10627
10628
29380
29379
10629
10630
10631
10632
29382
29365
10633
10634
10635
10636
29384
10637
10638
10639
10640
29386
29385
10641
10642
10643
10644
29388
29387
10645
10646
10647
10648
29390
29389
10649
10650
10651
10652
29392
29391
10653
10654
10655
10656
29394
29393
10657
10658
10659
10660
29396
29395
10661
10662
10663
10664
29398
29397
10665
10666
10667
10668
29400
29383
10669
10670
10671
10672
29402
10673
10674
10675
10676
29404
29403
10677
10678
10679
10680
29406
29405
10681
10682
10683
10684
29408
29407
10685
10686
10687
10688
29410
29409
10689
10690
10691
10692
29412
29411
10693
10694
10695
10696
29414
29413
10697
10698
10699
10700
29416
29415
10701
10702
10703
10704
29418
29401
10705
10706
10707
10708
29420
10709
10710
10711
10712
29422
29421
10713
10714
10715
10716
29424
29423
10717
10718
10719
10720
29426
29425
10721
10722
10723
10724
29428
29427
10725
10726
10727
10728
29430
29429
10729
10730
10731
10732
29432
29431
10733
10734
10735
10736
29434
29433
10737
10738
10739
10740
29436
29419
10741
10742
10743
10744
29438
10745
10746
10747
10748
29440
29439
10749
10750
10751
10752
29442
29441
10753
10754
10755
10756
29444
29443
10757
10758
10759
10760
29446
29445
10761
10762
10763
10764
29448
29447
10765
10766
10767
10768
29450
29449
10769
10770
10771
10772
29452
29451
10773
10774
10775
10776
29454
29437
10777
10778
10779
10780
29456
29210
10781
10782
10783
10784
29458
29457
29229
10785
10786
10787
10788
29460
29459
29248
10789
10790
10791
10792
29462
29461
29267
10793
10794
10795
10796
29464
29463
29286
10797
10798
10799
10800
29466
29465
29305
10801
10802
10803
10804
29468
29467
29324
10805
10806
10807
10808
29470
29469
29343
10809
10810
10811
10812
29472
29455
10813
10814
10815
10816
29474
28991
28985
28983
10817
10818
10819
10820
29476
10821
10822
10823
10824
29478
10825
10826
10827
10828
29480
10829
10830
10831
10832
29482
28987
10833
10834
10835
10836
29484
29475
28993
10837
10838
10839
10840
29486
29481
10841
10842
10843
10844
29488
28223
10845
10846
10847
10848
29490
10849
10850
10851
10852
29492
29491
10853
10854
10855
10856
29494
29489
28229
10857
10858
10859
10860
29496
10861
10862
10863
10864
29498
29497
10865
10866
10867
10868
29500
29495
28235
10869
10870
10871
10872
29502
10873
10874
10875
10876
29504
29503
10877
10878
10879
10880
29506
29501
28241
10881
10882
10883
10884
29508
10885
10886
10887
10888
29510
29509
10889
10890
10891
10892
29512
29507
28247
10893
10894
10895
10896
29514
10897
10898
10899
10900
29516
29515
10901
10902
10903
10904
29518
29513
28253
10905
10906
10907
10908
29520
10909
10910
10911
10912
29522
29521
10913
10914
10915
10916
29524
29519
28259
10917
10918
10919
10920
29526
29479
29477
28995
10921
10922
10923
10924
29528
29527
29485
29483
29001
10925
10926
10927
10928
29530
29525
28265
10929
10930
10931
10932
29532
28267
10933
10934
10935
10936
29534
10937
10938
10939
10940
29536
10941
10942
10943
10944
29538
10945
10946
10947
10948
29540
29537
10949
10950
10951
10952
29542
10953
10954
10955
10956
29544
29541
10957
10958
10959
10960
29546
10961
10962
10963
10964
29548
29545
10965
10966
10967
10968
29550
10969
10970
10971
10972
29552
29549
10973
10974
10975
10976
29554
10977
10978
10979
10980
29556
29553
10981
10982
10983
10984
29558
10985
10986
10987
10988
29560
29557
10989
10990
10991
10992
29562
29533
10993
10994
10995
10996
29564
29561
10997
10998
10999
11000
29566
11001
11002
11003
11004
29568
11005
11006
11007
11008
29570
29569
11009
11010
11011
11012
29572
29571
11013
11014
11015
11016
29574
29573
11017
11018
11019
11020
29576
29575
11021
11022
11023
11024
29578
29577
11025
11026
11027
11028
29580
29579
11029
11030
11031
11032
29582
29581
11033
11034
11035
11036
29584
29567
11037
11038
11039
11040
29586
11041
11042
11043
11044
29588
29587
11045
11046
11047
11048
29590
29589
11049
11050
11051
11052
29592
29591
11053
11054
11055
11056
29594
29593
11057
11058
11059
11060
29596
29595
11061
11062
11063
11064
29598
29597
11065
11066
11067
11068
29600
29599
11069
11070
11071
11072
29602
29585
11073
11074
11075
11076
29604
11077
11078
11079
11080
29606
29605
11081
11082
11083
11084
29608
29607
11085
11086
11087
11088
29610
29609
11089
11090
11091
11092
29612
29611
11093
11094
11095
11096
29614
29613
11097
11098
11099
11100
29616
29615
11101
11102
11103
11104
29618
29617
11105
11106
11107
11108
29620
29603
11109
11110
11111
11112
29622
11113
11114
11115
11116
29624
29623
11117
11118
11119
11120
29626
29625
11121
11122
11123
11124
29628
29627
11125
11126
11127
11128
29630
29629
11129
11130
11131
11132
29632
29631
11133
11134
11135
11136
29634
29633
11137
11138
11139
11140
29636
29635
11141
11142
11143
11144
29638
29621
11145
11146
11147
11148
29640
11149
11150
11151
11152
29642
29641
11153
11154
11155
11156
29644
29643
11157
11158
11159
11160
29646
29645
11161
11162
11163
11164
29648
29647
11165
11166
11167
11168
29650
29649
11169
11170
11171
11172
29652
29651
11173
11174
11175
11176
29654
29653
11177
11178
11179
11180
29656
29639
11181
11182
11183
11184
29658
11185
11186
11187
11188
29660
29659
11189
11190
11191
11192
29662
29661
11193
11194
11195
11196
29664
29663
11197
11198
11199
11200
29666
29665
11201
11202
11203
11204
29668
29667
11205
11206
11207
11208
29670
29669
11209
11210
11211
11212
29672
29671
11213
11214
11215
11216
29674
29657
11217
11218
11219
11220
11221
11222
29677
29535
11223
11224
11225
11226
29679
29678
29539
11227
11228
11229
11230
29681
29680
29543
11231
11232
11233
11234
29683
29682
29547
11235
11236
11237
11238
29685
29684
29551
11239
11240
11241
11242
29687
29686
29555
11243
11244
11245
11246
29689
29688
29559
11247
11248
11249
11250
29691
29690
29563
11251
11252
11253
11254
29693
29675
29676
11255
11256
11257
11258
29695
11259
11260
11261
11262
29697
11263
11264
11265
11266
29699
29698
11267
11268
11269
11270
29701
29700
11271
11272
11273
11274
29703
29702
11275
11276
11277
11278
29705
29704
11279
11280
11281
11282
29707
29706
11283
11284
11285
11286
29709
29708
11287
11288
11289
11290
11291
11292
29712
29710
29711
11293
11294
11295
11296
29714
29696
11297
11298
11299
11300
29716
11301
11302
11303
11304
29718
29717
11305
11306
11307
11308
29720
29719
11309
11310
11311
11312
29722
29721
11313
11314
11315
11316
29724
29723
11317
11318
11319
11320
29726
29725
11321
11322
11323
11324
29728
29727
11325
11326
11327
11328
11329
11330
29731
29729
29730
11331
11332
11333
11334
29733
29715
11335
11336
11337
11338
29735
11339
11340
11341
11342
29737
29736
11343
11344
11345
11346
29739
29738
11347
11348
11349
11350
29741
29740
11351
11352
11353
11354
29743
29742
11355
11356
11357
11358
29745
29744
11359
11360
11361
11362
29747
29746
11363
11364
11365
11366
11367
11368
29750
29748
29749
11369
11370
11371
11372
29752
29734
11373
11374
11375
11376
29754
11377
11378
11379
11380
29756
29755
11381
11382
11383
11384
29758
29757
11385
11386
11387
11388
29760
29759
11389
11390
11391
11392
29762
29761
11393
11394
11395
11396
29764
29763
11397
11398
11399
11400
29766
29765
11401
11402
11403
11404
11405
11406
29769
29767
29768
11407
11408
11409
11410
29771
29753
11411
11412
11413
11414
29773
11415
11416
11417
11418
29775
29774
11419
11420
11421
11422
29777
29776
11423
11424
11425
11426
29779
29778
11427
11428
11429
11430
29781
29780
11431
11432
11433
11434
29783
29782
11435
11436
11437
11438
29785
29784
11439
11440
11441
11442
11443
11444
29788
29786
29787
11445
11446
11447
11448
29790
29772
11449
11450
11451
11452
29792
11453
11454
11455
11456
29794
29793
11457
11458
11459
11460
29796
29795
11461
11462
11463
11464
29798
29797
11465
11466
11467
11468
29800
29799
11469
11470
11471
11472
29802
29801
11473
11474
11475
11476
29804
29803
11477
11478
11479
11480
11481
11482
29807
29805
29806
11483
11484
11485
11486
29809
29791
11487
11488
11489
11490
29811
29565
11491
11492
11493
11494
29813
29812
29583
11495
11496
11497
11498
29815
29814
29601
11499
11500
11501
11502
29817
29816
29619
11503
11504
11505
11506
29819
29818
29637
11507
11508
11509
11510
29821
29820
29655
11511
11512
11513
11514
29823
29822
29673
11515
11516
11517
11518
11519
11520
29826
29824
29692
29825
11521
11522
11523
11524
29828
29810
11525
11526
11527
11528
29830
11529
11530
11531
11532
29832
11533
11534
11535
11536
29834
29833
11537
11538
11539
11540
29836
29835
11541
11542
11543
11544
29838
29837
11545
11546
11547
11548
29840
29839
11549
11550
11551
11552
29842
29841
11553
11554
11555
11556
29844
29843
11557
11558
11559
11560
29846
29845
11561
11562
11563
11564
29848
29831
11565
11566
11567
11568
29850
11569
11570
11571
11572
29852
29851
11573
11574
11575
11576
29854
29853
11577
11578
11579
11580
29856
29855
11581
11582
11583
11584
29858
29857
11585
11586
11587
11588
29860
29859
11589
11590
11591
11592
29862
29861
11593
11594
11595
11596
29864
29863
11597
11598
11599
11600
29866
29849
11601
11602
11603
11604
29868
11605
11606
11607
11608
29870
29869
11609
11610
11611
11612
29872
29871
11613
11614
11615
11616
29874
29873
11617
11618
11619
11620
29876
29875
11621
11622
11623
11624
29878
29877
11625
11626
11627
11628
29880
29879
11629
11630
11631
11632
29882
29881
11633
11634
11635
11636
29884
29867
11637
11638
11639
11640
29886
11641
11642
11643
11644
29888
29887
11645
11646
11647
11648
29890
29889
11649
11650
11651
11652
29892
29891
11653
11654
11655
11656
29894
29893
11657
11658
11659
11660
29896
29895
11661
11662
11663
11664
29898
29897
11665
11666
11667
11668
29900
29899
11669
11670
11671
11672
29902
29885
11673
11674
11675
11676
29904
11677
11678
11679
11680
29906
29905
11681
11682
11683
11684
29908
29907
11685
11686
11687
11688
29910
29909
11689
11690
11691
11692
29912
29911
11693
11694
11695
11696
29914
29913
11697
11698
11699
11700
29916
29915
11701
11702
11703
11704
29918
29917
11705
11706
11707
11708
29920
29903
11709
11710
11711
11712
29922
11713
11714
11715
11716
29924
29923
11717
11718
11719
11720
29926
29925
11721
11722
11723
11724
29928
29927
11725
11726
11727
11728
29930
29929
11729
11730
11731
11732
29932
29931
11733
11734
11735
11736
29934
29933
11737
11738
11739
11740
29936
29935
11741
11742
11743
11744
29938
29921
11745
11746
11747
11748
29940
29694
11749
11750
11751
11752
29942
29941
29713
11753
11754
11755
11756
29944
29943
29732
11757
11758
11759
11760
29946
29945
29751
11761
11762
11763
11764
29948
29947
29770
11765
11766
11767
11768
29950
29949
29789
11769
11770
11771
11772
29952
29951
29808
11773
11774
11775
11776
29954
29953
29827
11777
11778
11779
11780
29956
29939
11781
11782
11783
11784
11785
11786
29959
11787
11788
11789
11790
11791
11792
29962
11793
11794
11795
11796
11797
11798
29965
29963
11799
11800
11801
11802
11803
11804
29968
29966
11805
11806
11807
11808
11809
11810
29971
29969
11811
11812
11813
11814
11815
11816
29974
29972
11817
11818
11819
11820
11821
11822
29977
29975
11823
11824
11825
11826
11827
11828
29980
29978
11829
11830
11831
11832
11833
11834
29983
29981
11835
11836
11837
11838
29985
11839
11840
11841
11842
29987
29986
11843
11844
11845
11846
29989
29988
11847
11848
11849
11850
29991
29990
11851
11852
11853
11854
29993
29992
11855
11856
11857
11858
29995
29994
11859
11860
11861
11862
29997
29996
11863
11864
11865
11866
29999
29998
11867
11868
11869
11870
30001
11871
11872
11873
11874
30003
30002
11875
11876
11877
11878
30005
30004
11879
11880
11881
11882
30007
30006
11883
11884
11885
11886
30009
30008
11887
11888
11889
11890
30011
30010
11891
11892
11893
11894
30013
30012
11895
11896
11897
11898
30015
30014
11899
11900
11901
11902
11903
11904
30018
29960
11905
11906
11907
11908
11909
11910
30021
11911
11912
11913
11914
11915
11916
30024
30022
11917
11918
11919
11920
11921
11922
30027
30025
11923
11924
11925
11926
11927
11928
30030
30028
11929
11930
11931
11932
11933
11934
30033
30031
11935
11936
11937
11938
11939
11940
30036
30034
11941
11942
11943
11944
11945
11946
30039
30037
11947
11948
11949
11950
11951
11952
30042
30040
11953
11954
11955
11956
30044
11957
11958
11959
11960
30046
30045
11961
11962
11963
11964
30048
30047
11965
11966
11967
11968
30050
30049
11969
11970
11971
11972
30052
30051
11973
11974
11975
11976
30054
30053
11977
11978
11979
11980
30056
30055
11981
11982
11983
11984
30058
30057
11985
11986
11987
11988
30060
11989
11990
11991
11992
30062
30061
11993
11994
11995
11996
30064
30063
11997
11998
11999
12000
30066
30065
12001
12002
12003
12004
30068
30067
12005
12006
12007
12008
30070
30069
12009
12010
12011
12012
30072
30071
12013
12014
12015
12016
30074
30073
12017
12018
12019
12020
12021
12022
30077
30019
12023
12024
12025
12026
12027
12028
30080
12029
12030
12031
12032
12033
12034
30083
30081
12035
12036
12037
12038
12039
12040
30086
30084
12041
12042
12043
12044
12045
12046
30089
30087
12047
12048
12049
12050
12051
12052
30092
30090
12053
12054
12055
12056
12057
12058
30095
30093
12059
12060
12061
12062
12063
12064
30098
30096
12065
12066
12067
12068
12069
12070
30101
30099
12071
12072
12073
12074
30103
12075
12076
12077
12078
30105
30104
12079
12080
12081
12082
30107
30106
12083
12084
12085
12086
30109
30108
12087
12088
12089
12090
30111
30110
12091
12092
12093
12094
30113
30112
12095
12096
12097
12098
30115
30114
12099
12100
12101
12102
30117
30116
12103
12104
12105
12106
30119
28565
12107
12108
12109
12110
30121
30120
28624
12111
12112
12113
12114
30123
30122
28683
12115
12116
12117
12118
30125
30124
28742
12119
12120
12121
12122
30127
30126
28801
12123
12124
12125
12126
30129
30128
28860
12127
12128
12129
12130
30131
30130
28919
12131
12132
12133
12134
30133
30132
28978
12135
12136
12137
12138
12139
12140
30136
30078
12141
12142
12143
12144
30138
29487
29003
12145
12146
12147
12148
30140
30139
29493
29009
12149
12150
12151
12152
30142
30141
29499
29015
12153
12154
12155
12156
30144
30143
29505
29021
12157
12158
12159
12160
30146
30145
29511
29027
12161
12162
12163
12164
30148
30147
29517
29033
12165
12166
12167
12168
30150
30149
29523
29039
12169
12170
12171
12172
30152
30151
29529
29045
12173
12174
12175
12176
30154
29047
12177
12178
12179
12180
30156
12181
12182
12183
12184
30158
12185
12186
12187
12188
30160
12189
12190
12191
12192
30162
30159
12193
12194
12195
12196
30164
12197
12198
12199
12200
30166
30163
12201
12202
12203
12204
30168
12205
12206
12207
12208
30170
30167
12209
12210
12211
12212
30172
12213
12214
12215
12216
30174
30171
12217
12218
12219
12220
30176
12221
12222
12223
12224
30178
30175
12225
12226
12227
12228
30180
12229
12230
12231
12232
30182
30179
12233
12234
12235
12236
30184
30155
12237
12238
12239
12240
30186
30183
12241
12242
12243
12244
30188
12245
12246
12247
12248
30190
12249
12250
12251
12252
30192
30191
12253
12254
12255
12256
30194
30193
12257
12258
12259
12260
30196
30195
12261
12262
12263
12264
30198
30197
12265
12266
12267
12268
30200
30199
12269
12270
12271
12272
30202
30201
12273
12274
12275
12276
30204
30203
12277
12278
12279
12280
30206
30189
12281
12282
12283
12284
30208
12285
12286
12287
12288
30210
30209
12289
12290
12291
12292
30212
30211
12293
12294
12295
12296
30214
30213
12297
12298
12299
12300
30216
30215
12301
12302
12303
12304
30218
30217
12305
12306
12307
12308
30220
30219
12309
12310
12311
12312
30222
30221
12313
12314
12315
12316
30224
30207
12317
12318
12319
12320
30226
12321
12322
12323
12324
30228
30227
12325
12326
12327
12328
30230
30229
12329
12330
12331
12332
30232
30231
12333
12334
12335
12336
30234
30233
12337
12338
12339
12340
30236
30235
12341
12342
12343
12344
30238
30237
12345
12346
12347
12348
30240
30239
12349
12350
12351
12352
30242
30225
12353
12354
12355
12356
30244
12357
12358
12359
12360
30246
30245
12361
12362
12363
12364
30248
30247
12365
12366
12367
12368
30250
30249
12369
12370
12371
12372
30252
30251
12373
12374
12375
12376
30254
30253
12377
12378
12379
12380
30256
30255
12381
12382
12383
12384
30258
30257
12385
12386
12387
12388
30260
30243
12389
12390
12391
12392
30262
12393
12394
12395
12396
30264
30263
12397
12398
12399
12400
30266
30265
12401
12402
12403
12404
30268
30267
12405
12406
12407
12408
30270
30269
12409
12410
12411
12412
30272
30271
12413
12414
12415
12416
30274
30273
12417
12418
12419
12420
30276
30275
12421
12422
12423
12424
30278
30261
12425
12426
12427
12428
30280
12429
12430
12431
12432
30282
30281
12433
12434
12435
12436
30284
30283
12437
12438
12439
12440
30286
30285
12441
12442
12443
12444
30288
30287
12445
12446
12447
12448
30290
30289
12449
12450
12451
12452
30292
30291
12453
12454
12455
12456
30294
30293
12457
12458
12459
12460
30296
30279
12461
12462
12463
12464
12465
12466
30299
30157
12467
12468
12469
12470
30301
30300
30161
12471
12472
12473
12474
30303
30302
30165
12475
12476
12477
12478
30305
30304
30169
12479
12480
12481
12482
30307
30306
30173
12483
12484
12485
12486
30309
30308
30177
12487
12488
12489
12490
30311
30310
30181
12491
12492
12493
12494
30313
30312
30185
12495
12496
12497
12498
30315
30297
30298
12499
12500
12501
12502
30317
12503
12504
12505
12506
30319
12507
12508
12509
12510
30321
30320
12511
12512
12513
12514
30323
30322
12515
12516
12517
12518
30325
30324
12519
12520
12521
12522
30327
30326
12523
12524
12525
12526
30329
30328
12527
12528
12529
12530
30331
30330
12531
12532
12533
12534
12535
12536
30334
30332
30333
12537
12538
12539
12540
30336
30318
12541
12542
12543
12544
30338
12545
12546
12547
12548
30340
30339
12549
12550
12551
12552
30342
30341
12553
12554
12555
12556
30344
30343
12557
12558
12559
12560
30346
30345
12561
12562
12563
12564
30348
30347
12565
12566
12567
12568
30350
30349
12569
12570
12571
12572
12573
12574
30353
30351
30352
12575
12576
12577
12578
30355
30337
12579
12580
12581
12582
30357
12583
12584
12585
12586
30359
30358
12587
12588
12589
12590
30361
30360
12591
12592
12593
12594
30363
30362
12595
12596
12597
12598
30365
30364
12599
12600
12601
12602
30367
30366
12603
12604
12605
12606
30369
30368
12607
12608
12609
12610
12611
12612
30372
30370
30371
12613
12614
12615
12616
30374
30356
12617
12618
12619
12620
30376
12621
12622
12623
12624
30378
30377
12625
12626
12627
12628
30380
30379
12629
12630
12631
12632
30382
30381
12633
12634
12635
12636
30384
30383
12637
12638
12639
12640
30386
30385
12641
12642
12643
12644
30388
30387
12645
12646
12647
12648
12649
12650
30391
30389
30390
12651
12652
12653
12654
30393
30375
12655
12656
12657
12658
30395
12659
12660
12661
12662
30397
30396
12663
12664
12665
12666
30399
30398
12667
12668
12669
12670
30401
30400
12671
12672
12673
12674
30403
30402
12675
12676
12677
12678
30405
30404
12679
12680
12681
12682
30407
30406
12683
12684
12685
12686
12687
12688
30410
30408
30409
12689
12690
12691
12692
30412
30394
12693
12694
12695
12696
30414
12697
12698
12699
12700
30416
30415
12701
12702
12703
12704
30418
30417
12705
12706
12707
12708
30420
30419
12709
12710
12711
12712
30422
30421
12713
12714
12715
12716
30424
30423
12717
12718
12719
12720
30426
30425
12721
12722
12723
12724
12725
12726
30429
30427
30428
12727
12728
12729
12730
30431
30413
12731
12732
12733
12734
30433
30187
12735
12736
12737
12738
30435
30434
30205
12739
12740
12741
12742
30437
30436
30223
12743
12744
12745
12746
30439
30438
30241
12747
12748
12749
12750
30441
30440
30259
12751
12752
12753
12754
30443
30442
30277
12755
12756
12757
12758
30445
30444
30295
12759
12760
12761
12762
12763
12764
30448
30446
30314
30447
12765
12766
12767
12768
30450
30432
12769
12770
12771
12772
30452
12773
12774
12775
12776
30454
12777
12778
12779
12780
30456
30455
12781
12782
12783
12784
30458
30457
12785
12786
12787
12788
30460
30459
12789
12790
12791
12792
30462
30461
12793
12794
12795
12796
30464
30463
12797
12798
12799
12800
30466
30465
12801
12802
12803
12804
30468
30467
12805
12806
12807
12808
30470
30453
12809
12810
12811
12812
30472
12813
12814
12815
12816
30474
30473
12817
12818
12819
12820
30476
30475
12821
12822
12823
12824
30478
30477
12825
12826
12827
12828
30480
30479
12829
12830
12831
12832
30482
30481
12833
12834
12835
12836
30484
30483
12837
12838
12839
12840
30486
30485
12841
12842
12843
12844
30488
30471
12845
12846
12847
12848
30490
12849
12850
12851
12852
30492
30491
12853
12854
12855
12856
30494
30493
12857
12858
12859
12860
30496
30495
12861
12862
12863
12864
30498
30497
12865
12866
12867
12868
30500
30499
12869
12870
12871
12872
30502
30501
12873
12874
12875
12876
30504
30503
12877
12878
12879
12880
30506
30489
12881
12882
12883
12884
30508
12885
12886
12887
12888
30510
30509
12889
12890
12891
12892
30512
30511
12893
12894
12895
12896
30514
30513
12897
12898
12899
12900
30516
30515
12901
12902
12903
12904
30518
30517
12905
12906
12907
12908
30520
30519
12909
12910
12911
12912
30522
30521
12913
12914
12915
12916
30524
30507
12917
12918
12919
12920
30526
12921
12922
12923
12924
30528
30527
12925
12926
12927
12928
30530
30529
12929
12930
12931
12932
30532
30531
12933
12934
12935
12936
30534
30533
12937
12938
12939
12940
30536
30535
12941
12942
12943
12944
30538
30537
12945
12946
12947
12948
30540
30539
12949
12950
12951
12952
30542
30525
12953
12954
12955
12956
30544
12957
12958
12959
12960
30546
30545
12961
12962
12963
12964
30548
30547
12965
12966
12967
12968
30550
30549
12969
12970
12971
12972
30552
30551
12973
12974
12975
12976
30554
30553
12977
12978
12979
12980
30556
30555
12981
12982
12983
12984
30558
30557
12985
12986
12987
12988
30560
30543
12989
12990
12991
12992
30562
30316
12993
12994
12995
12996
30564
30563
30335
12997
12998
12999
13000
30566
30565
30354
13001
13002
13003
13004
30568
30567
30373
13005
13006
13007
13008
30570
30569
30392
13009
13010
13011
13012
30572
30571
30411
13013
13014
13015
13016
30574
30573
30430
13017
13018
13019
13020
30576
30575
30449
13021
13022
13023
13024
30578
30561
13025
13026
13027
13028
30580
13029
13030
13031
13032
30582
13033
13034
13035
13036
30584
30583
13037
13038
13039
13040
30586
30585
13041
13042
13043
13044
30588
30587
13045
13046
13047
13048
30590
30589
13049
13050
13051
13052
30592
30591
13053
13054
13055
13056
30594
30593
13057
13058
13059
13060
30596
30595
13061
13062
13063
13064
30598
30581
13065
13066
13067
13068
30600
13069
13070
13071
13072
30602
30601
13073
13074
13075
13076
30604
30603
13077
13078
13079
13080
30606
30605
13081
13082
13083
13084
30608
30607
13085
13086
13087
13088
30610
30609
13089
13090
13091
13092
30612
30611
13093
13094
13095
13096
30614
30613
13097
13098
13099
13100
30616
30599
13101
13102
13103
13104
30618
29345
13105
13106
13107
13108
30620
30619
29363
13109
13110
13111
13112
30622
30621
29381
13113
13114
13115
13116
30624
30623
29399
13117
13118
13119
13120
30626
30625
29417
13121
13122
13123
13124
30628
30627
29435
13125
13126
13127
13128
30630
30629
29453
13129
13130
13131
13132
30632
30631
29471
13133
13134
13135
13136
30634
30617
13137
13138
13139
13140
30636
30153
29531
13141
13142
13143
13144
30638
13145
13146
13147
13148
30640
13149
13150
13151
13152
30642
13153
13154
13155
13156
30644
30641
13157
13158
13159
13160
30646
13161
13162
13163
13164
30648
30645
13165
13166
13167
13168
30650
13169
13170
13171
13172
30652
30649
13173
13174
13175
13176
30654
13177
13178
13179
13180
30656
30653
13181
13182
13183
13184
30658
13185
13186
13187
13188
30660
30657
13189
13190
13191
13192
30662
13193
13194
13195
13196
30664
30661
13197
13198
13199
13200
30666
30637
13201
13202
13203
13204
30668
30665
13205
13206
13207
13208
30670
13209
13210
13211
13212
30672
13213
13214
13215
13216
30674
30673
13217
13218
13219
13220
30676
30675
13221
13222
13223
13224
30678
30677
13225
13226
13227
13228
30680
30679
13229
13230
13231
13232
30682
30681
13233
13234
13235
13236
30684
30683
13237
13238
13239
13240
30686
30685
13241
13242
13243
13244
30688
30671
13245
13246
13247
13248
30690
13249
13250
13251
13252
30692
30691
13253
13254
13255
13256
30694
30693
13257
13258
13259
13260
30696
30695
13261
13262
13263
13264
30698
30697
13265
13266
13267
13268
30700
30699
13269
13270
13271
13272
30702
30701
13273
13274
13275
13276
30704
30703
13277
13278
13279
13280
30706
30689
13281
13282
13283
13284
30708
13285
13286
13287
13288
30710
30709
13289
13290
13291
13292
30712
30711
13293
13294
13295
13296
30714
30713
13297
13298
13299
13300
30716
30715
13301
13302
13303
13304
30718
30717
13305
13306
13307
13308
30720
30719
13309
13310
13311
13312
30722
30721
13313
13314
13315
13316
30724
30707
13317
13318
13319
13320
30726
13321
13322
13323
13324
30728
30727
13325
13326
13327
13328
30730
30729
13329
13330
13331
13332
30732
30731
13333
13334
13335
13336
30734
30733
13337
13338
13339
13340
30736
30735
13341
13342
13343
13344
30738
30737
13345
13346
13347
13348
30740
30739
13349
13350
13351
13352
30742
30725
13353
13354
13355
13356
30744
13357
13358
13359
13360
30746
30745
13361
13362
13363
13364
30748
30747
13365
13366
13367
13368
30750
30749
13369
13370
13371
13372
30752
30751
13373
13374
13375
13376
30754
30753
13377
13378
13379
13380
30756
30755
13381
13382
13383
13384
30758
30757
13385
13386
13387
13388
30760
30743
13389
13390
13391
13392
30762
13393
13394
13395
13396
30764
30763
13397
13398
13399
13400
30766
30765
13401
13402
13403
13404
30768
30767
13405
13406
13407
13408
30770
30769
13409
13410
13411
13412
30772
30771
13413
13414
13415
13416
30774
30773
13417
13418
13419
13420
30776
30775
13421
13422
13423
13424
30778
30761
13425
13426
13427
13428
13429
13430
30781
30639
13431
13432
13433
13434
30783
30782
30643
13435
13436
13437
13438
30785
30784
30647
13439
13440
13441
13442
30787
30786
30651
13443
13444
13445
13446
30789
30788
30655
13447
13448
13449
13450
30791
30790
30659
13451
13452
13453
13454
30793
30792
30663
13455
13456
13457
13458
30795
30794
30667
13459
13460
13461
13462
30797
30779
30780
13463
13464
13465
13466
30799
13467
13468
13469
13470
30801
13471
13472
13473
13474
30803
30802
13475
13476
13477
13478
30805
30804
13479
13480
13481
13482
30807
30806
13483
13484
13485
13486
30809
30808
13487
13488
13489
13490
30811
30810
13491
13492
13493
13494
30813
30812
13495
13496
13497
13498
13499
13500
30816
30814
30815
13501
13502
13503
13504
30818
30800
13505
13506
13507
13508
30820
13509
13510
13511
13512
30822
30821
13513
13514
13515
13516
30824
30823
13517
13518
13519
13520
30826
30825
13521
13522
13523
13524
30828
30827
13525
13526
13527
13528
30830
30829
13529
13530
13531
13532
30832
30831
13533
13534
13535
13536
13537
13538
30835
30833
30834
13539
13540
13541
13542
30837
30819
13543
13544
13545
13546
30839
13547
13548
13549
13550
30841
30840
13551
13552
13553
13554
30843
30842
13555
13556
13557
13558
30845
30844
13559
13560
13561
13562
30847
30846
13563
13564
13565
13566
30849
30848
13567
13568
13569
13570
30851
30850
13571
13572
13573
13574
13575
13576
30854
30852
30853
13577
13578
13579
13580
30856
30838
13581
13582
13583
13584
30858
13585
13586
13587
13588
30860
30859
13589
13590
13591
13592
30862
30861
13593
13594
13595
13596
30864
30863
13597
13598
13599
13600
30866
30865
13601
13602
13603
13604
30868
30867
13605
13606
13607
13608
30870
30869
13609
13610
13611
13612
13613
13614
30873
30871
30872
13615
13616
13617
13618
30875
30857
13619
13620
13621
13622
30877
13623
13624
13625
13626
30879
30878
13627
13628
13629
13630
30881
30880
13631
13632
13633
13634
30883
30882
13635
13636
13637
13638
30885
30884
13639
13640
13641
13642
30887
30886
13643
13644
13645
13646
30889
30888
13647
13648
13649
13650
13651
13652
30892
30890
30891
13653
13654
13655
13656
30894
30876
13657
13658
13659
13660
30896
13661
13662
13663
13664
30898
30897
13665
13666
13667
13668
30900
30899
13669
13670
13671
13672
30902
30901
13673
13674
13675
13676
30904
30903
13677
13678
13679
13680
30906
30905
13681
13682
13683
13684
30908
30907
13685
13686
13687
13688
13689
13690
30911
30909
30910
13691
13692
13693
13694
30913
30895
13695
13696
13697
13698
30915
30669
13699
13700
13701
13702
30917
30916
30687
13703
13704
13705
13706
30919
30918
30705
13707
13708
13709
13710
30921
30920
30723
13711
13712
13713
13714
30923
30922
30741
13715
13716
13717
13718
30925
30924
30759
13719
13720
13721
13722
30927
30926
30777
13723
13724
13725
13726
13727
13728
30930
30928
30796
30929
13729
13730
13731
13732
30932
30914
13733
13734
13735
13736
30934
13737
13738
13739
13740
30936
13741
13742
13743
13744
30938
30937
13745
13746
13747
13748
30940
30939
13749
13750
13751
13752
30942
30941
13753
13754
13755
13756
30944
30943
13757
13758
13759
13760
30946
30945
13761
13762
13763
13764
30948
30947
13765
13766
13767
13768
30950
30949
13769
13770
13771
13772
30952
30935
13773
13774
13775
13776
30954
13777
13778
13779
13780
30956
30955
13781
13782
13783
13784
30958
30957
13785
13786
13787
13788
30960
30959
13789
13790
13791
13792
30962
30961
13793
13794
13795
13796
30964
30963
13797
13798
13799
13800
30966
30965
13801
13802
13803
13804
30968
30967
13805
13806
13807
13808
30970
30953
13809
13810
13811
13812
30972
13813
13814
13815
13816
30974
30973
13817
13818
13819
13820
30976
30975
13821
13822
13823
13824
30978
30977
13825
13826
13827
13828
30980
30979
13829
13830
13831
13832
30982
30981
13833
13834
13835
13836
30984
30983
13837
13838
13839
13840
30986
30985
13841
13842
13843
13844
30988
30971
13845
13846
13847
13848
30990
13849
13850
13851
13852
30992
30991
13853
13854
13855
13856
30994
30993
13857
13858
13859
13860
30996
30995
13861
13862
13863
13864
30998
30997
13865
13866
13867
13868
31000
30999
13869
13870
13871
13872
31002
31001
13873
13874
13875
13876
31004
31003
13877
13878
13879
13880
31006
30989
13881
13882
13883
13884
31008
13885
13886
13887
13888
31010
31009
13889
13890
13891
13892
31012
31011
13893
13894
13895
13896
31014
31013
13897
13898
13899
13900
31016
31015
13901
13902
13903
13904
31018
31017
13905
13906
13907
13908
31020
31019
13909
13910
13911
13912
31022
31021
13913
13914
13915
13916
31024
31007
13917
13918
13919
13920
31026
13921
13922
13923
13924
31028
31027
13925
13926
13927
13928
31030
31029
13929
13930
13931
13932
31032
31031
13933
13934
13935
13936
31034
31033
13937
13938
13939
13940
31036
31035
13941
13942
13943
13944
31038
31037
13945
13946
13947
13948
31040
31039
13949
13950
13951
13952
31042
31025
13953
13954
13955
13956
31044
30798
13957
13958
13959
13960
31046
31045
30817
13961
13962
13963
13964
31048
31047
30836
13965
13966
13967
13968
31050
31049
30855
13969
13970
13971
13972
31052
31051
30874
13973
13974
13975
13976
31054
31053
30893
13977
13978
13979
13980
31056
31055
30912
13981
13982
13983
13984
31058
31057
30931
13985
13986
13987
13988
31060
31043
13989
13990
13991
13992
31062
13993
13994
13995
13996
31064
13997
13998
13999
14000
31066
31065
14001
14002
14003
14004
31068
31067
14005
14006
14007
14008
31070
31069
14009
14010
14011
14012
31072
31071
14013
14014
14015
14016
31074
31073
14017
14018
14019
14020
31076
31075
14021
14022
14023
14024
31078
31077
14025
14026
14027
14028
31080
31063
14029
14030
14031
14032
31082
14033
14034
14035
14036
31084
31083
14037
14038
14039
14040
31086
31085
14041
14042
14043
14044
31088
31087
14045
14046
14047
14048
31090
31089
14049
14050
14051
14052
31092
31091
14053
14054
14055
14056
31094
31093
14057
14058
14059
14060
31096
31095
14061
14062
14063
14064
31098
31081
14065
14066
14067
14068
31100
29829
14069
14070
14071
14072
31102
31101
29847
14073
14074
14075
14076
31104
31103
29865
14077
14078
14079
14080
31106
31105
29883
14081
14082
14083
14084
31108
31107
29901
14085
14086
14087
14088
31110
31109
29919
14089
14090
14091
14092
31112
31111
29937
14093
14094
14095
14096
31114
31113
29955
14097
14098
14099
14100
31116
31099
14101
14102
14103
14104
14105
14106
31119
14107
14108
14109
14110
14111
14112
31122
14113
14114
14115
14116
14117
14118
31125
31123
14119
14120
14121
14122
14123
14124
31128
31126
14125
14126
14127
14128
14129
14130
31131
31129
14131
14132
14133
14134
31133
14135
14136
14137
14138
31135
31134
14139
14140
14141
14142
31137
31136
14143
14144
14145
14146
31139
31138
14147
14148
14149
14150
31141
14151
14152
14153
14154
31143
31142
14155
14156
14157
14158
31145
31144
14159
14160
14161
14162
31147
31146
14163
14164
14165
14166
14167
14168
31150
31120
14169
14170
14171
14172
14173
14174
31153
14175
14176
14177
14178
14179
14180
31156
31154
14181
14182
14183
14184
14185
14186
31159
31157
14187
14188
14189
14190
14191
14192
31162
31160
14193
14194
14195
14196
31164
14197
14198
14199
14200
31166
31165
14201
14202
14203
14204
31168
31167
14205
14206
14207
14208
31170
31169
14209
14210
14211
14212
31172
14213
14214
14215
14216
31174
31173
14217
14218
14219
14220
31176
31175
14221
14222
14223
14224
31178
31177
14225
14226
14227
14228
14229
14230
31181
31151
14231
14232
14233
14234
14235
14236
31184
14237
14238
14239
14240
14241
14242
31187
31185
14243
14244
14245
14246
14247
14248
31190
31188
14249
14250
14251
14252
14253
14254
31193
31191
14255
14256
14257
14258
31195
14259
14260
14261
14262
31197
31196
14263
14264
14265
14266
31199
31198
14267
14268
14269
14270
31201
31200
14271
14272
14273
14274
31203
14275
14276
14277
14278
31205
31204
14279
14280
14281
14282
31207
31206
14283
14284
14285
14286
31209
31208
14287
14288
14289
14290
14291
14292
31212
31182
29957
14293
14294
14295
14296
31214
14297
14298
14299
14300
31216
31215
14301
14302
14303
14304
31218
31217
14305
14306
14307
14308
31220
31219
14309
14310
14311
14312
31222
31221
14313
14314
14315
14316
31224
31223
14317
14318
14319
14320
31226
31225
14321
14322
14323
14324
31228
31227
14325
14326
14327
14328
31230
14329
14330
14331
14332
31232
14333
14334
14335
14336
31234
31233
14337
14338
14339
14340
31236
31235
14341
14342
14343
14344
31238
31237
14345
14346
14347
14348
31240
31239
14349
14350
14351
14352
31242
31241
14353
14354
14355
14356
31244
31243
14357
14358
14359
14360
31246
31245
14361
14362
14363
14364
31248
31231
14365
14366
14367
14368
31250
14369
14370
14371
14372
31252
31251
14373
14374
14375
14376
31254
31253
14377
14378
14379
14380
31256
31255
14381
14382
14383
14384
31258
31257
14385
14386
14387
14388
31260
31259
14389
14390
14391
14392
31262
31261
14393
14394
14395
14396
31264
31263
14397
14398
14399
14400
31266
31249
14401
14402
14403
14404
31268
30933
30451
14405
14406
14407
14408
31270
31269
30951
30469
14409
14410
14411
14412
31272
31271
30969
30487
14413
14414
14415
14416
31274
31273
30987
30505
14417
14418
14419
14420
31276
31275
31005
30523
14421
14422
14423
14424
31278
31277
31023
30541
14425
14426
14427
14428
31280
31279
31041
30559
14429
14430
14431
14432
31282
31281
31059
30577
14433
14434
14435
14436
31284
31267
14437
14438
14439
14440
31286
14441
14442
14443
14444
31288
14445
14446
14447
14448
31290
31289
14449
14450
14451
14452
31292
31291
14453
14454
14455
14456
31294
31293
14457
14458
14459
14460
31296
31287
14461
14462
14463
14464
31298
14465
14466
14467
14468
31300
31299
14469
14470
14471
14472
31302
31301
14473
14474
14475
14476
31304
31303
14477
14478
14479
14480
31306
31297
14481
14482
14483
14484
31308
14485
14486
14487
14488
31310
31309
14489
14490
14491
14492
31312
31311
14493
14494
14495
14496
31314
31313
14497
14498
14499
14500
31316
31307
30579
14501
14502
14503
14504
31318
14505
14506
14507
14508
31320
31319
14509
14510
14511
14512
31322
31321
14513
14514
14515
14516
31324
31323
14517
14518
14519
14520
31326
14521
14522
14523
14524
31328
14525
14526
14527
14528
31330
31329
14529
14530
14531
14532
31332
31331
14533
14534
14535
14536
31334
31333
14537
14538
14539
14540
31336
31327
14541
14542
14543
14544
31338
14545
14546
14547
14548
31340
31339
14549
14550
14551
14552
31342
31341
14553
14554
14555
14556
31344
31343
14557
14558
14559
14560
31346
31337
14561
14562
14563
14564
31348
14565
14566
14567
14568
31350
31349
14569
14570
14571
14572
31352
31351
14573
14574
14575
14576
31354
31353
14577
14578
14579
14580
31356
31347
31061
14581
14582
14583
14584
14585
14586
31359
14587
14588
14589
14590
14591
14592
31362
14593
14594
14595
14596
14597
14598
31365
31363
14599
14600
14601
14602
14603
14604
31368
31366
14605
14606
14607
14608
14609
14610
31371
31369
30016
14611
14612
14613
14614
31373
14615
14616
14617
14618
31375
31374
14619
14620
14621
14622
31377
31376
14623
14624
14625
14626
31379
31378
30597
14627
14628
14629
14630
31381
14631
14632
14633
14634
31383
31382
14635
14636
14637
14638
31385
31384
14639
14640
14641
14642
31387
31386
31079
14643
14644
14645
14646
14647
14648
31390
31360
14649
14650
14651
14652
14653
14654
31393
14655
14656
14657
14658
14659
14660
31396
31394
14661
14662
14663
14664
14665
14666
31399
31397
14667
14668
14669
14670
14671
14672
31402
31400
30075
14673
14674
14675
14676
31404
14677
14678
14679
14680
31406
31405
14681
14682
14683
14684
31408
31407
14685
14686
14687
14688
31410
31409
30615
14689
14690
14691
14692
31412
14693
14694
14695
14696
31414
31413
14697
14698
14699
14700
31416
31415
14701
14702
14703
14704
31418
31417
31097
14705
14706
14707
14708
14709
14710
31421
31391
14711
14712
14713
14714
14715
14716
31424
14717
14718
14719
14720
14721
14722
31427
31425
14723
14724
14725
14726
14727
14728
31430
31428
14729
14730
14731
14732
14733
14734
31433
31431
30134
14735
14736
14737
14738
31435
14739
14740
14741
14742
31437
31436
14743
14744
14745
14746
31439
31438
14747
14748
14749
14750
31441
31440
30633
14751
14752
14753
14754
31443
31117
14755
14756
14757
14758
31445
31444
31148
14759
14760
14761
14762
31447
31446
31179
14763
14764
14765
14766
31449
31448
31115
31210
14767
14768
14769
14770
14771
14772
31452
31422
14773
14774
14775
14776
31454
14777
14778
14779
14780
31456
31455
14781
14782
14783
14784
31458
31457
14785
14786
14787
14788
31460
31459
31229
14789
14790
14791
14792
31462
14793
14794
14795
14796
31464
14797
14798
14799
14800
31466
31465
14801
14802
14803
14804
31468
31467
14805
14806
14807
14808
31470
31469
31247
14809
14810
14811
14812
31472
31463
14813
14814
14815
14816
31474
14817
14818
14819
14820
31476
31475
14821
14822
14823
14824
31478
31477
14825
14826
14827
14828
31480
31479
31265
14829
14830
14831
14832
31482
31473
14833
14834
14835
14836
31484
31325
31285
14837
14838
14839
14840
31486
31485
31335
31295
14841
14842
14843
14844
31488
31487
31345
31305
14845
14846
14847
14848
31490
31489
31355
31283
31315
14849
14850
14851
14852
31492
31483
14853
14854
14855
14856
31494
14857
14858
14859
14860
31496
31495
14861
14862
14863
14864
31498
31497
14865
14866
14867
14868
31500
31499
14869
14870
14871
14872
14873
14874
31503
14875
14876
14877
14878
14879
14880
31506
14881
14882
14883
14884
14885
14886
31509
31507
14887
14888
14889
14890
14891
14892
31512
31510
14893
14894
14895
14896
14897
14898
31515
31513
14899
14900
14901
14902
31517
14903
14904
14905
14906
31519
31518
14907
14908
14909
14910
31521
31520
14911
14912
14913
14914
31523
31522
14915
14916
14917
14918
31525
14919
14920
14921
14922
31527
31526
14923
14924
14925
14926
31529
31528
14927
14928
14929
14930
31531
31530
14931
14932
14933
14934
14935
14936
31534
31504
14937
14938
14939
14940
14941
14942
31537
14943
14944
14945
14946
14947
14948
31540
31538
14949
14950
14951
14952
14953
14954
31543
31541
14955
14956
14957
14958
14959
14960
31546
31544
14961
14962
14963
14964
31548
14965
14966
14967
14968
31550
31549
14969
14970
14971
14972
31552
31551
14973
14974
14975
14976
31554
31553
14977
14978
14979
14980
31556
14981
14982
14983
14984
31558
31557
14985
14986
14987
14988
31560
31559
14989
14990
14991
14992
31562
31561
14993
14994
14995
14996
14997
14998
31565
31535
14999
15000
15001
15002
15003
15004
31568
15005
15006
15007
15008
15009
15010
31571
31569
15011
15012
15013
15014
15015
15016
31574
31572
15017
15018
15019
15020
15021
15022
31577
31575
15023
15024
15025
15026
31579
15027
15028
15029
15030
31581
31580
15031
15032
15033
15034
31583
31582
15035
15036
15037
15038
31585
31584
15039
15040
15041
15042
31587
31461
31357
15043
15044
15045
15046
31589
31588
31471
31388
15047
15048
15049
15050
31591
31590
31481
31419
15051
15052
15053
15054
31593
31592
31491
31450
15055
15056
15057
15058
15059
15060
31596
31566
15061
15062
15063
15064
31598
15065
15066
15067
15068
31600
31599
15069
15070
15071
15072
31602
31601
15073
15074
15075
15076
31604
31603
15077
15078
15079
15080
15081
15082
31607
15083
15084
15085
15086
15087
15088
31610
15089
15090
15091
15092
15093
15094
31613
31611
15095
15096
15097
15098
15099
15100
31616
31614
15101
15102
15103
15104
15105
15106
31619
31617
15107
15108
15109
15110
31621
15111
15112
15113
15114
31623
31622
15115
15116
15117
15118
31625
31624
15119
15120
15121
15122
31627
31626
15123
15124
15125
15126
15127
15128
31630
31608
15129
15130
15131
15132
15133
15134
31633
15135
15136
15137
15138
15139
15140
31636
31634
15141
15142
15143
15144
15145
15146
31639
31637
15147
15148
15149
15150
15151
15152
31642
31640
15153
15154
15155
15156
31644
15157
15158
15159
15160
31646
31645
15161
15162
15163
15164
31648
31647
15165
15166
15167
15168
31650
31649
15169
15170
15171
15172
15173
15174
31653
31631
15175
15176
15177
15178
15179
15180
31656
15181
15182
15183
15184
15185
15186
31659
31657
15187
15188
15189
15190
15191
15192
31662
31660
15193
15194
15195
15196
15197
15198
31665
31663
15199
15200
15201
15202
31667
31501
15203
15204
15205
15206
31669
31668
31532
15207
15208
15209
15210
31671
31670
31563
15211
15212
15213
15214
31673
31672
31594
15215
15216
15217
15218
15219
15220
31676
31654
15221
15222
15223
15224
15225
15226
31679
15227
15228
15229
15230
15231
15232
31682
15233
15234
15235
15236
15237
15238
31685
31683
15239
15240
15241
15242
15243
15244
31688
31686
15245
15246
15247
15248
15249
15250
31691
31689
15251
15252
15253
15254
15255
15256
31694
31680
15257
15258
15259
15260
15261
15262
31697
15263
15264
15265
15266
15267
15268
31700
31698
15269
15270
15271
15272
15273
15274
31703
31701
15275
15276
15277
15278
15279
15280
31706
31704
15281
15282
15283
15284
15285
15286
31709
31695
15287
15288
15289
15290
15291
15292
31712
15293
15294
15295
15296
15297
15298
31715
31713
15299
15300
15301
15302
15303
15304
31718
31716
15305
15306
15307
15308
15309
15310
31721
31719
15311
15312
15313
15314
15315
15316
31724
31710
15317
31725
15318
15319
15320
15321
31726
15322
15323
26132
15324
15325
31728
24477
24414
24354
15326
15327
15328
15329
31730
15330
15331
15332
15333
31732
15334
15335
15336
15337
31734
26134
15338
15339
15340
15341
31736
26145
26141
26136
15342
15343
15344
15345
31738
15346
15347
15348
15349
31740
15350
15351
15352
15353
31742
15354
15355
15356
15357
31744
15358
15359
15360
15361
31746
26158
26152
15362
15363
15364
15365
31748
31743
15366
15367
15368
15369
31750
26220
15370
15371
15372
15373
31752
15374
15375
15376
15377
31754
31753
15378
15379
15380
15381
31756
31751
26257
15382
15383
15384
15385
31758
15386
15387
15388
15389
31760
31759
15390
15391
15392
15393
31762
31757
26274
15394
15395
15396
15397
31764
15398
15399
15400
15401
31766
31765
15402
15403
15404
15405
31768
31763
26291
15406
15407
15408
15409
31770
15410
15411
15412
15413
31772
31771
15414
15415
15416
15417
31774
31769
26308
15418
15419
15420
15421
31776
15422
15423
15424
15425
31778
31777
15426
15427
15428
15429
31780
31775
26325
15430
15431
15432
15433
31782
15434
15435
15436
15437
31784
31783
15438
15439
15440
15441
31786
31781
26342
15442
15443
15444
15445
31788
26167
31741
15446
15447
15448
15449
31790
31789
26189
31747
15450
15451
15452
15453
31792
31787
26359
15454
15455
15456
15457
31794
26434
15458
15459
15460
15461
31796
15462
15463
15464
15465
31798
15466
15467
15468
15469
31800
15470
15471
15472
15473
31802
31799
15474
15475
15476
15477
31804
15478
15479
15480
15481
31806
31803
15482
15483
15484
15485
31808
15486
15487
15488
15489
31810
31807
15490
15491
15492
15493
31812
15494
15495
15496
15497
31814
31811
15498
15499
15500
15501
31816
15502
15503
15504
15505
31818
31815
15506
15507
15508
15509
31820
15510
15511
15512
15513
31822
31819
15514
15515
15516
15517
31824
31795
15518
15519
15520
15521
31826
31823
15522
15523
15524
15525
31828
15526
15527
15528
15529
31830
15530
15531
15532
15533
31832
31831
15534
15535
15536
15537
31834
31833
15538
15539
15540
15541
31836
31835
15542
15543
15544
15545
31838
31837
15546
15547
15548
15549
31840
31839
15550
15551
15552
15553
31842
31841
15554
15555
15556
15557
31844
31843
15558
15559
15560
15561
31846
31829
15562
15563
15564
15565
31848
15566
15567
15568
15569
31850
31849
15570
15571
15572
15573
31852
31851
15574
15575
15576
15577
31854
31853
15578
15579
15580
15581
31856
31855
15582
15583
15584
15585
31858
31857
15586
15587
15588
15589
31860
31859
15590
15591
15592
15593
31862
31861
15594
15595
15596
15597
31864
31847
15598
15599
15600
15601
31866
15602
15603
15604
15605
31868
31867
15606
15607
15608
15609
31870
31869
15610
15611
15612
15613
31872
31871
15614
15615
15616
15617
31874
31873
15618
15619
15620
15621
31876
31875
15622
15623
15624
15625
31878
31877
15626
15627
15628
15629
31880
31879
15630
15631
15632
15633
31882
31865
15634
15635
15636
15637
31884
15638
15639
15640
15641
31886
31885
15642
15643
15644
15645
31888
31887
15646
15647
15648
15649
31890
31889
15650
15651
15652
15653
31892
31891
15654
15655
15656
15657
31894
31893
15658
15659
15660
15661
31896
31895
15662
15663
15664
15665
31898
31897
15666
15667
15668
15669
31900
31883
15670
15671
15672
15673
31902
15674
15675
15676
15677
31904
31903
15678
15679
15680
15681
31906
31905
15682
15683
15684
15685
31908
31907
15686
15687
15688
15689
31910
31909
15690
15691
15692
15693
31912
31911
15694
15695
15696
15697
31914
31913
15698
15699
15700
15701
31916
31915
15702
15703
15704
15705
31918
31901
15706
15707
15708
15709
31920
15710
15711
15712
15713
31922
31921
15714
15715
15716
15717
31924
31923
15718
15719
15720
15721
31926
31925
15722
15723
15724
15725
31928
31927
15726
15727
15728
15729
31930
31929
15730
15731
15732
15733
31932
31931
15734
15735
15736
15737
31934
31933
15738
15739
15740
15741
31936
31919
15742
15743
15744
15745
15746
15747
31939
31797
15748
15749
15750
15751
31941
31940
31801
15752
15753
15754
15755
31943
31942
31805
15756
15757
15758
15759
31945
31944
31809
15760
15761
15762
15763
31947
31946
31813
15764
15765
15766
15767
31949
31948
31817
15768
15769
15770
15771
31951
31950
31821
15772
15773
15774
15775
31953
31952
31825
15776
15777
15778
15779
31955
31937
31938
15780
15781
15782
15783
31957
15784
15785
15786
15787
31959
15788
15789
15790
15791
31961
31960
15792
15793
15794
15795
31963
31962
15796
15797
15798
15799
31965
31964
15800
15801
15802
15803
31967
31966
15804
15805
15806
15807
31969
31968
15808
15809
15810
15811
31971
31970
15812
15813
15814
15815
15816
15817
31974
31972
31973
15818
15819
15820
15821
31976
31958
15822
15823
15824
15825
31978
15826
15827
15828
15829
31980
31979
15830
15831
15832
15833
31982
31981
15834
15835
15836
15837
31984
31983
15838
15839
15840
15841
31986
31985
15842
15843
15844
15845
31988
31987
15846
15847
15848
15849
31990
31989
15850
15851
15852
15853
15854
15855
31993
31991
31992
15856
15857
15858
15859
31995
31977
15860
15861
15862
15863
31997
15864
15865
15866
15867
31999
31998
15868
15869
15870
15871
32001
32000
15872
15873
15874
15875
32003
32002
15876
15877
15878
15879
32005
32004
15880
15881
15882
15883
32007
32006
15884
15885
15886
15887
32009
32008
15888
15889
15890
15891
15892
15893
32012
32010
32011
15894
15895
15896
15897
32014
31996
15898
15899
15900
15901
32016
15902
15903
15904
15905
32018
32017
15906
15907
15908
15909
32020
32019
15910
15911
15912
15913
32022
32021
15914
15915
15916
15917
32024
32023
15918
15919
15920
15921
32026
32025
15922
15923
15924
15925
32028
32027
15926
15927
15928
15929
15930
15931
32031
32029
32030
15932
15933
15934
15935
32033
32015
15936
15937
15938
15939
32035
15940
15941
15942
15943
32037
32036
15944
15945
15946
15947
32039
32038
15948
15949
15950
15951
32041
32040
15952
15953
15954
15955
32043
32042
15956
15957
15958
15959
32045
32044
15960
15961
15962
15963
32047
32046
15964
15965
15966
15967
15968
15969
32050
32048
32049
15970
15971
15972
15973
32052
32034
15974
15975
15976
15977
32054
15978
15979
15980
15981
32056
32055
15982
15983
15984
15985
32058
32057
15986
15987
15988
15989
32060
32059
15990
15991
15992
15993
32062
32061
15994
15995
15996
15997
32064
32063
15998
15999
16000
16001
32066
32065
16002
16003
16004
16005
16006
16007
32069
32067
32068
16008
16009
16010
16011
32071
32053
16012
16013
16014
16015
32073
31827
16016
16017
16018
16019
32075
32074
31845
16020
16021
16022
16023
32077
32076
31863
16024
16025
16026
16027
32079
32078
31881
16028
16029
16030
16031
32081
32080
31899
16032
16033
16034
16035
32083
32082
31917
16036
16037
16038
16039
32085
32084
31935
16040
16041
16042
16043
16044
16045
32088
32086
31954
32087
16046
16047
16048
16049
32090
32072
16050
16051
16052
16053
32092
16054
16055
16056
16057
32094
16058
16059
16060
16061
32096
32095
16062
16063
16064
16065
32098
32097
16066
16067
16068
16069
32100
32099
16070
16071
16072
16073
32102
32101
16074
16075
16076
16077
32104
32103
16078
16079
16080
16081
32106
32105
16082
16083
16084
16085
32108
32107
16086
16087
16088
16089
32110
32093
16090
16091
16092
16093
32112
16094
16095
16096
16097
32114
32113
16098
16099
16100
16101
32116
32115
16102
16103
16104
16105
32118
32117
16106
16107
16108
16109
32120
32119
16110
16111
16112
16113
32122
32121
16114
16115
16116
16117
32124
32123
16118
16119
16120
16121
32126
32125
16122
16123
16124
16125
32128
32111
16126
16127
16128
16129
32130
16130
16131
16132
16133
32132
32131
16134
16135
16136
16137
32134
32133
16138
16139
16140
16141
32136
32135
16142
16143
16144
16145
32138
32137
16146
16147
16148
16149
32140
32139
16150
16151
16152
16153
32142
32141
16154
16155
16156
16157
32144
32143
16158
16159
16160
16161
32146
32129
16162
16163
16164
16165
32148
16166
16167
16168
16169
32150
32149
16170
16171
16172
16173
32152
32151
16174
16175
16176
16177
32154
32153
16178
16179
16180
16181
32156
32155
16182
16183
16184
16185
32158
32157
16186
16187
16188
16189
32160
32159
16190
16191
16192
16193
32162
32161
16194
16195
16196
16197
32164
32147
16198
16199
16200
16201
32166
16202
16203
16204
16205
32168
32167
16206
16207
16208
16209
32170
32169
16210
16211
16212
16213
32172
32171
16214
16215
16216
16217
32174
32173
16218
16219
16220
16221
32176
32175
16222
16223
16224
16225
32178
32177
16226
16227
16228
16229
32180
32179
16230
16231
16232
16233
32182
32165
16234
16235
16236
16237
32184
16238
16239
16240
16241
32186
32185
16242
16243
16244
16245
32188
32187
16246
16247
16248
16249
32190
32189
16250
16251
16252
16253
32192
32191
16254
16255
16256
16257
32194
32193
16258
16259
16260
16261
32196
32195
16262
16263
16264
16265
32198
32197
16266
16267
16268
16269
32200
32183
16270
16271
16272
16273
32202
31956
16274
16275
16276
16277
32204
32203
31975
16278
16279
16280
16281
32206
32205
31994
16282
16283
16284
16285
32208
32207
32013
16286
16287
16288
16289
32210
32209
32032
16290
16291
16292
16293
32212
32211
32051
16294
16295
16296
16297
32214
32213
32070
16298
16299
16300
16301
32216
32215
32089
16302
16303
16304
16305
32218
32201
16306
16307
16308
16309
32220
16310
16311
16312
16313
32222
16314
16315
16316
16317
32224
32223
16318
16319
16320
16321
32226
32225
16322
16323
16324
16325
32228
32227
16326
16327
16328
16329
32230
32229
16330
16331
16332
16333
32232
32231
16334
16335
16336
16337
32234
32233
16338
16339
16340
16341
32236
32235
16342
16343
16344
16345
32238
32221
16346
16347
16348
16349
32240
16350
16351
16352
16353
32242
32241
16354
16355
16356
16357
32244
32243
16358
16359
16360
16361
32246
32245
16362
16363
16364
16365
32248
32247
16366
16367
16368
16369
32250
32249
16370
16371
16372
16373
32252
32251
16374
16375
16376
16377
32254
32253
16378
16379
16380
16381
32256
32239
16382
16383
16384
16385
32258
28199
16386
16387
16388
16389
32260
32259
28608
16390
16391
16392
16393
32262
32261
28667
16394
16395
16396
16397
32264
32263
28726
16398
16399
16400
16401
32266
32265
28785
16402
16403
16404
16405
32268
32267
28844
16406
16407
16408
16409
32270
32269
28903
16410
16411
16412
16413
32272
32271
28962
16414
16415
16416
16417
32274
32257
16418
16419
16420
16421
32276
16422
16423
16424
16425
32278
16426
16427
16428
16429
32280
32279
16430
16431
16432
16433
32282
32281
16434
16435
16436
16437
32284
32283
16438
16439
16440
16441
32286
32277
16442
16443
16444
16445
32288
16446
16447
16448
16449
32290
32289
16450
16451
16452
16453
32292
32291
16454
16455
16456
16457
32294
32293
16458
16459
16460
16461
32296
32287
16462
16463
16464
16465
32298
16466
16467
16468
16469
32300
32299
16470
16471
16472
16473
32302
32301
16474
16475
16476
16477
32304
32303
16478
16479
16480
16481
32306
32297
29473
16482
16483
16484
16485
32308
16486
16487
16488
16489
32310
16490
16491
16492
16493
32312
32311
16494
16495
16496
16497
32314
32313
16498
16499
16500
16501
32316
32315
30000
16502
16503
16504
16505
32318
32309
16506
16507
16508
16509
32320
16510
16511
16512
16513
32322
32321
16514
16515
16516
16517
32324
32323
16518
16519
16520
16521
32326
32325
30059
16522
16523
16524
16525
32328
32319
16526
16527
16528
16529
32330
30635
16530
16531
16532
16533
32332
32331
31140
16534
16535
16536
16537
32334
32333
31171
16538
16539
16540
16541
32336
32335
31202
30118
16542
16543
16544
16545
32338
32329
16546
16547
16548
16549
32340
16550
16551
16552
16553
32342
16554
16555
16556
16557
32344
32343
16558
16559
16560
16561
32346
32345
16562
16563
16564
16565
32348
32347
16566
16567
16568
16569
32350
32341
16570
16571
16572
16573
32352
16574
16575
16576
16577
32354
32353
16578
16579
16580
16581
32356
32355
16582
16583
16584
16585
32358
32357
16586
16587
16588
16589
32360
32351
16590
16591
16592
16593
32362
31317
16594
16595
16596
16597
32364
32363
31380
16598
16599
16600
16601
32366
32365
31411
16602
16603
16604
16605
32368
32367
31442
16606
16607
16608
16609
32370
32361
16610
16611
16612
16613
32372
16614
16615
16616
16617
32374
16618
16619
16620
16621
32376
32375
16622
16623
16624
16625
32378
32377
16626
16627
16628
16629
32380
32379
16630
16631
16632
16633
32382
32373
16634
16635
16636
16637
32384
16638
16639
16640
16641
32386
32385
16642
16643
16644
16645
32388
32387
16646
16647
16648
16649
32390
32389
16650
16651
16652
16653
32392
32383
16654
16655
16656
16657
32394
31493
16658
16659
16660
16661
32396
32395
31524
16662
16663
16664
16665
32398
32397
31555
16666
16667
16668
16669
32400
32399
31586
16670
16671
16672
16673
32402
32393
16674
16675
16676
16677
32404
16678
16679
16680
16681
32406
16682
16683
16684
16685
32408
32407
16686
16687
16688
16689
32410
32409
16690
16691
16692
16693
32412
32411
16694
16695
16696
16697
32414
32405
16698
16699
16700
16701
32416
16702
16703
16704
16705
32418
32417
16706
16707
16708
16709
32420
32419
16710
16711
16712
16713
32422
32421
16714
16715
16716
16717
32424
32415
16718
16719
16720
16721
32426
31605
16722
16723
16724
16725
32428
32427
31628
16726
16727
16728
16729
32430
32429
31651
16730
16731
16732
16733
32432
32431
31674
16734
16735
16736
16737
32434
32425
16738
32435
16739
16740
26139
16741
16742
32436
16743
16744
16745
16746
32438
31727
16747
16748
26150
16749
16750
32440
31733
31731
32437
31729
16751
16752
16753
16754
32442
16755
16756
16757
16758
32444
16759
16760
16761
16762
32446
16763
16764
16765
16766
32448
16767
16768
16769
16770
32450
31737
31735
16771
16772
16773
16774
32452
32447
16775
16776
16777
16778
32454
26196
16779
16780
16781
16782
32456
16783
16784
16785
16786
32458
32457
16787
16788
16789
16790
32460
32455
26253
16791
16792
16793
16794
32462
16795
16796
16797
16798
32464
32463
16799
16800
16801
16802
32466
32461
26270
16803
16804
16805
16806
32468
16807
16808
16809
16810
32470
32469
16811
16812
16813
16814
32472
32467
26287
16815
16816
16817
16818
32474
16819
16820
16821
16822
32476
32475
16823
16824
16825
16826
32478
32473
26304
16827
16828
16829
16830
32480
16831
16832
16833
16834
32482
32481
16835
16836
16837
16838
32484
32479
26321
16839
16840
16841
16842
32486
16843
16844
16845
16846
32488
32487
16847
16848
16849
16850
32490
32485
26338
16851
16852
16853
16854
32492
31739
32445
16855
16856
16857
16858
32494
32493
31745
32451
16859
16860
16861
16862
32496
32491
26355
16863
16864
16865
16866
32498
26366
16867
16868
16869
16870
32500
16871
16872
16873
16874
32502
16875
16876
16877
16878
32504
16879
16880
16881
16882
32506
32503
16883
16884
16885
16886
32508
16887
16888
16889
16890
32510
32507
16891
16892
16893
16894
32512
16895
16896
16897
16898
32514
32511
16899
16900
16901
16902
32516
16903
16904
16905
16906
32518
32515
16907
16908
16909
16910
32520
16911
16912
16913
16914
32522
32519
16915
16916
16917
16918
32524
16919
16920
16921
16922
32526
32523
16923
16924
16925
16926
32528
32499
16927
16928
16929
16930
32530
32527
16931
16932
16933
16934
32532
16935
16936
16937
16938
32534
16939
16940
16941
16942
32536
32535
16943
16944
16945
16946
32538
32537
16947
16948
16949
16950
32540
32539
16951
16952
16953
16954
32542
32541
16955
16956
16957
16958
32544
32543
16959
16960
16961
16962
32546
32545
16963
16964
16965
16966
32548
32547
16967
16968
16969
16970
32550
32533
16971
16972
16973
16974
32552
16975
16976
16977
16978
32554
32553
16979
16980
16981
16982
32556
32555
16983
16984
16985
16986
32558
32557
16987
16988
16989
16990
32560
32559
16991
16992
16993
16994
32562
32561
16995
16996
16997
16998
32564
32563
16999
17000
17001
17002
32566
32565
17003
17004
17005
17006
32568
32551
17007
17008
17009
17010
32570
17011
17012
17013
17014
32572
32571
17015
17016
17017
17018
32574
32573
17019
17020
17021
17022
32576
32575
17023
17024
17025
17026
32578
32577
17027
17028
17029
17030
32580
32579
17031
17032
17033
17034
32582
32581
17035
17036
17037
17038
32584
32583
17039
17040
17041
17042
32586
32569
17043
17044
17045
17046
32588
17047
17048
17049
17050
32590
32589
17051
17052
17053
17054
32592
32591
17055
17056
17057
17058
32594
32593
17059
17060
17061
17062
32596
32595
17063
17064
17065
17066
32598
32597
17067
17068
17069
17070
32600
32599
17071
17072
17073
17074
32602
32601
17075
17076
17077
17078
32604
32587
17079
17080
17081
17082
32606
17083
17084
17085
17086
32608
32607
17087
17088
17089
17090
32610
32609
17091
17092
17093
17094
32612
32611
17095
17096
17097
17098
32614
32613
17099
17100
17101
17102
32616
32615
17103
17104
17105
17106
32618
32617
17107
17108
17109
17110
32620
32619
17111
17112
17113
17114
32622
32605
17115
17116
17117
17118
32624
17119
17120
17121
17122
32626
32625
17123
17124
17125
17126
32628
32627
17127
17128
17129
17130
32630
32629
17131
17132
17133
17134
32632
32631
17135
17136
17137
17138
32634
32633
17139
17140
17141
17142
32636
32635
17143
17144
17145
17146
32638
32637
17147
17148
17149
17150
32640
32623
17151
17152
17153
17154
17155
17156
32643
32501
17157
17158
17159
17160
32645
32644
32505
17161
17162
17163
17164
32647
32646
32509
17165
17166
17167
17168
32649
32648
32513
17169
17170
17171
17172
32651
32650
32517
17173
17174
17175
17176
32653
32652
32521
17177
17178
17179
17180
32655
32654
32525
17181
17182
17183
17184
32657
32656
32529
17185
17186
17187
17188
32659
32641
32642
17189
17190
17191
17192
32661
17193
17194
17195
17196
32663
17197
17198
17199
17200
32665
32664
17201
17202
17203
17204
32667
32666
17205
17206
17207
17208
32669
32668
17209
17210
17211
17212
32671
32670
17213
17214
17215
17216
32673
32672
17217
17218
17219
17220
32675
32674
17221
17222
17223
17224
17225
17226
32678
32676
32677
17227
17228
17229
17230
32680
32662
17231
17232
17233
17234
32682
17235
17236
17237
17238
32684
32683
17239
17240
17241
17242
32686
32685
17243
17244
17245
17246
32688
32687
17247
17248
17249
17250
32690
32689
17251
17252
17253
17254
32692
32691
17255
17256
17257
17258
32694
32693
17259
17260
17261
17262
17263
17264
32697
32695
32696
17265
17266
17267
17268
32699
32681
17269
17270
17271
17272
32701
17273
17274
17275
17276
32703
32702
17277
17278
17279
17280
32705
32704
17281
17282
17283
17284
32707
32706
17285
17286
17287
17288
32709
32708
17289
17290
17291
17292
32711
32710
17293
17294
17295
17296
32713
32712
17297
17298
17299
17300
17301
17302
32716
32714
32715
17303
17304
17305
17306
32718
32700
17307
17308
17309
17310
32720
17311
17312
17313
17314
32722
32721
17315
17316
17317
17318
32724
32723
17319
17320
17321
17322
32726
32725
17323
17324
17325
17326
32728
32727
17327
17328
17329
17330
32730
32729
17331
17332
17333
17334
32732
32731
17335
17336
17337
17338
17339
17340
32735
32733
32734
17341
17342
17343
17344
32737
32719
17345
17346
17347
17348
32739
17349
17350
17351
17352
32741
32740
17353
17354
17355
17356
32743
32742
17357
17358
17359
17360
32745
32744
17361
17362
17363
17364
32747
32746
17365
17366
17367
17368
32749
32748
17369
17370
17371
17372
32751
32750
17373
17374
17375
17376
17377
17378
32754
32752
32753
17379
17380
17381
17382
32756
32738
17383
17384
17385
17386
32758
17387
17388
17389
17390
32760
32759
17391
17392
17393
17394
32762
32761
17395
17396
17397
17398
32764
32763
17399
17400
17401
17402
32766
32765
17403
17404
17405
17406
32768
32767
17407
17408
17409
17410
32770
32769
17411
17412
17413
17414
17415
17416
32773
32771
32772
17417
17418
17419
17420
32775
32757
17421
17422
17423
17424
32777
32531
17425
17426
17427
17428
32779
32778
32549
17429
17430
17431
17432
32781
32780
32567
17433
17434
17435
17436
32783
32782
32585
17437
17438
17439
17440
32785
32784
32603
17441
17442
17443
17444
32787
32786
32621
17445
17446
17447
17448
32789
32788
32639
17449
17450
17451
17452
17453
17454
32792
32790
32658
32791
17455
17456
17457
17458
32794
32776
17459
17460
17461
17462
32796
17463
17464
17465
17466
32798
17467
17468
17469
17470
32800
32799
17471
17472
17473
17474
32802
32801
17475
17476
17477
17478
32804
32803
17479
17480
17481
17482
32806
32805
17483
17484
17485
17486
32808
32807
17487
17488
17489
17490
32810
32809
17491
17492
17493
17494
32812
32811
17495
17496
17497
17498
32814
32797
17499
17500
17501
17502
32816
17503
17504
17505
17506
32818
32817
17507
17508
17509
17510
32820
32819
17511
17512
17513
17514
32822
32821
17515
17516
17517
17518
32824
32823
17519
17520
17521
17522
32826
32825
17523
17524
17525
17526
32828
32827
17527
17528
17529
17530
32830
32829
17531
17532
17533
17534
32832
32815
17535
17536
17537
17538
32834
17539
17540
17541
17542
32836
32835
17543
17544
17545
17546
32838
32837
17547
17548
17549
17550
32840
32839
17551
17552
17553
17554
32842
32841
17555
17556
17557
17558
32844
32843
17559
17560
17561
17562
32846
32845
17563
17564
17565
17566
32848
32847
17567
17568
17569
17570
32850
32833
17571
17572
17573
17574
32852
17575
17576
17577
17578
32854
32853
17579
17580
17581
17582
32856
32855
17583
17584
17585
17586
32858
32857
17587
17588
17589
17590
32860
32859
17591
17592
17593
17594
32862
32861
17595
17596
17597
17598
32864
32863
17599
17600
17601
17602
32866
32865
17603
17604
17605
17606
32868
32851
17607
17608
17609
17610
32870
17611
17612
17613
17614
32872
32871
17615
17616
17617
17618
32874
32873
17619
17620
17621
17622
32876
32875
17623
17624
17625
17626
32878
32877
17627
17628
17629
17630
32880
32879
17631
17632
17633
17634
32882
32881
17635
17636
17637
17638
32884
32883
17639
17640
17641
17642
32886
32869
17643
17644
17645
17646
32888
17647
17648
17649
17650
32890
32889
17651
17652
17653
17654
32892
32891
17655
17656
17657
17658
32894
32893
17659
17660
17661
17662
32896
32895
17663
17664
17665
17666
32898
32897
17667
17668
17669
17670
32900
32899
17671
17672
17673
17674
32902
32901
17675
17676
17677
17678
32904
32887
17679
17680
17681
17682
32906
32660
17683
17684
17685
17686
32908
32907
32679
17687
17688
17689
17690
32910
32909
32698
17691
17692
17693
17694
32912
32911
32717
17695
17696
17697
17698
32914
32913
32736
17699
17700
17701
17702
32916
32915
32755
17703
17704
17705
17706
32918
32917
32774
17707
17708
17709
17710
32920
32919
32793
17711
17712
17713
17714
32922
32905
17715
17716
17717
17718
32924
17719
17720
17721
17722
32926
17723
17724
17725
17726
32928
32927
17727
17728
17729
17730
32930
32929
17731
17732
17733
17734
32932
32931
17735
17736
17737
17738
32934
32933
17739
17740
17741
17742
32936
32935
17743
17744
17745
17746
32938
32937
17747
17748
17749
17750
32940
32939
17751
17752
17753
17754
32942
32925
17755
17756
17757
17758
32944
17759
17760
17761
17762
32946
32945
17763
17764
17765
17766
32948
32947
17767
17768
17769
17770
32950
32949
17771
17772
17773
17774
32952
32951
17775
17776
17777
17778
32954
32953
17779
17780
17781
17782
32956
32955
17783
17784
17785
17786
32958
32957
17787
17788
17789
17790
32960
32943
17791
17792
17793
17794
32962
27833
17795
17796
17797
17798
32964
32963
28592
17799
17800
17801
17802
32966
32965
28651
17803
17804
17805
17806
32968
32967
28710
17807
17808
17809
17810
32970
32969
28769
17811
17812
17813
17814
32972
32971
28828
17815
17816
17817
17818
32974
32973
28887
17819
17820
17821
17822
32976
32975
28946
17823
17824
17825
17826
32978
32961
17827
17828
17829
17830
32980
17831
17832
17833
17834
32982
17835
17836
17837
17838
32984
32983
17839
17840
17841
17842
32986
32985
17843
17844
17845
17846
32988
32987
17847
17848
17849
17850
32990
32981
17851
17852
17853
17854
32992
17855
17856
17857
17858
32994
32993
17859
17860
17861
17862
32996
32995
17863
17864
17865
17866
32998
32997
17867
17868
17869
17870
33000
32991
17871
17872
17873
17874
33002
17875
17876
17877
17878
33004
33003
17879
17880
17881
17882
33006
33005
17883
17884
17885
17886
33008
33007
17887
17888
17889
17890
33010
33001
28981
17891
17892
17893
17894
33012
17895
17896
17897
17898
33014
17899
17900
17901
17902
33016
33015
17903
17904
17905
17906
33018
33017
17907
17908
17909
17910
33020
33019
29984
17911
17912
17913
17914
33022
33013
17915
17916
17917
17918
33024
17919
17920
17921
17922
33026
33025
17923
17924
17925
17926
33028
33027
17927
17928
17929
17930
33030
33029
30043
17931
17932
17933
17934
33032
33023
17935
17936
17937
17938
33034
30137
17939
17940
17941
17942
33036
33035
31132
17943
17944
17945
17946
33038
33037
31163
17947
17948
17949
17950
33040
33039
31194
30102
17951
17952
17953
17954
33042
33033
17955
17956
17957
17958
33044
17959
17960
17961
17962
33046
17963
17964
17965
17966
33048
33047
17967
17968
17969
17970
33050
33049
17971
17972
17973
17974
33052
33051
17975
17976
17977
17978
33054
33045
17979
17980
17981
17982
33056
17983
17984
17985
17986
33058
33057
17987
17988
17989
17990
33060
33059
17991
17992
17993
17994
33062
33061
17995
17996
17997
17998
33064
33055
17999
18000
18001
18002
33066
31213
18003
18004
18005
18006
33068
33067
31372
18007
18008
18009
18010
33070
33069
31403
18011
18012
18013
18014
33072
33071
31434
18015
18016
18017
18018
33074
33065
18019
18020
18021
18022
33076
18023
18024
18025
18026
33078
18027
18028
18029
18030
33080
33079
18031
18032
18033
18034
33082
33081
18035
18036
18037
18038
33084
33083
18039
18040
18041
18042
33086
33077
18043
18044
18045
18046
33088
18047
18048
18049
18050
33090
33089
18051
18052
18053
18054
33092
33091
18055
18056
18057
18058
33094
33093
18059
18060
18061
18062
33096
33087
18063
18064
18065
18066
33098
31453
18067
18068
18069
18070
33100
33099
31516
18071
18072
18073
18074
33102
33101
31547
18075
18076
18077
18078
33104
33103
31578
18079
18080
18081
18082
33106
33097
18083
18084
18085
18086
33108
18087
18088
18089
18090
33110
18091
18092
18093
18094
33112
33111
18095
18096
18097
18098
33114
33113
18099
18100
18101
18102
33116
33115
18103
18104
18105
18106
33118
33109
18107
18108
18109
18110
33120
18111
18112
18113
18114
33122
33121
18115
18116
18117
18118
33124
33123
18119
18120
18121
18122
33126
33125
18123
18124
18125
18126
33128
33119
18127
18128
18129
18130
33130
31597
18131
18132
18133
18134
33132
33131
31620
18135
18136
18137
18138
33134
33133
31643
18139
18140
18141
18142
33136
33135
31666
18143
18144
18145
18146
33138
33129
18147
33139
18148
18149
26165
18150
18151
33140
18152
18153
26184
18154
18155
33142
18156
18157
26187
18158
18159
33144
32441
32439
18160
18161
26194
18162
18163
33146
33143
18164
18165
18166
18167
33148
31749
18168
18169
26248
18170
18171
33150
18172
18173
26251
18174
18175
33152
33151
18176
18177
18178
18179
33154
33149
31755
18180
18181
26265
18182
18183
33156
18184
18185
26268
18186
18187
33158
33157
18188
18189
18190
18191
33160
33155
31761
18192
18193
26282
18194
18195
33162
18196
18197
26285
18198
18199
33164
33163
18200
18201
18202
18203
33166
33161
31767
18204
18205
26299
18206
18207
33168
18208
18209
26302
18210
18211
33170
33169
18212
18213
18214
18215
33172
33167
31773
18216
18217
26316
18218
18219
33174
18220
18221
26319
18222
18223
33176
33175
18224
18225
18226
18227
33178
33173
31779
18228
18229
26333
18230
18231
33180
18232
18233
26336
18234
18235
33182
33181
18236
18237
18238
18239
33184
33179
31785
18240
18241
26350
18242
18243
33186
32443
33141
18244
18245
26353
18246
18247
33188
33187
32449
33145
18248
18249
18250
18251
33190
33185
31791
18252
18253
18254
18255
33192
31793
18256
18257
18258
18259
33194
18260
18261
18262
18263
33196
18264
18265
18266
18267
33198
18268
18269
18270
18271
33200
33197
18272
18273
18274
18275
33202
18276
18277
18278
18279
33204
33201
18280
18281
18282
18283
33206
18284
18285
18286
18287
33208
33205
18288
18289
18290
18291
33210
18292
18293
18294
18295
33212
33209
18296
18297
18298
18299
33214
18300
18301
18302
18303
33216
33213
18304
18305
18306
18307
33218
18308
18309
18310
18311
33220
33217
18312
18313
18314
18315
33222
33193
18316
18317
18318
18319
33224
33221
18320
18321
18322
18323
33226
18324
18325
18326
18327
33228
18328
18329
18330
18331
33230
33229
18332
18333
18334
18335
33232
33231
18336
18337
18338
18339
33234
33233
18340
18341
18342
18343
33236
33235
18344
18345
18346
18347
33238
33237
18348
18349
18350
18351
33240
33239
18352
18353
18354
18355
33242
33241
18356
18357
18358
18359
33244
33227
18360
18361
18362
18363
33246
18364
18365
18366
18367
33248
33247
18368
18369
18370
18371
33250
33249
18372
18373
18374
18375
33252
33251
18376
18377
18378
18379
33254
33253
18380
18381
18382
18383
33256
33255
18384
18385
18386
18387
33258
33257
18388
18389
18390
18391
33260
33259
18392
18393
18394
18395
33262
33245
18396
18397
18398
18399
33264
18400
18401
18402
18403
33266
33265
18404
18405
18406
18407
33268
33267
18408
18409
18410
18411
33270
33269
18412
18413
18414
18415
33272
33271
18416
18417
18418
18419
33274
33273
18420
18421
18422
18423
33276
33275
18424
18425
18426
18427
33278
33277
18428
18429
18430
18431
33280
33263
18432
18433
18434
18435
33282
18436
18437
18438
18439
33284
33283
18440
18441
18442
18443
33286
33285
18444
18445
18446
18447
33288
33287
18448
18449
18450
18451
33290
33289
18452
18453
18454
18455
33292
33291
18456
18457
18458
18459
33294
33293
18460
18461
18462
18463
33296
33295
18464
18465
18466
18467
33298
33281
18468
18469
18470
18471
33300
18472
18473
18474
18475
33302
33301
18476
18477
18478
18479
33304
33303
18480
18481
18482
18483
33306
33305
18484
18485
18486
18487
33308
33307
18488
18489
18490
18491
33310
33309
18492
18493
18494
18495
33312
33311
18496
18497
18498
18499
33314
33313
18500
18501
18502
18503
33316
33299
18504
18505
18506
18507
33318
18508
18509
18510
18511
33320
33319
18512
18513
18514
18515
33322
33321
18516
18517
18518
18519
33324
33323
18520
18521
18522
18523
33326
33325
18524
18525
18526
18527
33328
33327
18528
18529
18530
18531
33330
33329
18532
18533
18534
18535
33332
33331
18536
18537
18538
18539
33334
33317
18540
18541
18542
18543
18544
18545
33337
33195
18546
18547
18548
18549
33339
33338
33199
18550
18551
18552
18553
33341
33340
33203
18554
18555
18556
18557
33343
33342
33207
18558
18559
18560
18561
33345
33344
33211
18562
18563
18564
18565
33347
33346
33215
18566
18567
18568
18569
33349
33348
33219
18570
18571
18572
18573
33351
33350
33223
18574
18575
18576
18577
33353
33335
33336
18578
18579
18580
18581
33355
18582
18583
18584
18585
33357
18586
18587
18588
18589
33359
33358
18590
18591
18592
18593
33361
33360
18594
18595
18596
18597
33363
33362
18598
18599
18600
18601
33365
33364
18602
18603
18604
18605
33367
33366
18606
18607
18608
18609
33369
33368
18610
18611
18612
18613
18614
18615
33372
33370
33371
18616
18617
18618
18619
33374
33356
18620
18621
18622
18623
33376
18624
18625
18626
18627
33378
33377
18628
18629
18630
18631
33380
33379
18632
18633
18634
18635
33382
33381
18636
18637
18638
18639
33384
33383
18640
18641
18642
18643
33386
33385
18644
18645
18646
18647
33388
33387
18648
18649
18650
18651
18652
18653
33391
33389
33390
18654
18655
18656
18657
33393
33375
18658
18659
18660
18661
33395
18662
18663
18664
18665
33397
33396
18666
18667
18668
18669
33399
33398
18670
18671
18672
18673
33401
33400
18674
18675
18676
18677
33403
33402
18678
18679
18680
18681
33405
33404
18682
18683
18684
18685
33407
33406
18686
18687
18688
18689
18690
18691
33410
33408
33409
18692
18693
18694
18695
33412
33394
18696
18697
18698
18699
33414
18700
18701
18702
18703
33416
33415
18704
18705
18706
18707
33418
33417
18708
18709
18710
18711
33420
33419
18712
18713
18714
18715
33422
33421
18716
18717
18718
18719
33424
33423
18720
18721
18722
18723
33426
33425
18724
18725
18726
18727
18728
18729
33429
33427
33428
18730
18731
18732
18733
33431
33413
18734
18735
18736
18737
33433
18738
18739
18740
18741
33435
33434
18742
18743
18744
18745
33437
33436
18746
18747
18748
18749
33439
33438
18750
18751
18752
18753
33441
33440
18754
18755
18756
18757
33443
33442
18758
18759
18760
18761
33445
33444
18762
18763
18764
18765
18766
18767
33448
33446
33447
18768
18769
18770
18771
33450
33432
18772
18773
18774
18775
33452
18776
18777
18778
18779
33454
33453
18780
18781
18782
18783
33456
33455
18784
18785
18786
18787
33458
33457
18788
18789
18790
18791
33460
33459
18792
18793
18794
18795
33462
33461
18796
18797
18798
18799
33464
33463
18800
18801
18802
18803
18804
18805
33467
33465
33466
18806
18807
18808
18809
33469
33451
18810
18811
18812
18813
33471
33225
18814
18815
18816
18817
33473
33472
33243
18818
18819
18820
18821
33475
33474
33261
18822
18823
18824
18825
33477
33476
33279
18826
18827
18828
18829
33479
33478
33297
18830
18831
18832
18833
33481
33480
33315
18834
18835
18836
18837
33483
33482
33333
18838
18839
18840
18841
18842
18843
33486
33484
33352
33485
18844
18845
18846
18847
33488
33470
18848
18849
18850
18851
33490
18852
18853
18854
18855
33492
18856
18857
18858
18859
33494
33493
18860
18861
18862
18863
33496
33495
18864
18865
18866
18867
33498
33497
18868
18869
18870
18871
33500
33499
18872
18873
18874
18875
33502
33501
18876
18877
18878
18879
33504
33503
18880
18881
18882
18883
33506
33505
18884
18885
18886
18887
33508
33491
18888
18889
18890
18891
33510
18892
18893
18894
18895
33512
33511
18896
18897
18898
18899
33514
33513
18900
18901
18902
18903
33516
33515
18904
18905
18906
18907
33518
33517
18908
18909
18910
18911
33520
33519
18912
18913
18914
18915
33522
33521
18916
18917
18918
18919
33524
33523
18920
18921
18922
18923
33526
33509
18924
18925
18926
18927
33528
18928
18929
18930
18931
33530
33529
18932
18933
18934
18935
33532
33531
18936
18937
18938
18939
33534
33533
18940
18941
18942
18943
33536
33535
18944
18945
18946
18947
33538
33537
18948
18949
18950
18951
33540
33539
18952
18953
18954
18955
33542
33541
18956
18957
18958
18959
33544
33527
18960
18961
18962
18963
33546
18964
18965
18966
18967
33548
33547
18968
18969
18970
18971
33550
33549
18972
18973
18974
18975
33552
33551
18976
18977
18978
18979
33554
33553
18980
18981
18982
18983
33556
33555
18984
18985
18986
18987
33558
33557
18988
18989
18990
18991
33560
33559
18992
18993
18994
18995
33562
33545
18996
18997
18998
18999
33564
19000
19001
19002
19003
33566
33565
19004
19005
19006
19007
33568
33567
19008
19009
19010
19011
33570
33569
19012
19013
19014
19015
33572
33571
19016
19017
19018
19019
33574
33573
19020
19021
19022
19023
33576
33575
19024
19025
19026
19027
33578
33577
19028
19029
19030
19031
33580
33563
19032
19033
19034
19035
33582
19036
19037
19038
19039
33584
33583
19040
19041
19042
19043
33586
33585
19044
19045
19046
19047
33588
33587
19048
19049
19050
19051
33590
33589
19052
19053
19054
19055
33592
33591
19056
19057
19058
19059
33594
33593
19060
19061
19062
19063
33596
33595
19064
19065
19066
19067
33598
33581
19068
19069
19070
19071
33600
33354
19072
19073
19074
19075
33602
33601
33373
19076
19077
19078
19079
33604
33603
33392
19080
19081
19082
19083
33606
33605
33411
19084
19085
19086
19087
33608
33607
33430
19088
19089
19090
19091
33610
33609
33449
19092
19093
19094
19095
33612
33611
33468
19096
19097
19098
19099
33614
33613
33487
19100
19101
19102
19103
33616
33599
19104
19105
19106
19107
33618
19108
19109
19110
19111
33620
19112
19113
19114
19115
33622
33621
19116
19117
19118
19119
33624
33623
19120
19121
19122
19123
33626
33625
19124
19125
19126
19127
33628
33627
19128
19129
19130
19131
33630
33629
19132
19133
19134
19135
33632
33631
19136
19137
19138
19139
33634
33633
19140
19141
19142
19143
33636
33619
19144
19145
19146
19147
33638
19148
19149
19150
19151
33640
33639
19152
19153
19154
19155
33642
33641
19156
19157
19158
19159
33644
33643
19160
19161
19162
19163
33646
33645
19164
19165
19166
19167
33648
33647
19168
19169
19170
19171
33650
33649
19172
19173
19174
19175
33652
33651
19176
19177
19178
19179
33654
33637
19180
19181
19182
19183
33656
32091
19184
19185
19186
19187
33658
33657
32109
19188
19189
19190
19191
33660
33659
32127
19192
19193
19194
19195
33662
33661
32145
19196
19197
19198
19199
33664
33663
32163
19200
19201
19202
19203
33666
33665
32181
19204
19205
19206
19207
33668
33667
32199
19208
19209
19210
19211
33670
33669
32217
19212
19213
19214
19215
33672
33655
19216
19217
19218
19219
33674
19220
19221
19222
19223
33676
19224
19225
19226
19227
33678
33677
19228
19229
19230
19231
33680
33679
19232
19233
19234
19235
33682
33681
19236
19237
19238
19239
33684
33675
19240
19241
19242
19243
33686
19244
19245
19246
19247
33688
33687
19248
19249
19250
19251
33690
33689
19252
19253
19254
19255
33692
33691
19256
19257
19258
19259
33694
33685
19260
19261
19262
19263
33696
19264
19265
19266
19267
33698
33697
19268
19269
19270
19271
33700
33699
19272
19273
19274
19275
33702
33701
19276
19277
19278
19279
33704
33695
32219
19280
19281
19282
19283
33706
19284
19285
19286
19287
33708
19288
19289
19290
19291
33710
33709
19292
19293
19294
19295
33712
33711
19296
19297
19298
19299
33714
33713
32237
19300
19301
19302
19303
33716
33707
19304
19305
19306
19307
33718
19308
19309
19310
19311
33720
33719
19312
19313
19314
19315
33722
33721
19316
19317
19318
19319
33724
33723
32255
19320
19321
19322
19323
33726
33717
19324
19325
19326
19327
33728
32275
19328
19329
19330
19331
33730
33729
32285
19332
19333
19334
19335
33732
33731
32295
19336
19337
19338
19339
33734
33733
32305
32273
19340
19341
19342
19343
33736
33727
19344
19345
19346
19347
33738
19348
19349
19350
19351
33740
19352
19353
19354
19355
33742
33741
19356
19357
19358
19359
33744
33743
19360
19361
19362
19363
33746
33745
19364
19365
19366
19367
33748
33739
19368
19369
19370
19371
33750
19372
19373
19374
19375
33752
33751
19376
19377
19378
19379
33754
33753
19380
19381
19382
19383
33756
33755
19384
19385
19386
19387
33758
33749
19388
19389
19390
19391
33760
32307
19392
19393
19394
19395
33762
33761
32317
19396
19397
19398
19399
33764
33763
32327
19400
19401
19402
19403
33766
33765
32337
19404
19405
19406
19407
33768
33759
19408
19409
19410
19411
33770
19412
19413
19414
19415
33772
19416
19417
19418
19419
33774
33773
19420
19421
19422
19423
33776
33775
19424
19425
19426
19427
33778
33777
19428
19429
19430
19431
33780
33771
19432
19433
19434
19435
33782
19436
19437
19438
19439
33784
33783
19440
19441
19442
19443
33786
33785
19444
19445
19446
19447
33788
33787
19448
19449
19450
19451
33790
33781
19452
19453
19454
19455
33792
32339
19456
19457
19458
19459
33794
33793
32349
19460
19461
19462
19463
33796
33795
32359
19464
19465
19466
19467
33798
33797
32369
19468
19469
19470
19471
33800
33791
19472
19473
19474
19475
33802
19476
19477
19478
19479
33804
19480
19481
19482
19483
33806
33805
19484
19485
19486
19487
33808
33807
19488
19489
19490
19491
33810
33809
19492
19493
19494
19495
33812
33803
19496
19497
19498
19499
33814
19500
19501
19502
19503
33816
33815
19504
19505
19506
19507
33818
33817
19508
19509
19510
19511
33820
33819
19512
19513
19514
19515
33822
33813
19516
19517
19518
19519
33824
32371
19520
19521
19522
19523
33826
33825
32381
19524
19525
19526
19527
33828
33827
32391
19528
19529
19530
19531
33830
33829
32401
19532
19533
19534
19535
33832
33823
19536
33833
19537
19538
26245
19539
19540
33834
32453
33147
19541
19542
26262
19543
19544
33836
33835
32459
33153
19545
19546
26279
19547
19548
33838
33837
32465
33159
19549
19550
26296
19551
19552
33840
33839
32471
33165
19553
19554
26313
19555
19556
33842
33841
32477
33171
19557
19558
26330
19559
19560
33844
33843
32483
33177
19561
19562
26347
19563
19564
33846
33845
32489
33183
19565
19566
26364
19567
19568
33848
33847
32495
33189
19569
19570
19571
19572
33850
32497
19573
19574
19575
19576
33852
19577
19578
19579
19580
33854
19581
19582
19583
19584
33856
19585
19586
19587
19588
33858
33855
19589
19590
19591
19592
33860
19593
19594
19595
19596
33862
33859
19597
19598
19599
19600
33864
19601
19602
19603
19604
33866
33863
19605
19606
19607
19608
33868
19609
19610
19611
19612
33870
33867
19613
19614
19615
19616
33872
19617
19618
19619
19620
33874
33871
19621
19622
19623
19624
33876
19625
19626
19627
19628
33878
33875
19629
19630
19631
19632
33880
33851
19633
19634
19635
19636
33882
33879
19637
19638
19639
19640
33884
19641
19642
19643
19644
33886
19645
19646
19647
19648
33888
33887
19649
19650
19651
19652
33890
33889
19653
19654
19655
19656
33892
33891
19657
19658
19659
19660
33894
33893
19661
19662
19663
19664
33896
33895
19665
19666
19667
19668
33898
33897
19669
19670
19671
19672
33900
33899
19673
19674
19675
19676
33902
33885
19677
19678
19679
19680
33904
19681
19682
19683
19684
33906
33905
19685
19686
19687
19688
33908
33907
19689
19690
19691
19692
33910
33909
19693
19694
19695
19696
33912
33911
19697
19698
19699
19700
33914
33913
19701
19702
19703
19704
33916
33915
19705
19706
19707
19708
33918
33917
19709
19710
19711
19712
33920
33903
19713
19714
19715
19716
33922
19717
19718
19719
19720
33924
33923
19721
19722
19723
19724
33926
33925
19725
19726
19727
19728
33928
33927
19729
19730
19731
19732
33930
33929
19733
19734
19735
19736
33932
33931
19737
19738
19739
19740
33934
33933
19741
19742
19743
19744
33936
33935
19745
19746
19747
19748
33938
33921
19749
19750
19751
19752
33940
19753
19754
19755
19756
33942
33941
19757
19758
19759
19760
33944
33943
19761
19762
19763
19764
33946
33945
19765
19766
19767
19768
33948
33947
19769
19770
19771
19772
33950
33949
19773
19774
19775
19776
33952
33951
19777
19778
19779
19780
33954
33953
19781
19782
19783
19784
33956
33939
19785
19786
19787
19788
33958
19789
19790
19791
19792
33960
33959
19793
19794
19795
19796
33962
33961
19797
19798
19799
19800
33964
33963
19801
19802
19803
19804
33966
33965
19805
19806
19807
19808
33968
33967
19809
19810
19811
19812
33970
33969
19813
19814
19815
19816
33972
33971
19817
19818
19819
19820
33974
33957
19821
19822
19823
19824
33976
19825
19826
19827
19828
33978
33977
19829
19830
19831
19832
33980
33979
19833
19834
19835
19836
33982
33981
19837
19838
19839
19840
33984
33983
19841
19842
19843
19844
33986
33985
19845
19846
19847
19848
33988
33987
19849
19850
19851
19852
33990
33989
19853
19854
19855
19856
33992
33975
19857
19858
19859
19860
19861
19862
33995
33853
19863
19864
19865
19866
33997
33996
33857
19867
19868
19869
19870
33999
33998
33861
19871
19872
19873
19874
34001
34000
33865
19875
19876
19877
19878
34003
34002
33869
19879
19880
19881
19882
34005
34004
33873
19883
19884
19885
19886
34007
34006
33877
19887
19888
19889
19890
34009
34008
33881
19891
19892
19893
19894
34011
33993
33994
19895
19896
19897
19898
34013
19899
19900
19901
19902
34015
19903
19904
19905
19906
34017
34016
19907
19908
19909
19910
34019
34018
19911
19912
19913
19914
34021
34020
19915
19916
19917
19918
34023
34022
19919
19920
19921
19922
34025
34024
19923
19924
19925
19926
34027
34026
19927
19928
19929
19930
19931
19932
34030
34028
34029
19933
19934
19935
19936
34032
34014
19937
19938
19939
19940
34034
19941
19942
19943
19944
34036
34035
19945
19946
19947
19948
34038
34037
19949
19950
19951
19952
34040
34039
19953
19954
19955
19956
34042
34041
19957
19958
19959
19960
34044
34043
19961
19962
19963
19964
34046
34045
19965
19966
19967
19968
19969
19970
34049
34047
34048
19971
19972
19973
19974
34051
34033
19975
19976
19977
19978
34053
19979
19980
19981
19982
34055
34054
19983
19984
19985
19986
34057
34056
19987
19988
19989
19990
34059
34058
19991
19992
19993
19994
34061
34060
19995
19996
19997
19998
34063
34062
19999
20000
20001
20002
34065
34064
20003
20004
20005
20006
20007
20008
34068
34066
34067
20009
20010
20011
20012
34070
34052
20013
20014
20015
20016
34072
20017
20018
20019
20020
34074
34073
20021
20022
20023
20024
34076
34075
20025
20026
20027
20028
34078
34077
20029
20030
20031
20032
34080
34079
20033
20034
20035
20036
34082
34081
20037
20038
20039
20040
34084
34083
20041
20042
20043
20044
20045
20046
34087
34085
34086
20047
20048
20049
20050
34089
34071
20051
20052
20053
20054
34091
20055
20056
20057
20058
34093
34092
20059
20060
20061
20062
34095
34094
20063
20064
20065
20066
34097
34096
20067
20068
20069
20070
34099
34098
20071
20072
20073
20074
34101
34100
20075
20076
20077
20078
34103
34102
20079
20080
20081
20082
20083
20084
34106
34104
34105
20085
20086
20087
20088
34108
34090
20089
20090
20091
20092
34110
20093
20094
20095
20096
34112
34111
20097
20098
20099
20100
34114
34113
20101
20102
20103
20104
34116
34115
20105
20106
20107
20108
34118
34117
20109
20110
20111
20112
34120
34119
20113
20114
20115
20116
34122
34121
20117
20118
20119
20120
20121
20122
34125
34123
34124
20123
20124
20125
20126
34127
34109
20127
20128
20129
20130
34129
33883
20131
20132
20133
20134
34131
34130
33901
20135
20136
20137
20138
34133
34132
33919
20139
20140
20141
20142
34135
34134
33937
20143
20144
20145
20146
34137
34136
33955
20147
20148
20149
20150
34139
34138
33973
20151
20152
20153
20154
34141
34140
33991
20155
20156
20157
20158
20159
20160
34144
34142
34010
34143
20161
20162
20163
20164
34146
34128
20165
20166
20167
20168
34148
20169
20170
20171
20172
34150
20173
20174
20175
20176
34152
34151
20177
20178
20179
20180
34154
34153
20181
20182
20183
20184
34156
34155
20185
20186
20187
20188
34158
34157
20189
20190
20191
20192
34160
34159
20193
20194
20195
20196
34162
34161
20197
20198
20199
20200
34164
34163
20201
20202
20203
20204
34166
34149
20205
20206
20207
20208
34168
20209
20210
20211
20212
34170
34169
20213
20214
20215
20216
34172
34171
20217
20218
20219
20220
34174
34173
20221
20222
20223
20224
34176
34175
20225
20226
20227
20228
34178
34177
20229
20230
20231
20232
34180
34179
20233
20234
20235
20236
34182
34181
20237
20238
20239
20240
34184
34167
20241
20242
20243
20244
34186
20245
20246
20247
20248
34188
34187
20249
20250
20251
20252
34190
34189
20253
20254
20255
20256
34192
34191
20257
20258
20259
20260
34194
34193
20261
20262
20263
20264
34196
34195
20265
20266
20267
20268
34198
34197
20269
20270
20271
20272
34200
34199
20273
20274
20275
20276
34202
34185
20277
20278
20279
20280
34204
20281
20282
20283
20284
34206
34205
20285
20286
20287
20288
34208
34207
20289
20290
20291
20292
34210
34209
20293
20294
20295
20296
34212
34211
20297
20298
20299
20300
34214
34213
20301
20302
20303
20304
34216
34215
20305
20306
20307
20308
34218
34217
20309
20310
20311
20312
34220
34203
20313
20314
20315
20316
34222
20317
20318
20319
20320
34224
34223
20321
20322
20323
20324
34226
34225
20325
20326
20327
20328
34228
34227
20329
20330
20331
20332
34230
34229
20333
20334
20335
20336
34232
34231
20337
20338
20339
20340
34234
34233
20341
20342
20343
20344
34236
34235
20345
20346
20347
20348
34238
34221
20349
20350
20351
20352
34240
20353
20354
20355
20356
34242
34241
20357
20358
20359
20360
34244
34243
20361
20362
20363
20364
34246
34245
20365
20366
20367
20368
34248
34247
20369
20370
20371
20372
34250
34249
20373
20374
20375
20376
34252
34251
20377
20378
20379
20380
34254
34253
20381
20382
20383
20384
34256
34239
20385
20386
20387
20388
34258
34012
20389
20390
20391
20392
34260
34259
34031
20393
20394
20395
20396
34262
34261
34050
20397
20398
20399
20400
34264
34263
34069
20401
20402
20403
20404
34266
34265
34088
20405
20406
20407
20408
34268
34267
34107
20409
20410
20411
20412
34270
34269
34126
20413
20414
20415
20416
34272
34271
34145
20417
20418
20419
20420
34274
34257
20421
20422
20423
20424
34276
20425
20426
20427
20428
34278
20429
20430
20431
20432
34280
34279
20433
20434
20435
20436
34282
34281
20437
20438
20439
20440
34284
34283
20441
20442
20443
20444
34286
34285
20445
20446
20447
20448
34288
34287
20449
20450
20451
20452
34290
34289
20453
20454
20455
20456
34292
34291
20457
20458
20459
20460
34294
34277
20461
20462
20463
20464
34296
20465
20466
20467
20468
34298
34297
20469
20470
20471
20472
34300
34299
20473
20474
20475
20476
34302
34301
20477
20478
20479
20480
34304
34303
20481
20482
20483
20484
34306
34305
20485
20486
20487
20488
34308
34307
20489
20490
20491
20492
34310
34309
20493
20494
20495
20496
34312
34295
20497
20498
20499
20500
34314
32795
20501
20502
20503
20504
34316
34315
32813
20505
20506
20507
20508
34318
34317
32831
20509
20510
20511
20512
34320
34319
32849
20513
20514
20515
20516
34322
34321
32867
20517
20518
20519
20520
34324
34323
32885
20521
20522
20523
20524
34326
34325
32903
20525
20526
20527
20528
34328
34327
32921
20529
20530
20531
20532
34330
34313
20533
20534
20535
20536
34332
20537
20538
20539
20540
34334
20541
20542
20543
20544
34336
34335
20545
20546
20547
20548
34338
34337
20549
20550
20551
20552
34340
34339
20553
20554
20555
20556
34342
34333
20557
20558
20559
20560
34344
20561
20562
20563
20564
34346
34345
20565
20566
20567
20568
34348
34347
20569
20570
20571
20572
34350
34349
20573
20574
20575
20576
34352
34343
20577
20578
20579
20580
34354
20581
20582
20583
20584
34356
34355
20585
20586
20587
20588
34358
34357
20589
20590
20591
20592
34360
34359
20593
20594
20595
20596
34362
34353
32923
20597
20598
20599
20600
34364
20601
20602
20603
20604
34366
20605
20606
20607
20608
34368
34367
20609
20610
20611
20612
34370
34369
20613
20614
20615
20616
34372
34371
32941
20617
20618
20619
20620
34374
34365
20621
20622
20623
20624
34376
20625
20626
20627
20628
34378
34377
20629
20630
20631
20632
34380
34379
20633
20634
20635
20636
34382
34381
32959
20637
20638
20639
20640
34384
34375
20641
20642
20643
20644
34386
32979
20645
20646
20647
20648
34388
34387
32989
20649
20650
20651
20652
34390
34389
32999
20653
20654
20655
20656
34392
34391
33009
32977
20657
20658
20659
20660
34394
34385
20661
20662
20663
20664
34396
20665
20666
20667
20668
34398
20669
20670
20671
20672
34400
34399
20673
20674
20675
20676
34402
34401
20677
20678
20679
20680
34404
34403
20681
20682
20683
20684
34406
34397
20685
20686
20687
20688
34408
20689
20690
20691
20692
34410
34409
20693
20694
20695
20696
34412
34411
20697
20698
20699
20700
34414
34413
20701
20702
20703
20704
34416
34407
20705
20706
20707
20708
34418
33011
20709
20710
20711
20712
34420
34419
33021
20713
20714
20715
20716
34422
34421
33031
20717
20718
20719
20720
34424
34423
33041
20721
20722
20723
20724
34426
34417
20725
20726
20727
20728
34428
20729
20730
20731
20732
34430
20733
20734
20735
20736
34432
34431
20737
20738
20739
20740
34434
34433
20741
20742
20743
20744
34436
34435
20745
20746
20747
20748
34438
34429
20749
20750
20751
20752
34440
20753
20754
20755
20756
34442
34441
20757
20758
20759
20760
34444
34443
20761
20762
20763
20764
34446
34445
20765
20766
20767
20768
34448
34439
20769
20770
20771
20772
34450
33043
20773
20774
20775
20776
34452
34451
33053
20777
20778
20779
20780
34454
34453
33063
20781
20782
20783
20784
34456
34455
33073
20785
20786
20787
20788
34458
34449
20789
20790
20791
20792
34460
20793
20794
20795
20796
34462
20797
20798
20799
20800
34464
34463
20801
20802
20803
20804
34466
34465
20805
20806
20807
20808
34468
34467
20809
20810
20811
20812
34470
34461
20813
20814
20815
20816
34472
20817
20818
20819
20820
34474
34473
20821
20822
20823
20824
34476
34475
20825
20826
20827
20828
34478
34477
20829
20830
20831
20832
34480
34471
20833
20834
20835
20836
34482
33075
20837
20838
20839
20840
34484
34483
33085
20841
20842
20843
20844
34486
34485
33095
20845
20846
20847
20848
34488
34487
33105
20849
20850
20851
20852
34490
34481
20853
34491
20854
20855
26503
20856
20857
34492
33191
33849
20858
20859
27034
20860
20861
34494
27033
20862
20863
27037
20864
20865
34496
20866
20867
27064
20868
20869
34498
27063
20870
20871
27067
20872
20873
34500
34497
20874
20875
27094
20876
20877
34502
27093
20878
20879
27097
20880
20881
34504
34501
20882
20883
27124
20884
20885
34506
27123
20886
20887
27127
20888
20889
34508
34505
20890
20891
27154
20892
20893
34510
27153
20894
20895
27157
20896
20897
34512
34509
20898
20899
27184
20900
20901
34514
27183
20902
20903
27187
20904
20905
34516
34513
20906
20907
27214
20908
20909
34518
27213
20910
20911
27217
20912
20913
34520
34517
20914
20915
27244
20916
20917
34522
34493
27243
20918
20919
27271
20920
20921
34524
34521
27270
20922
20923
27274
20924
20925
34526
20926
20927
27277
20928
20929
34528
20930
20931
27280
20932
20933
34530
34529
20934
20935
27283
20936
20937
34532
34531
20938
20939
27286
20940
20941
34534
34533
20942
20943
27289
20944
20945
34536
34535
20946
20947
27292
20948
20949
34538
34537
20950
20951
27295
20952
20953
34540
34539
20954
20955
27322
20956
20957
34542
34541
27321
20958
20959
27325
20960
20961
34544
34527
20962
20963
27328
20964
20965
34546
20966
20967
27331
20968
20969
34548
34547
20970
20971
27334
20972
20973
34550
34549
20974
20975
27337
20976
20977
34552
34551
20978
20979
27340
20980
20981
34554
34553
20982
20983
27343
20984
20985
34556
34555
20986
20987
27346
20988
20989
34558
34557
20990
20991
27373
20992
20993
34560
34559
27372
20994
20995
27376
20996
20997
34562
34545
20998
20999
27379
21000
21001
34564
21002
21003
27382
21004
21005
34566
34565
21006
21007
27385
21008
21009
34568
34567
21010
21011
27388
21012
21013
34570
34569
21014
21015
27391
21016
21017
34572
34571
21018
21019
27394
21020
21021
34574
34573
21022
21023
27397
21024
21025
34576
34575
21026
21027
27424
21028
21029
34578
34577
27423
21030
21031
27427
21032
21033
34580
34563
21034
21035
27430
21036
21037
34582
21038
21039
27433
21040
21041
34584
34583
21042
21043
27436
21044
21045
34586
34585
21046
21047
27439
21048
21049
34588
34587
21050
21051
27442
21052
21053
34590
34589
21054
21055
27445
21056
21057
34592
34591
21058
21059
27448
21060
21061
34594
34593
21062
21063
27475
21064
21065
34596
34595
27474
21066
21067
27478
21068
21069
34598
34581
21070
21071
27481
21072
21073
34600
21074
21075
27484
21076
21077
34602
34601
21078
21079
27487
21080
21081
34604
34603
21082
21083
27490
21084
21085
34606
34605
21086
21087
27493
21088
21089
34608
34607
21090
21091
27496
21092
21093
34610
34609
21094
21095
27499
21096
21097
34612
34611
21098
21099
27526
21100
21101
34614
34613
27525
21102
21103
27529
21104
21105
34616
34599
21106
21107
27532
21108
21109
34618
21110
21111
27535
21112
21113
34620
34619
21114
21115
27538
21116
21117
34622
34621
21118
21119
27541
21120
21121
34624
34623
21122
21123
27544
21124
21125
34626
34625
21126
21127
27547
21128
21129
34628
34627
21130
21131
27550
21132
21133
34630
34629
21134
21135
27577
21136
21137
34632
34631
27576
21138
21139
27580
21140
21141
34634
34617
21142
21143
21144
21145
27584
21146
21147
34637
34495
21148
21149
27587
21150
21151
34639
34638
34499
21152
21153
27590
21154
21155
34641
34640
34503
21156
21157
27593
21158
21159
34643
34642
34507
21160
21161
27596
21162
21163
34645
34644
34511
21164
21165
27599
21166
21167
34647
34646
34515
21168
21169
27602
21170
21171
34649
34648
34519
21172
21173
27629
21174
21175
34651
34650
34523
27628
21176
21177
27632
21178
21179
34653
34635
34636
21180
21181
27635
21182
21183
34655
21184
21185
27638
21186
21187
34657
21188
21189
27641
21190
21191
34659
34658
21192
21193
27644
21194
21195
34661
34660
21196
21197
27647
21198
21199
34663
34662
21200
21201
27650
21202
21203
34665
34664
21204
21205
27653
21206
21207
34667
34666
21208
21209
27656
21210
21211
34669
34668
21212
21213
21214
21215
27660
21216
21217
34672
34670
34671
21218
21219
27663
21220
21221
34674
34656
21222
21223
27666
21224
21225
34676
21226
21227
27669
21228
21229
34678
34677
21230
21231
27672
21232
21233
34680
34679
21234
21235
27675
21236
21237
34682
34681
21238
21239
27678
21240
21241
34684
34683
21242
21243
27681
21244
21245
34686
34685
21246
21247
27684
21248
21249
34688
34687
21250
21251
21252
21253
27688
21254
21255
34691
34689
34690
21256
21257
27691
21258
21259
34693
34675
21260
21261
27694
21262
21263
34695
21264
21265
27697
21266
21267
34697
34696
21268
21269
27700
21270
21271
34699
34698
21272
21273
27703
21274
21275
34701
34700
21276
21277
27706
21278
21279
34703
34702
21280
21281
27709
21282
21283
34705
34704
21284
21285
27712
21286
21287
34707
34706
21288
21289
21290
21291
27716
21292
21293
34710
34708
34709
21294
21295
27719
21296
21297
34712
34694
21298
21299
27722
21300
21301
34714
21302
21303
27725
21304
21305
34716
34715
21306
21307
27728
21308
21309
34718
34717
21310
21311
27731
21312
21313
34720
34719
21314
21315
27734
21316
21317
34722
34721
21318
21319
27737
21320
21321
34724
34723
21322
21323
27740
21324
21325
34726
34725
21326
21327
21328
21329
27744
21330
21331
34729
34727
34728
21332
21333
27747
21334
21335
34731
34713
21336
21337
27750
21338
21339
34733
21340
21341
27753
21342
21343
34735
34734
21344
21345
27756
21346
21347
34737
34736
21348
21349
27759
21350
21351
34739
34738
21352
21353
27762
21354
21355
34741
34740
21356
21357
27765
21358
21359
34743
34742
21360
21361
27768
21362
21363
34745
34744
21364
21365
21366
21367
27772
21368
21369
34748
34746
34747
21370
21371
27775
21372
21373
34750
34732
21374
21375
27778
21376
21377
34752
21378
21379
27781
21380
21381
34754
34753
21382
21383
27784
21384
21385
34756
34755
21386
21387
27787
21388
21389
34758
34757
21390
21391
27790
21392
21393
34760
34759
21394
21395
27793
21396
21397
34762
34761
21398
21399
27796
21400
21401
34764
34763
21402
21403
21404
21405
27800
21406
21407
34767
34765
34766
21408
21409
27803
21410
21411
34769
34751
21412
21413
27806
21414
21415
34771
34525
21416
21417
27809
21418
21419
34773
34772
34543
21420
21421
27812
21422
21423
34775
34774
34561
21424
21425
27815
21426
21427
34777
34776
34579
21428
21429
27818
21430
21431
34779
34778
34597
21432
21433
27821
21434
21435
34781
34780
34615
21436
21437
27824
21438
21439
34783
34782
34633
21440
21441
21442
21443
27828
21444
21445
34786
34784
34652
34785
21446
21447
27831
21448
21449
34788
34770
21450
21451
21452
21453
34790
21454
21455
28569
21456
21457
34792
21458
21459
28572
21460
21461
34794
34793
21462
21463
28575
21464
21465
34796
34795
21466
21467
28578
21468
21469
34798
34797
21470
21471
28581
21472
21473
34800
34799
21474
21475
28584
21476
21477
34802
34801
21478
21479
28587
21480
21481
34804
34803
21482
21483
28590
21484
21485
34806
34805
21486
21487
21488
21489
34808
34791
21490
21491
28628
21492
21493
34810
21494
21495
28631
21496
21497
34812
34811
21498
21499
28634
21500
21501
34814
34813
21502
21503
28637
21504
21505
34816
34815
21506
21507
28640
21508
21509
34818
34817
21510
21511
28643
21512
21513
34820
34819
21514
21515
28646
21516
21517
34822
34821
21518
21519
28649
21520
21521
34824
34823
21522
21523
21524
21525
34826
34809
21526
21527
28687
21528
21529
34828
21530
21531
28690
21532
21533
34830
34829
21534
21535
28693
21536
21537
34832
34831
21538
21539
28696
21540
21541
34834
34833
21542
21543
28699
21544
21545
34836
34835
21546
21547
28702
21548
21549
34838
34837
21550
21551
28705
21552
21553
34840
34839
21554
21555
28708
21556
21557
34842
34841
21558
21559
21560
21561
34844
34827
21562
21563
28746
21564
21565
34846
21566
21567
28749
21568
21569
34848
34847
21570
21571
28752
21572
21573
34850
34849
21574
21575
28755
21576
21577
34852
34851
21578
21579
28758
21580
21581
34854
34853
21582
21583
28761
21584
21585
34856
34855
21586
21587
28764
21588
21589
34858
34857
21590
21591
28767
21592
21593
34860
34859
21594
21595
21596
21597
34862
34845
21598
21599
28805
21600
21601
34864
21602
21603
28808
21604
21605
34866
34865
21606
21607
28811
21608
21609
34868
34867
21610
21611
28814
21612
21613
34870
34869
21614
21615
28817
21616
21617
34872
34871
21618
21619
28820
21620
21621
34874
34873
21622
21623
28823
21624
21625
34876
34875
21626
21627
28826
21628
21629
34878
34877
21630
21631
21632
21633
34880
34863
21634
21635
28864
21636
21637
34882
21638
21639
28867
21640
21641
34884
34883
21642
21643
28870
21644
21645
34886
34885
21646
21647
28873
21648
21649
34888
34887
21650
21651
28876
21652
21653
34890
34889
21654
21655
28879
21656
21657
34892
34891
21658
21659
28882
21660
21661
34894
34893
21662
21663
28885
21664
21665
34896
34895
21666
21667
21668
21669
34898
34881
21670
21671
28923
21672
21673
34900
34654
21674
21675
28926
21676
21677
34902
34901
34673
21678
21679
28929
21680
21681
34904
34903
34692
21682
21683
28932
21684
21685
34906
34905
34711
21686
21687
28935
21688
21689
34908
34907
34730
21690
21691
28938
21692
21693
34910
34909
34749
21694
21695
28941
21696
21697
34912
34911
34768
21698
21699
28944
21700
21701
34914
34913
34787
21702
21703
21704
21705
34916
34899
21706
21707
21708
21709
34918
21710
21711
21712
21713
34920
21714
21715
21716
21717
34922
34921
21718
21719
21720
21721
34924
34923
21722
21723
21724
21725
34926
34925
21726
21727
21728
21729
34928
34927
21730
21731
21732
21733
34930
34929
21734
21735
21736
21737
34932
34931
21738
21739
21740
21741
34934
34933
21742
21743
21744
21745
34936
34919
21746
21747
21748
21749
34938
21750
21751
21752
21753
34940
34939
21754
21755
21756
21757
34942
34941
21758
21759
21760
21761
34944
34943
21762
21763
21764
21765
34946
34945
21766
21767
21768
21769
34948
34947
21770
21771
21772
21773
34950
34949
21774
21775
21776
21777
34952
34951
21778
21779
21780
21781
34954
34937
21782
21783
21784
21785
34956
33489
21786
21787
21788
21789
34958
34957
33507
21790
21791
21792
21793
34960
34959
33525
21794
21795
21796
21797
34962
34961
33543
21798
21799
21800
21801
34964
34963
33561
21802
21803
21804
21805
34966
34965
33579
21806
21807
21808
21809
34968
34967
33597
21810
21811
21812
21813
34970
34969
33615
21814
21815
21816
21817
34972
34955
21818
21819
21820
21821
34974
21822
21823
21824
21825
34976
21826
21827
21828
21829
34978
34977
21830
21831
21832
21833
34980
34979
21834
21835
21836
21837
34982
34981
21838
21839
21840
21841
34984
34975
21842
21843
21844
21845
34986
21846
21847
21848
21849
34988
34987
21850
21851
21852
21853
34990
34989
21854
21855
21856
21857
34992
34991
21858
21859
21860
21861
34994
34985
21862
21863
21864
21865
34996
21866
21867
21868
21869
34998
34997
21870
21871
21872
21873
35000
34999
21874
21875
21876
21877
35002
35001
21878
21879
21880
21881
35004
34995
33617
21882
21883
21884
21885
35006
21886
21887
21888
21889
35008
21890
21891
21892
21893
35010
35009
21894
21895
21896
21897
35012
35011
21898
21899
21900
21901
35014
35013
33635
21902
21903
21904
21905
35016
35007
21906
21907
21908
21909
35018
21910
21911
21912
21913
35020
35019
21914
21915
21916
21917
35022
35021
21918
21919
21920
21921
35024
35023
33653
21922
21923
21924
21925
35026
35017
21926
21927
21928
21929
35028
33673
21930
21931
21932
21933
35030
35029
33683
21934
21935
21936
21937
35032
35031
33693
21938
21939
21940
21941
35034
35033
33703
33671
21942
21943
21944
21945
35036
35027
21946
21947
21948
21949
35038
21950
21951
21952
21953
35040
21954
21955
21956
21957
35042
35041
21958
21959
21960
21961
35044
35043
21962
21963
21964
21965
35046
35045
21966
21967
21968
21969
35048
35039
21970
21971
21972
21973
35050
21974
21975
21976
21977
35052
35051
21978
21979
21980
21981
35054
35053
21982
21983
21984
21985
35056
35055
21986
21987
21988
21989
35058
35049
21990
21991
21992
21993
35060
33705
21994
21995
21996
21997
35062
35061
33715
21998
21999
22000
22001
35064
35063
33725
22002
22003
22004
22005
35066
35065
33735
22006
22007
22008
22009
35068
35059
22010
22011
22012
22013
35070
22014
22015
22016
22017
35072
22018
22019
22020
22021
35074
35073
22022
22023
22024
22025
35076
35075
22026
22027
22028
22029
35078
35077
22030
22031
22032
22033
35080
35071
22034
22035
22036
22037
35082
22038
22039
22040
22041
35084
35083
22042
22043
22044
22045
35086
35085
22046
22047
22048
22049
35088
35087
22050
22051
22052
22053
35090
35081
22054
22055
22056
22057
35092
33737
22058
22059
22060
22061
35094
35093
33747
22062
22063
22064
22065
35096
35095
33757
22066
22067
22068
22069
35098
35097
33767
22070
22071
22072
22073
35100
35091
22074
22075
22076
22077
35102
22078
22079
22080
22081
35104
22082
22083
22084
22085
35106
35105
22086
22087
22088
22089
35108
35107
22090
22091
22092
22093
35110
35109
22094
22095
22096
22097
35112
35103
22098
22099
22100
22101
35114
22102
22103
22104
22105
35116
35115
22106
22107
22108
22109
35118
35117
22110
22111
22112
22113
35120
35119
22114
22115
22116
22117
35122
35113
22118
22119
22120
22121
35124
33769
22122
22123
22124
22125
35126
35125
33779
22126
22127
22128
22129
35128
35127
33789
22130
22131
22132
22133
35130
35129
33799
22134
22135
22136
22137
35132
35123
22138
35133
22139
22140
28566
22141
22142
35134
22143
22144
28625
22145
22146
35136
35135
22147
22148
28684
22149
22150
35138
35137
22151
22152
28743
22153
22154
35140
35139
22155
22156
28802
22157
22158
35142
35141
22159
22160
28861
22161
22162
35144
35143
22163
22164
28920
22165
22166
35146
35145
22167
22168
28979
22169
22170
35148
35147
22171
22172
22173
22174
35150
22175
22176
29961
22177
22178
35152
22179
22180
29964
22181
22182
35154
35153
22183
22184
29967
22185
22186
35156
35155
22187
22188
29970
22189
22190
35158
35157
22191
22192
29973
22193
22194
35160
35159
22195
22196
29976
22197
22198
35162
35161
22199
22200
29979
22201
22202
35164
35163
22203
22204
29982
22205
22206
35166
35165
22207
22208
22209
22210
35168
35151
22211
22212
30020
22213
22214
35170
22215
22216
30023
22217
22218
35172
35171
22219
22220
30026
22221
22222
35174
35173
22223
22224
30029
22225
22226
35176
35175
22227
22228
30032
22229
22230
35178
35177
22231
22232
30035
22233
22234
35180
35179
22235
22236
30038
22237
22238
35182
35181
22239
22240
30041
22241
22242
35184
35183
22243
22244
22245
22246
35186
35169
22247
22248
30079
22249
22250
35188
34147
34789
22251
22252
30082
22253
22254
35190
35189
34165
34807
22255
22256
30085
22257
22258
35192
35191
34183
34825
22259
22260
30088
22261
22262
35194
35193
34201
34843
22263
22264
30091
22265
22266
35196
35195
34219
34861
22267
22268
30094
22269
22270
35198
35197
34237
34879
22271
22272
30097
22273
22274
35200
35199
34255
34897
22275
22276
30100
22277
22278
35202
35201
34273
34915
22279
22280
22281
22282
35204
35187
22283
22284
22285
22286
35206
22287
22288
22289
22290
35208
22291
22292
22293
22294
35210
35209
22295
22296
22297
22298
35212
35211
22299
22300
22301
22302
35214
35213
22303
22304
22305
22306
35216
35207
22307
22308
22309
22310
35218
22311
22312
22313
22314
35220
35219
22315
22316
22317
22318
35222
35221
22319
22320
22321
22322
35224
35223
22323
22324
22325
22326
35226
35217
22327
22328
22329
22330
35228
22331
22332
22333
22334
35230
35229
22335
22336
22337
22338
35232
35231
22339
22340
22341
22342
35234
35233
22343
22344
22345
22346
35236
35227
34275
22347
22348
22349
22350
35238
22351
22352
22353
22354
35240
22355
22356
22357
22358
35242
35241
22359
22360
22361
22362
35244
35243
22363
22364
22365
22366
35246
35245
34293
22367
22368
22369
22370
35248
35239
22371
22372
22373
22374
35250
22375
22376
22377
22378
35252
35251
22379
22380
22381
22382
35254
35253
22383
22384
22385
22386
35256
35255
34311
22387
22388
22389
22390
35258
35249
22391
22392
22393
22394
35260
34331
22395
22396
22397
22398
35262
35261
34341
22399
22400
22401
22402
35264
35263
34351
22403
22404
22405
22406
35266
35265
34361
34329
22407
22408
22409
22410
35268
35259
22411
22412
22413
22414
35270
22415
22416
22417
22418
35272
22419
22420
22421
22422
35274
35273
22423
22424
22425
22426
35276
35275
22427
22428
22429
22430
35278
35277
22431
22432
22433
22434
35280
35271
22435
22436
22437
22438
35282
22439
22440
22441
22442
35284
35283
22443
22444
22445
22446
35286
35285
22447
22448
22449
22450
35288
35287
22451
22452
22453
22454
35290
35281
22455
22456
22457
22458
35292
34363
22459
22460
22461
22462
35294
35293
34373
22463
22464
22465
22466
35296
35295
34383
22467
22468
22469
22470
35298
35297
34393
22471
22472
22473
22474
35300
35291
22475
22476
22477
22478
35302
22479
22480
22481
22482
35304
22483
22484
22485
22486
35306
35305
22487
22488
22489
22490
35308
35307
22491
22492
22493
22494
35310
35309
22495
22496
22497
22498
35312
35303
22499
22500
22501
22502
35314
22503
22504
22505
22506
35316
35315
22507
22508
22509
22510
35318
35317
22511
22512
22513
22514
35320
35319
22515
22516
22517
22518
35322
35313
22519
22520
22521
22522
35324
34395
22523
22524
22525
22526
35326
35325
34405
22527
22528
22529
22530
35328
35327
34415
22531
22532
22533
22534
35330
35329
34425
22535
22536
22537
22538
35332
35323
22539
22540
22541
22542
35334
22543
22544
22545
22546
35336
22547
22548
22549
22550
35338
35337
22551
22552
22553
22554
35340
35339
22555
22556
22557
22558
35342
35341
22559
22560
22561
22562
35344
35335
22563
22564
22565
22566
35346
22567
22568
22569
22570
35348
35347
22571
22572
22573
22574
35350
35349
22575
22576
22577
22578
35352
35351
22579
22580
22581
22582
35354
35345
22583
22584
22585
22586
35356
34427
22587
22588
22589
22590
35358
35357
34437
22591
22592
22593
22594
35360
35359
34447
22595
22596
22597
22598
35362
35361
34457
22599
22600
22601
22602
35364
35355
22603
35365
22604
22605
29958
22606
22607
35366
22608
22609
30017
22610
22611
35368
35367
22612
22613
30076
22614
22615
35370
35369
22616
22617
30135
22618
22619
35372
35371
22620
22621
22622
22623
35374
22624
22625
31121
22626
22627
35376
22628
22629
31124
22630
22631
35378
35377
22632
22633
31127
22634
22635
35380
35379
22636
22637
31130
22638
22639
35382
35381
22640
22641
22642
22643
35384
35375
22644
22645
31152
22646
22647
35386
22648
22649
31155
22650
22651
35388
35387
22652
22653
31158
22654
22655
35390
35389
22656
22657
31161
22658
22659
35392
35391
22660
22661
22662
22663
35394
35385
22664
22665
31183
22666
22667
35396
22668
22669
31186
22670
22671
35398
35397
22672
22673
31189
22674
22675
35400
35399
22676
22677
31192
22678
22679
35402
35401
22680
22681
22682
22683
35404
35395
34917
22684
22685
22686
22687
35406
22688
22689
22690
22691
35408
22692
22693
22694
22695
35410
35409
22696
22697
22698
22699
35412
35411
22700
22701
22702
22703
35414
35413
34935
22704
22705
22706
22707
35416
35407
22708
22709
22710
22711
35418
22712
22713
22714
22715
35420
35419
22716
22717
22718
22719
35422
35421
22720
22721
22722
22723
35424
35423
34953
22724
22725
22726
22727
35426
35417
22728
22729
22730
22731
35428
34973
22732
22733
22734
22735
35430
35429
34983
22736
22737
22738
22739
35432
35431
34993
22740
22741
22742
22743
35434
35433
35003
34971
22744
22745
22746
22747
35436
35427
22748
22749
22750
22751
35438
22752
22753
22754
22755
35440
22756
22757
22758
22759
35442
35441
22760
22761
22762
22763
35444
35443
22764
22765
22766
22767
35446
35445
22768
22769
22770
22771
35448
35439
22772
22773
22774
22775
35450
22776
22777
22778
22779
35452
35451
22780
22781
22782
22783
35454
35453
22784
22785
22786
22787
35456
35455
22788
22789
22790
22791
35458
35449
22792
22793
22794
22795
35460
35005
22796
22797
22798
22799
35462
35461
35015
22800
22801
22802
22803
35464
35463
35025
22804
22805
22806
22807
35466
35465
35035
22808
22809
22810
22811
35468
35459
22812
22813
22814
22815
35470
22816
22817
22818
22819
35472
22820
22821
22822
22823
35474
35473
22824
22825
22826
22827
35476
35475
22828
22829
22830
22831
35478
35477
22832
22833
22834
22835
35480
35471
22836
22837
22838
22839
35482
22840
22841
22842
22843
35484
35483
22844
22845
22846
22847
35486
35485
22848
22849
22850
22851
35488
35487
22852
22853
22854
22855
35490
35481
22856
22857
22858
22859
35492
35037
22860
22861
22862
22863
35494
35493
35047
22864
22865
22866
22867
35496
35495
35057
22868
22869
22870
22871
35498
35497
35067
22872
22873
22874
22875
35500
35491
22876
22877
22878
22879
35502
22880
22881
22882
22883
35504
22884
22885
22886
22887
35506
35505
22888
22889
22890
22891
35508
35507
22892
22893
22894
22895
35510
35509
22896
22897
22898
22899
35512
35503
22900
22901
22902
22903
35514
22904
22905
22906
22907
35516
35515
22908
22909
22910
22911
35518
35517
22912
22913
22914
22915
35520
35519
22916
22917
22918
22919
35522
35513
22920
22921
22922
22923
35524
35069
22924
22925
22926
22927
35526
35525
35079
22928
22929
22930
22931
35528
35527
35089
22932
22933
22934
22935
35530
35529
35099
22936
22937
22938
22939
35532
35523
22940
35533
22941
22942
31118
22943
22944
35534
22945
22946
31149
22947
22948
35536
35535
22949
22950
31180
22951
22952
35538
35537
22953
22954
31211
22955
22956
35540
35539
35149
22957
22958
22959
22960
35542
22961
22962
31361
22963
22964
35544
22965
22966
31364
22967
22968
35546
35545
22969
22970
31367
22971
22972
35548
35547
22973
22974
31370
22975
22976
35550
35549
35167
22977
22978
22979
22980
35552
35543
22981
22982
31392
22983
22984
35554
22985
22986
31395
22987
22988
35556
35555
22989
22990
31398
22991
22992
35558
35557
22993
22994
31401
22995
22996
35560
35559
35185
22997
22998
22999
23000
35562
35553
23001
23002
31423
23003
23004
35564
35205
35373
23005
23006
31426
23007
23008
35566
35565
35215
35383
23009
23010
31429
23011
23012
35568
35567
35225
35393
23013
23014
31432
23015
23016
35570
35569
35235
35403
35203
23017
23018
23019
23020
35572
35563
23021
23022
23023
23024
35574
23025
23026
23027
23028
35576
23029
23030
23031
23032
35578
35577
23033
23034
23035
23036
35580
35579
23037
23038
23039
23040
35582
35581
23041
23042
23043
23044
35584
35575
23045
23046
23047
23048
35586
23049
23050
23051
23052
35588
35587
23053
23054
23055
23056
35590
35589
23057
23058
23059
23060
35592
35591
23061
23062
23063
23064
35594
35585
23065
23066
23067
23068
35596
35237
23069
23070
23071
23072
35598
35597
35247
23073
23074
23075
23076
35600
35599
35257
23077
23078
23079
23080
35602
35601
35267
23081
23082
23083
23084
35604
35595
23085
23086
23087
23088
35606
23089
23090
23091
23092
35608
23093
23094
23095
23096
35610
35609
23097
23098
23099
23100
35612
35611
23101
23102
23103
23104
35614
35613
23105
23106
23107
23108
35616
35607
23109
23110
23111
23112
35618
23113
23114
23115
23116
35620
35619
23117
23118
23119
23120
35622
35621
23121
23122
23123
23124
35624
35623
23125
23126
23127
23128
35626
35617
23129
23130
23131
23132
35628
35269
23133
23134
23135
23136
35630
35629
35279
23137
23138
23139
23140
35632
35631
35289
23141
23142
23143
23144
35634
35633
35299
23145
23146
23147
23148
35636
35627
23149
23150
23151
23152
35638
23153
23154
23155
23156
35640
23157
23158
23159
23160
35642
35641
23161
23162
23163
23164
35644
35643
23165
23166
23167
23168
35646
35645
23169
23170
23171
23172
35648
35639
23173
23174
23175
23176
35650
23177
23178
23179
23180
35652
35651
23181
23182
23183
23184
35654
35653
23185
23186
23187
23188
35656
35655
23189
23190
23191
23192
35658
35649
23193
23194
23195
23196
35660
35301
23197
23198
23199
23200
35662
35661
35311
23201
23202
23203
23204
35664
35663
35321
23205
23206
23207
23208
35666
35665
35331
23209
23210
23211
23212
35668
35659
23213
35669
23214
23215
31358
23216
23217
35670
23218
23219
31389
23220
23221
35672
35671
23222
23223
31420
23224
23225
35674
35673
23226
23227
31451
23228
23229
35676
35675
23230
23231
23232
23233
35678
23234
23235
31505
23236
23237
35680
23238
23239
31508
23240
23241
35682
35681
23242
23243
31511
23244
23245
35684
35683
23246
23247
31514
23248
23249
35686
35685
23250
23251
23252
23253
35688
35679
23254
23255
31536
23256
23257
35690
23258
23259
31539
23260
23261
35692
35691
23262
23263
31542
23264
23265
35694
35693
23266
23267
31545
23268
23269
35696
35695
23270
23271
23272
23273
35698
35689
23274
23275
31567
23276
23277
35700
35405
35541
23278
23279
31570
23280
23281
35702
35701
35415
35551
23282
23283
31573
23284
23285
35704
35703
35425
35561
23286
23287
31576
23288
23289
35706
35705
35435
35571
23290
23291
23292
23293
35708
35699
23294
23295
23296
23297
35710
23298
23299
23300
23301
35712
23302
23303
23304
23305
35714
35713
23306
23307
23308
23309
35716
35715
23310
23311
23312
23313
35718
35717
23314
23315
23316
23317
35720
35711
23318
23319
23320
23321
35722
23322
23323
23324
23325
35724
35723
23326
23327
23328
23329
35726
35725
23330
23331
23332
23333
35728
35727
23334
23335
23336
23337
35730
35721
23338
23339
23340
23341
35732
35437
23342
23343
23344
23345
35734
35733
35447
23346
23347
23348
23349
35736
35735
35457
23350
23351
23352
23353
35738
35737
35467
23354
23355
23356
23357
35740
35731
23358
23359
23360
23361
35742
23362
23363
23364
23365
35744
23366
23367
23368
23369
35746
35745
23370
23371
23372
23373
35748
35747
23374
23375
23376
23377
35750
35749
23378
23379
23380
23381
35752
35743
23382
23383
23384
23385
35754
23386
23387
23388
23389
35756
35755
23390
23391
23392
23393
35758
35757
23394
23395
23396
23397
35760
35759
23398
23399
23400
23401
35762
35753
23402
23403
23404
23405
35764
35469
23406
23407
23408
23409
35766
35765
35479
23410
23411
23412
23413
35768
35767
35489
23414
23415
23416
23417
35770
35769
35499
23418
23419
23420
23421
35772
35763
23422
35773
23423
23424
31502
23425
23426
35774
23427
23428
31533
23429
23430
35776
35775
23431
23432
31564
23433
23434
35778
35777
23435
23436
31595
23437
23438
35780
35779
23439
23440
23441
23442
35782
23443
23444
31609
23445
23446
35784
23447
23448
31612
23449
23450
35786
35785
23451
23452
31615
23453
23454
35788
35787
23455
23456
31618
23457
23458
35790
35789
23459
23460
23461
23462
35792
35783
23463
23464
31632
23465
23466
35794
23467
23468
31635
23469
23470
35796
35795
23471
23472
31638
23473
23474
35798
35797
23475
23476
31641
23477
23478
35800
35799
23479
23480
23481
23482
35802
35793
23483
23484
31655
23485
23486
35804
35677
35573
23487
23488
31658
23489
23490
35806
35805
35583
35687
23491
23492
31661
23493
23494
35808
35807
35697
35593
23495
23496
31664
23497
23498
35810
35809
35707
35603
23499
23500
23501
23502
35812
35803
23503
23504
23505
23506
35814
23507
23508
23509
23510
35816
23511
23512
23513
23514
35818
35817
23515
23516
23517
23518
35820
35819
23519
23520
23521
23522
35822
35821
23523
23524
23525
23526
35824
35815
23527
23528
23529
23530
35826
23531
23532
23533
23534
35828
35827
23535
23536
23537
23538
35830
35829
23539
23540
23541
23542
35832
35831
23543
23544
23545
23546
35834
35825
23547
23548
23549
23550
35836
35605
23551
23552
23553
23554
35838
35837
35615
23555
23556
23557
23558
35840
35839
35625
23559
23560
23561
23562
35842
35841
35635
23563
23564
23565
23566
35844
35835
23567
35845
23568
23569
31606
23570
23571
35846
23572
23573
31629
23574
23575
35848
35847
23576
23577
31652
23578
23579
35850
35849
23580
23581
31675
23582
23583
35852
35851
23584
23585
31678
23586
23587
35854
23588
23589
31681
23590
23591
35856
23592
23593
31684
23594
23595
35858
35857
23596
23597
31687
23598
23599
35860
35859
23600
23601
31690
23602
23603
35862
35861
23604
23605
31693
23606
23607
35864
35855
23608
23609
31696
23610
23611
35866
23612
23613
31699
23614
23615
35868
35867
23616
23617
31702
23618
23619
35870
35869
23620
23621
31705
23622
23623
35872
35871
23624
23625
31708
23626
23627
35874
35865
23628
23629
31711
23630
23631
35876
35781
35709
23632
23633
31714
23634
23635
35878
35877
35719
35791
23636
23637
31717
23638
23639
35880
35879
35801
35729
23640
23641
31720
23642
23643
35882
35881
35811
35739
23644
23645
31723
23646
23647
35884
35875
23648
35885
23649
23650
23651
23652
23653
23654
35887
23655
23656
23657
23658
23659
23660
35890
35888
23661
23662
23663
23664
23665
23666
35893
35891
23667
23668
23669
23670
23671
23672
35896
35894
23673
35897
23674
23675
23676
23677
35898
23678
23679
23680
23681
35900
35899
23682
23683
23684
23685
35902
35901
23686
23687
23688
23689
35904
35903
23690
35905
23691
23692
23693
23694
35906
23695
23696
23697
23698
35908
35907
23699
23700
23701
23702
35910
35909
23703
23704
23705
23706
35912
35911
23707
35913
23708
23709
23710
23711
35914
23712
23713
23714
23715
35916
35915
23716
23717
23718
23719
35918
35917
23720
23721
23722
23723
35920
35919
23724
35921
23725
23726
23727
23728
35922
23729
23730
23731
23732
35924
35923
23733
23734
23735
23736
35926
35925
23737
23738
23739
23740
35928
35927
23741
35929
23742
23743
23744
23745
35930
23746
23747
23748
23749
35932
35931
23750
23751
23752
23753
35934
35933
23754
23755
23756
23757
35936
35935
23758
35937
23759
23760
23761
23762
35938
23763
23764
23765
23766
35940
35939
23767
23768
23769
23770
35942
35941
23771
23772
23773
23774
35944
35943
23775
35945
23776
23777
23778
23779
35946
23780
23781
23782
23783
35948
35947
23784
23785
23786
23787
35950
35949
23788
23789
23790
23791
35952
35951
23792
35953
23793
23794
23795
23796
35954
23797
23798
23799
23800
35956
35955
23801
23802
23803
23804
35958
35957
23805
23806
23807
23808
35960
35959
23809
35961
23810
23811
23812
23813
35962
23814
23815
23816
23817
35964
35963
23818
23819
23820
23821
35966
35965
23822
23823
23824
23825
35968
35967
23826
35969
23827
23828
23829
23830
35970
23831
23832
23833
23834
35972
35971
23835
23836
23837
23838
35974
35973
23839
23840
23841
23842
35976
35975
23843
35977
23844
23845
35886
23846
23847
35978
23848
23849
35889
23850
23851
35980
35979
23852
23853
35892
23854
23855
35982
35981
23856
23857
35895
23858
23859
35984
35983
23860
35985
23861
23862
23863
23864
23865
23866
35987
31677
23867
23868
23869
23870
23871
23872
35990
35988
31692
23873
23874
23875
23876
23877
23878
35993
35991
31707
23879
23880
23881
23882
23883
23884
35996
35994
31722
23885
35997
23886
23887
23888
23889
35998
32403
23890
23891
23892
23893
36000
35999
32413
23894
23895
23896
23897
36002
36001
32423
23898
23899
23900
23901
36004
36003
32433
23902
36005
23903
23904
23905
23906
36006
33107
23907
23908
23909
23910
36008
36007
33117
23911
23912
23913
23914
36010
36009
33127
23915
23916
23917
23918
36012
36011
33137
23919
36013
23920
23921
23922
23923
36014
33801
23924
23925
23926
23927
36016
36015
33811
23928
23929
23930
23931
36018
36017
33821
23932
23933
23934
23935
36020
36019
33831
23936
36021
23937
23938
23939
23940
36022
34459
23941
23942
23943
23944
36024
36023
34469
23945
23946
23947
23948
36026
36025
34479
23949
23950
23951
23952
36028
36027
34489
23953
36029
23954
23955
23956
23957
36030
35101
23958
23959
23960
23961
36032
36031
35111
23962
23963
23964
23965
36034
36033
35121
23966
23967
23968
23969
36036
36035
35131
23970
36037
23971
23972
23973
23974
36038
35333
23975
23976
23977
23978
36040
36039
35343
23979
23980
23981
23982
36042
36041
35353
23983
23984
23985
23986
36044
36043
35363
23987
36045
23988
23989
23990
23991
36046
35501
23992
23993
23994
23995
36048
36047
35511
23996
23997
23998
23999
36050
36049
35521
24000
24001
24002
24003
36052
36051
35531
24004
36053
24005
24006
24007
24008
36054
35637
24009
24010
24011
24012
36056
36055
35647
24013
24014
24015
24016
36058
36057
35657
24017
24018
24019
24020
36060
36059
35667
24021
36061
24022
24023
24024
24025
36062
35741
24026
24027
24028
24029
36064
36063
35751
24030
24031
24032
24033
36066
36065
35761
24034
24035
24036
24037
36068
36067
35771
24038
36069
24039
24040
24041
24042
36070
35813
24043
24044
24045
24046
36072
36071
35823
24047
24048
24049
24050
36074
36073
35833
24051
24052
24053
24054
36076
36075
35843
24055
36077
24056
24057
35986
24058
24059
36078
35853
24060
24061
35989
24062
24063
36080
36079
35863
24064
24065
35992
24066
24067
36082
36081
35873
24068
24069
35995
24070
24071
36084
36083
35883
24072
36085
